sample_id,label,crest_dB,near_peak_ratio_pct,amp_kurtosis,max_flat_run_samples,block_crest_median_dB,LRA_proxy_dB,DR_top20_dB,macro_std_3s_dB,onset_mean,onset_peak_to_median,onset_kurtosis,attack_rise_dB_per_ms,crest_low_60_250,crest_high_2k_8k,flux_kurtosis,flux_p95_over_median
A_005851d35e74,2010s,12.438163115250305,0.0006944444444444445,0.23334973324060826,1.0,10.46725,5.80291919708252,8.706883,1.9015203,0.5724274,7.419185009067301,18.589592590869916,0.03418345996311733,16.666187168141597,21.327297056532913,5.705812969920608,2.1677182368328682
A_00da4bf97034,1970s,15.63208666427807,0.0001388888888888889,0.5488259367739463,1.0,11.822138,4.4086749076843255,11.239422,0.84618574,0.5806201,12.231796408657665,12.465255044733615,0.06114893477538536,14.194970105006206,19.564639589352332,7.378045013294701,3.0643218604941094
A_00fe7d91fa9e,2000s,12.196885241288463,0.1725,1.835854275481731,6.0,11.091015,9.119350624084474,9.699728,1.867762,0.48530844,11.859997875284712,19.139769614794293,0.043137927568087014,15.459348865850746,21.560716179966576,2.2438628477102665,2.3679488141434955
A_01187f95b6e3,2000s,9.755270278411999,0.6904166666666667,0.21087489981789087,55.0,9.771323,3.0038446426391587,8.354519,0.46050358,0.7420893,12.584898993984435,3.961472908774434,0.06564881126085917,13.96723403986489,20.07643601379974,3.8313516067207836,2.8728013969931543
A_0150a99e15f9,1980s,11.292585983925056,0.34555555555555556,0.9458354247752014,19.0,11.201609,3.6674670219421373,9.715124,0.49094358,0.7848839,14.458934895593032,9.206300310826155,0.08276883978043159,17.000579018093642,18.29790692737627,5.851631964074366,2.788312785678237
A_015eea117945,1990s,13.084450339571141,0.043055555555555555,0.8703084484084207,8.0,12.506791,4.07290744781494,11.073803,0.747146,0.78940517,21.29054846948481,8.308409843827437,0.07589710126787223,16.20747143446399,21.569657052144265,1.633883132702886,2.9491437652009513
A_01e71b223d20,2010s,10.071422291861762,0.617638888888889,0.39426628035693456,54.0,9.910285,6.975672769546509,7.371102,1.4040822,0.73438245,24.651137451917023,12.862880286449998,0.055594459124233414,17.46442079427882,30.848594698034407,3.6113386666142775,4.12277011689081
A_02124fd24618,1960s,10.59601252025596,0.47111111111111115,0.7262722532636254,48.0,10.675425,5.255787944793701,8.621082,0.73634046,0.7245989,14.484598432824464,11.82119261139604,0.06822196347870096,16.22633859706448,19.616427383328077,2.1194170879649503,2.831266751303558
A_026786cd4e65,2000s,10.226626864838149,0.5504166666666667,0.3476779923471627,37.0,10.424049,2.8615217208862305,8.861096,0.53246564,0.605367,13.23397511282163,15.519755028550247,0.0567110114578807,14.40127677781569,20.50141360188151,6.499593359028108,2.422927582387606
A_026d5f06b246,1970s,15.691492653861056,0.005416666666666667,1.4486096253187588,4.0,11.532936,6.576865673065187,11.570896,0.9800051,0.6326806,18.280154432666368,17.158917167178167,0.05236874736272371,13.068516966411904,22.50207224369673,5.69356044354446,3.1312135993888295
A_03420e019421,1980s,16.173075338243454,0.0008333333333333334,2.3661072144829687,1.0,13.32159,4.915751838684081,13.258007,0.7448041,0.90023136,19.097581704253148,11.468031170034616,0.09397167126337685,18.155587594283165,20.26946748196635,9.980853519980672,3.582317453840546
A_0342d96f41bf,2000s,12.8180589232365,0.002638888888888889,-0.03032705174865491,3.0,9.867969,4.9242012977600105,8.852709,0.5667351,0.6439465,25.118467016176794,12.812757688066265,0.0600099175035461,13.199747945453893,22.36428668452022,5.0626568516870005,2.6213107410949275
A_034713407b89,2010s,9.11657231123174,0.4577777777777778,-0.335808729056295,17.0,9.100589,1.4774058341979988,8.515406,0.395472,0.5656958,10.578696985164587,12.804123510393097,0.030837351481119796,11.53782726722127,17.722468559590595,1.5373218027127553,2.0727653386720517
A_03c848a771d2,2000s,12.960171447551534,0.09861111111111112,1.2480367905816188,17.0,12.779672,3.5227729797363274,11.601106,0.5916641,0.7698344,14.170768308176184,9.765039796339403,0.08338286849168632,15.82814303651083,21.82144946996574,5.346606276368092,3.005992057064403
A_03fb0aa71026,1980s,17.59509465184305,0.0011111111111111111,3.695900626076458,1.0,12.735645,11.107257652282714,11.077819,2.2272916,0.8353611,19.81329767726069,9.157204006043466,0.08678048732953195,16.062167062478313,26.147860550482605,6.274785456790061,3.398280488889941
A_0432a0619fed,1970s,14.886184465550205,0.030138888888888892,2.480738751926114,7.0,13.967143,5.290742015838621,12.284396,1.0667422,0.7374455,15.966799511481701,7.186738568655329,0.10874650970458984,18.841247362926026,20.652131450904406,1.822408660902135,3.0921939703040597
A_049ee9e1f448,1960s,14.943501659839765,0.021805555555555557,2.088458118625452,3.0,13.320338,7.643568992614744,11.889842,1.3181852,0.6774971,14.418327363828675,11.74112587887476,0.08299787946045399,16.097787537340388,20.067100366699165,2.230827211267611,2.8507158117444815
A_04dab7ec8f2f,1970s,11.121408118978772,1.1458333333333333,2.048307903165151,19.0,10.827595,4.1095657348632795,9.628082,0.5313552,0.67133236,14.732084223623119,9.596846573318329,0.06688914076702014,15.158182096142793,23.010140961879426,1.8148507650983898,2.9191230734960443
A_054e7d84888b,1960s,13.57368118792182,0.01986111111111111,1.1177502141830136,6.0,11.904918,6.54263162612915,10.733298,1.1070184,0.8143463,21.512623477857495,7.393443653197211,0.08438632234930991,14.108511518278366,19.887800580393538,3.3434204812108748,3.7521694525791216
A_059ba5dbf9bd,1970s,10.664900363851213,0.8681944444444445,1.1076411652327085,25.0,10.621304,3.6531488418579112,9.342221,0.5892168,0.64474916,16.466279051381708,8.281179140155794,0.0747628895244243,15.590281115800815,16.870517722053926,5.549114948149459,3.2587725221987016
A_05a5dd80637c,1980s,8.312869178541368,1.9781944444444446,-0.04559645668756929,17.0,8.506179,2.4928573131561267,7.16423,0.19942024,0.56188154,4.378586374670465,4.8743578318691245,0.04790532384993713,14.169686442297007,16.346244923624216,2.890993226166957,2.1840846023161395
A_05b1b464bd73,1960s,15.089344397366725,0.018611111111111113,2.226182866933806,2.0,13.020151,8.564262866973879,11.828861,2.1719372,0.67055064,11.570076990304223,11.409332476181632,0.06254236242196856,15.27793477922704,20.382618035228667,0.9548695326206622,2.9623143868425905
A_05d549ab5037,1970s,18.21089896183233,0.0004166666666666667,2.109172869486919,1.0,13.044955,6.808749771118162,11.977762,0.8726228,0.74842894,12.919282416695594,5.121214959618332,0.07037063779654326,16.245924802978372,20.93318393037997,6.723221066276858,3.237610642678105
A_064b4b2bc9c6,1990s,9.050773932087388,0.8058333333333334,-0.04821978400360649,12.0,9.028484,1.670601654052735,8.244494,0.3114277,0.62241745,6.35503295903218,4.149769069017075,0.04037290777139996,15.742591399210593,12.967814970340863,0.9281327569790232,2.013502589941566
A_06b19c8d2019,1960s,15.902987223883805,0.0005555555555555556,2.254368123544239,1.0,10.034803,12.244800758361816,9.136544,2.8487253,0.5762335,11.8141098772488,19.460605613438247,0.06508803367614746,16.017508538692297,25.54099663981541,10.63957206465574,3.9102249539753435
A_0706aff17cdc,2000s,9.826938815190157,0.6408333333333334,0.21087932830512335,15.0,9.871343,2.5324632644653313,8.627865,0.46873933,0.6329191,5.723768484862251,3.4123102601574464,0.046607060096970764,12.756856427039176,19.595203225708282,3.735925737469426,2.2064603339586233
A_073650a2501a,1980s,19.353829520751372,0.002638888888888889,7.585656449963569,4.0,12.533619,22.542961502075197,13.479311,7.37462,0.5778859,26.25690954713721,24.19545707263013,0.07298669631664569,18.983711968219254,23.228340688871757,29.275368048082278,4.5018074640465695
A_07861f0345ff,2010s,7.36241538158146,3.0123611111111113,-0.3585579025884793,49.0,7.3826303,2.1407087326049803,6.429054,0.39112857,0.5822067,7.762542394557758,9.86591371812878,0.03442285236559416,11.54712861276396,17.01234709533252,3.2255710789531067,2.257570556026005
A_079911a1ae22,1990s,17.743241618388478,0.0006944444444444445,1.763131578129041,1.0,10.930178,8.443364334106446,12.223658,1.5014255,0.56515026,12.321375151977346,19.96594470569548,0.051130979299545284,13.610561151285722,24.796425946299106,8.288363705174786,2.8033423625532854
A_07b87773aaec,1970s,11.491429926576997,0.23375,0.599235552422023,56.0,10.854982,5.432440853118894,9.305146,1.1663631,0.5911643,15.45225502049812,19.396532914570273,0.06120388786843483,14.707220459355135,24.908679211755988,15.38795598509531,2.3863326004523437
A_08891db167cb,1990s,10.904071167053019,0.8008333333333333,1.265350342337281,43.0,10.7676115,2.6578231811523434,9.582077,0.56250626,0.6084829,7.642179175338919,11.475485424348912,0.06947720737457276,14.206114973655502,17.97784529624008,5.231913824272715,2.748265384609598
A_08f477a3e6be,1980s,15.30530036859449,0.0061111111111111106,1.0582513542313006,1.0,13.563026,4.811166000366212,12.34957,1.0582746,0.6657687,17.880819551943702,20.79823946902994,0.08373017687063952,16.912221293653953,20.70709114177706,5.029104884999429,2.7698237062764113
A_09298e6b818b,1960s,14.403783855854698,0.007916666666666666,1.1621301672281366,5.0,12.162466,8.657922267913817,12.093404,2.7753775,0.5338359,12.321544521420567,6.3663566464426875,0.057080231026599274,13.721273707420577,20.26095749465134,1.4085856229719358,2.541817298673277
A_096fcd1997b8,1970s,18.870979200949712,0.0004166666666666667,1.559163304852075,1.0,12.986326,4.124674987792968,13.164158,0.75529367,0.67964655,9.974244841261344,5.323515464045952,0.05426014752063936,13.476580791253493,22.926783329443992,6.001604219470062,2.823063532398911
A_09ff15e196ca,1980s,13.902602834125663,0.03333333333333333,0.8776292985933027,23.0,11.862804,3.93562650680542,11.707341,0.65709317,0.6429924,21.771374442438876,11.150725532089526,0.07112431102699333,17.253388863774774,23.37002012552581,7.596872904830214,3.848087253140411
A_0a1281ebc9da,2010s,10.283770779282408,0.7916666666666667,0.845578033411452,41.0,10.286961,8.708098363876342,7.8399005,1.0941873,0.8239811,14.696917001348625,12.53200458074233,0.07752282507051296,17.963788776955774,18.940382372091637,3.5813998889153673,2.7111851583208235
A_0a2f0a3f2bc1,1980s,13.824967510815386,0.009722222222222222,0.576474474815464,6.0,11.804631,3.4745489120483395,11.1978445,0.8703406,0.53670657,18.966442052292365,8.33227656285142,0.05047949058532715,14.600978607410276,22.50240605302322,7.1085024484384665,2.8259540642896055
A_0a7b59de1a3d,2010s,9.770790359786547,1.2430555555555556,0.5830404641407818,76.0,9.705662,3.0351271629333496,8.488778,0.4272874,0.69292593,12.632884729238251,8.78227034632203,0.07149207588529935,16.21197790105529,20.79229975373192,8.891330621856763,2.799217881915047
A_0a9b899cfb69,1970s,15.838637809503197,0.002916666666666667,1.0008547241861976,3.0,12.461233,3.1556747436523445,12.538713,0.3460512,0.6270997,11.088092244847918,5.579999257337111,0.05655508018854096,14.720698982813351,18.80515275701466,8.074334482954756,3.0041577995072033
A_0b4f0f57c755,2010s,11.762258193050842,0.10902777777777777,0.5232774147666102,48.0,9.538044,7.472721958160399,8.699718,1.0205284,0.5480924,24.13070455497436,23.884998200162503,0.054292508870705775,13.336590721994522,30.240410273644244,3.105429248695158,3.4960921975951167
A_0b5f56bdf87e,2000s,19.659936493779654,0.00125,5.14432486104802,1.0,12.84186,6.95877914428711,14.142648,2.145989,0.74063754,13.918419409070776,5.264020265067215,0.07623844260036355,15.4105720341197,24.794581436948498,2.6838024098085294,3.1242055494498997
A_0b70dda3bc5e,1980s,9.995428620300512,1.6475,1.3375928116557452,16.0,10.71504,9.474452686309816,6.8900557,1.6514623,0.7338473,11.606834428609355,8.40367273116805,0.07157630353573932,16.757339714106994,21.136304536393254,1.1303905089347577,2.9119259031810536
A_0b98cf841e7a,2010s,9.113510899631711,1.483888888888889,0.37149244751252253,28.0,9.111409,6.773468112945555,6.8253818,1.6526022,0.5420752,14.976373628990771,8.138266550766053,0.043515529219559805,13.05501322636405,24.01408237271359,0.9100966443849852,2.4354299664128543
A_0be7ffd60b3f,1960s,9.020483871114756,1.477638888888889,0.35595353212721603,21.0,9.489473,6.93665623664856,6.2632155,1.1759336,0.7531956,17.29647407261485,10.493266045461114,0.053824228742848264,14.518470164924196,17.367914108956853,1.4316163632003756,2.583485978210559
A_0bfc2e0dc317,1960s,16.20218248003246,0.0008333333333333334,1.229980619041326,2.0,12.403882,6.963299179077145,11.327926,1.1455307,0.85494626,16.09071659795858,6.887745270311109,0.08583638620655439,14.940075892871567,19.715020125021187,3.3881509784405193,3.0748661685076564
A_0c11c7f15411,1960s,16.304222699337082,0.0004166666666666667,1.9259689079870803,2.0,12.123042,9.06520538330078,11.392365,1.7977024,0.70940906,16.446498660751576,11.370298553372368,0.05762251236399667,15.148692070778099,17.509540057141237,1.7705321303570756,3.1634303422675742
A_0c79a6949eef,2000s,11.560379589228258,0.5298611111111111,1.4832126048612313,53.0,10.115458,8.049245309829711,8.551107,2.338234,0.6227339,14.430678892183105,17.45034357992797,0.04872682863924684,15.382492568262839,20.55529087268882,11.765402796929896,2.6250245188514705
A_0cd736a88827,1970s,13.283970278803162,0.6955555555555556,4.544086514158999,58.0,13.205775,4.497278499603272,11.602426,0.71532226,0.88158023,20.94212313761566,12.827661538066337,0.11781927640746238,17.871283844782543,21.75331865715024,12.448416929220521,4.270467764480912
A_0cefa767424e,2010s,6.52354212971008,3.7804166666666665,-0.6637996277340856,28.0,6.5033073,1.0900658607482914,6.033762,0.16709061,0.5643757,4.105389290325975,5.5087194186899655,0.03338408900265718,12.133937800998307,16.737815414995083,3.2057701115866317,1.764945497008033
A_0d788060bcfc,1970s,14.12425007508562,0.0008333333333333334,0.09624128825982403,2.0,11.019347,4.30400276184082,10.332596,0.69232416,0.5605621,7.787936096469529,11.66124502388231,0.03596257840032163,14.92451517800763,21.442660647119503,3.67971428272567,2.020519394157086
A_0dc01c3d2b25,2000s,12.434205431928879,0.044722222222222226,0.534792018556066,7.0,11.365662,3.2341120719909657,10.86622,0.5132316,0.96218103,12.563904954986121,2.811688498466898,0.055895716593815724,12.407560889954617,19.019762955481074,2.4726412985529835,3.207228822236365
A_0dd5d2139f51,2000s,10.446197346266782,0.47194444444444444,0.3830711146306487,27.0,10.36652,3.9777199745178233,8.807814,0.64847016,0.6094898,9.266144705906836,10.05015342984418,0.04949009943008423,14.864680407458248,18.509760406772834,7.333783844574889,2.2500372611021273
A_0e0a3ef243b4,2010s,12.439614730924141,0.021111111111111112,0.3953681103777926,19.0,11.374228,5.445855712890625,9.949836,1.0595617,0.6426612,13.159961382683191,15.626933115118945,0.05898529293091317,13.392750926679328,22.27811669461054,5.338014565025791,3.074128652382555
A_0edeb8084c08,1980s,18.082130673811555,0.0004166666666666667,3.4614656145183584,2.0,12.325815,7.806203460693361,11.699541,1.9386874,0.7000706,12.578087198373426,6.814966637419147,0.0755671922550645,14.491537262189448,22.067359781268795,5.532044873482359,4.294805742213339
A_0f87650b6e80,1990s,20.137001155228358,0.012222222222222221,10.664438053694768,4.0,14.094593,16.671287631988527,14.223798,3.2202454,0.7378438,17.501883036602287,11.332690851382692,0.09794016095458484,19.335286365885263,29.7881414997174,7.106747830766707,4.5698947398165135
A_0fcdfeb474be,1960s,13.57992788627475,0.0025,0.4068157549887115,1.0,12.309999,2.851855659484862,10.997522,0.45372486,0.6693434,9.0282925707715,3.96639114934227,0.06127864295914329,13.26657769800025,19.363987819041345,1.284859321462065,2.208241540838445
A_0fe5fe9677fc,1970s,15.212496815905894,0.006388888888888889,2.386409288325055,2.0,13.568981,3.967666530609133,13.171627,0.4319669,0.84901017,15.610421493410737,6.791592301394678,0.10308847141914626,16.655649390981417,19.285677252726778,6.045857457779764,3.8971964063834106
A_0fe74a88aced,1990s,14.354487179428538,0.04041666666666666,1.8545691927334653,12.0,12.53104,6.496815776824951,11.465344,1.8545703,0.5814331,34.83583179777699,10.580835392038841,0.09027786516961249,16.122006565913843,21.508685385117552,8.617634171999564,4.25450692182998
A_107c54306062,1960s,9.112811679996145,0.8852777777777777,0.03791793755365491,25.0,9.035789,3.4342155933380125,7.735092,0.91665864,0.72542167,11.723704902360048,11.255576631358174,0.04839364439865638,14.391255949192816,16.728878574514994,1.01664766695004,1.9391828373931683
A_118f744ac146,2010s,9.907166799116064,0.9051388888888888,0.4351760283645332,36.0,9.9746685,2.272917175292969,8.918631,0.33107427,0.5253065,7.512263184904563,9.481509420585397,0.0621802123661699,14.481626998945924,17.519930893861797,10.455782165171552,2.423367157170278
A_1193651847bc,1990s,15.250899772863107,0.0009722222222222223,0.8322330809428609,1.0,11.806247,4.7936664581298825,11.544556,0.7747429,0.6204513,20.18797609453745,18.528734820108777,0.061775355868869355,15.466249837333494,26.238138510199526,15.798848612321223,2.865564238957547
A_11cf9bb0e37f,2010s,10.889742383795594,0.25,0.3904482185311937,12.0,10.836438,3.374237537384033,9.48755,0.9101743,0.65589654,13.570227563177133,6.247354725829471,0.053320120449723875,15.416908358517103,19.108291240159904,2.94836534925492,2.486095386917678
A_11ed811d5509,2000s,7.728800805897529,4.1738888888888885,0.1203810600103079,77.0,7.6625724,2.2696208477020265,6.699698,0.3820602,0.79120797,11.560459551150922,5.024072643177961,0.0715361564646485,12.698362826089264,20.011707126435287,2.1678864103006044,2.699270999577162
A_11faf9dbd03f,1990s,9.623469667522048,1.008888888888889,0.3084376944024636,49.0,9.894756,3.4158314704895023,8.144125,0.4433933,0.7331638,16.47884051366459,15.68561759935417,0.07210553114874321,14.532913099183581,20.932150756082336,2.152593797638734,2.57755782666701
A_1213d50f32c7,1970s,22.173459598072657,0.0006944444444444445,15.454372488472213,2.0,12.382353,19.458527183532713,12.780988,4.570987,0.69896656,10.993411680624016,5.386857349826142,0.1377749881276324,20.602037442671246,26.68372452618553,27.575914148145134,7.349737745041272
A_12408e5bd014,2000s,15.382725142544064,0.020833333333333336,2.3733094601694953,11.0,12.643184,8.504115200042724,11.991233,1.2208449,0.8911026,29.19968171451498,8.175262983923822,0.10045131774306985,17.85659857681809,22.70072293420749,7.522315207735282,3.9990592926536994
A_1246d08c81a2,1960s,13.134568256933973,0.005277777777777778,0.38371427103400446,4.0,10.582778,5.469003391265867,10.146644,1.3650337,0.67778724,12.869276849814065,5.337956785774297,0.07633649991290405,12.447762509615046,22.76420959443052,1.6504997414540048,3.1579677323846074
A_126bc2e3bb3e,1990s,18.145287088271154,0.0006944444444444445,2.6236483222041365,2.0,13.542158,7.387179565429687,12.256664,1.5838258,0.6566195,19.405098777800664,15.895130346156044,0.06506358491806756,16.858386873548984,24.856709363269616,12.230453730999916,3.222138050159522
A_12ade0194de1,1990s,16.70570364539177,0.0002777777777777778,1.0250665467432931,2.0,12.27184,5.2309101104736335,11.870854,1.3798884,0.701855,11.364274285676737,4.681477078448061,0.06934833877715306,14.289494891554092,18.994290982782772,4.406243936843941,4.244638360013552
A_1381b89f12cb,2000s,11.031415858542248,0.36986111111111114,0.8093297295742579,34.0,10.987463,4.115241432189942,9.245416,0.36132026,0.7048848,32.33802981082086,36.68772957420572,0.08727432647383357,15.652558006491342,20.19717319272681,3.405938341662603,2.6957976784797175
A_13cd859b9c83,1980s,14.8509989615953,0.0008333333333333334,0.7706258453324439,1.0,12.9067745,3.978886604309082,12.006154,0.66230243,0.78211087,8.389218437897071,3.3222449312809843,0.06581326069370393,13.379297078781683,20.973107162453175,0.43991252480934806,2.0498516111883136
A_142dffd4106f,1990s,12.536607777069463,0.19222222222222224,1.1029776033207037,55.0,11.947702,5.329532718658447,10.417815,0.7955174,0.6682999,19.515108233979664,22.84493655005685,0.06696401411836797,16.578541832579585,22.57175066513362,12.062153176472457,2.6275160376498228
A_145c20809e66,2000s,9.427306826400617,0.42361111111111116,-0.039679212917397955,17.0,9.258706,5.907492017745971,7.5726557,0.45941487,0.6739456,7.101216466899832,4.038291847594269,0.05034226885656031,13.307059806948866,23.167936886226933,2.698506101886462,2.39847561033048
A_14731ac48d58,1960s,10.81602267094898,0.20486111111111113,0.12319779143209386,40.0,10.442482,3.254251384735106,9.532858,0.58276606,0.77088916,10.946689435623318,6.3467538331111815,0.0580317003454938,16.450526815555666,15.321723409101144,3.60791877633738,2.3553164804638684
A_14f7c95c4673,1980s,16.90529783156827,0.005833333333333334,2.711942223012838,4.0,11.9721775,11.535474205017088,11.639987,1.6994559,0.62536097,13.505455289631955,10.103428460664992,0.0639991003672282,18.457282674091566,25.80470086441072,4.255830249508359,3.4289148093210784
A_14f918d07bea,1990s,15.467108917882388,0.0005555555555555556,0.27155863403970804,2.0,11.856645,3.6273678779602037,11.703792,0.7017879,0.63378197,12.504056958458788,8.61700067318629,0.04369800369694547,14.267506255080246,20.63228293823102,3.1329440291713286,2.4369229457773525
A_157477c1c60f,2010s,9.07844641865861,1.1140277777777778,0.05409705654760488,71.0,8.943597,3.327039670944215,7.677075,0.7654681,0.66551596,14.072370245924628,12.212749589079703,0.05052339632680097,13.09192315174201,19.412084495192595,7.6886766397584925,2.2411290634664973
A_15982acd1459,1970s,9.432463624136613,0.6143055555555555,-0.002591821919177839,18.0,9.510363,1.810575008392334,8.566457,0.22701845,0.57010055,4.779913487598294,5.303072954769844,0.05248364488064255,11.692781538371944,14.888945610427333,0.9024866557385245,2.0232696935117307
A_15c1705e2dcd,1960s,16.492153987786597,0.0005555555555555556,1.0914684825338998,2.0,12.362144,6.599259185791013,12.148374,1.547483,0.7397147,10.127996489570279,6.183649751800424,0.06438677180440802,16.12219863626984,19.900643205858877,2.668705473203178,2.70552342600912
A_15c534debce7,1970s,16.820591141176788,0.0004166666666666667,1.5762151152137207,1.0,13.774462,4.046772575378419,12.8242,0.804496,0.97430325,34.291553935383746,7.31011963086093,0.10207554888080908,15.87113885361008,21.40959519041209,4.176671220455783,3.5452507919679452
A_16090d382393,1990s,13.332238462000376,0.014861111111111111,1.1116996139703952,4.0,12.314846,4.7926759719848615,11.489419,0.5709376,0.6623394,10.335474292191028,5.253340322521039,0.07606782228806439,14.83270406437711,16.223783446519683,2.5640190589132823,3.2828328427828652
A_163b6c4c1599,2000s,6.696414133936186,4.390555555555556,-0.5319929800849605,41.0,6.7139955,1.1230651378631586,6.1689687,0.23350257,0.59937733,7.504299349705693,11.053864827357785,0.03376469573134896,11.378276254745952,17.033404404808785,1.2425459814200943,1.6848517546978203
A_166bfcbd0997,2000s,12.189664049717969,0.12513888888888888,1.004583133993325,10.0,11.323673,6.258216285705567,9.673316,1.7711698,0.7397931,22.514210179570146,24.634477594847528,0.08049528332938134,14.053900111270037,24.073565936125604,4.3046035207147835,3.138659982671084
A_1690b1856d70,2010s,8.136538246184376,1.856388888888889,-0.20332519982517816,50.0,8.198238,2.489652681350708,6.9447227,0.7988164,0.59543145,10.640001205875263,8.446636305583558,0.04270819413034539,12.480257068417677,16.585814949706982,2.3747258828979794,2.2496833163400844
A_1696e5dfb8fb,1980s,12.692780397489608,0.18930555555555556,2.0757521692889576,12.0,12.264754,8.724974250793458,9.519394,1.3619746,0.5995445,13.967765373013457,9.510430715108635,0.09041418700818193,15.40018680808124,25.684508640738766,7.281818464389499,3.6856714609912338
A_16ed41a745c0,2000s,7.859407043209211,3.044027777777778,-0.01699330005585109,97.0,7.7978706,3.2672286987304675,6.540718,0.6617777,0.6922414,15.932575741251101,7.15472668667646,0.05226246988489514,14.557096210165824,21.617322313133084,7.953140567136524,2.3674940528259647
A_17372fd3b204,1970s,17.70042971102042,0.0002777777777777778,1.439266587482968,2.0,12.366065,6.463263320922852,11.7848215,1.1742318,0.73841983,24.796570276299807,9.372401495080101,0.07002417141878152,15.974934690880012,26.108208043693967,7.3600842212465505,3.1883547636594574
A_17bba0528727,1990s,15.432379308728168,0.0020833333333333333,1.1039663964227255,3.0,11.3660755,8.295365524291991,10.752654,1.7434257,0.566845,9.055273240202965,13.288236864224952,0.05274886810027801,13.73930155101783,24.61544224552049,5.073741561505555,2.741186156818354
A_18031d34c59a,1970s,11.14629247053075,0.44875000000000004,0.8921168201127605,25.0,11.218152,3.2546249389648434,9.824566,0.47421345,0.94915426,14.242979901769685,3.574069964184849,0.08958221609696097,15.593915215387788,22.759865865658014,2.5482131988696004,4.621596981945568
A_180369df289f,1970s,12.957385913742105,0.07486111111111111,1.2244428975479646,7.0,12.597099,3.2294431686401364,11.453158,0.65700644,0.7871556,15.38993977921326,8.079476449878934,0.09083286417447604,13.774234822012136,20.059907344888764,3.293315747434388,3.1698242318724827
A_1809e0cc9a48,1970s,16.158820593456433,0.0004166666666666667,1.054867910461037,1.0,11.823733,6.394118499755857,11.821973,1.0183402,0.56838363,9.79126604160567,10.226415551491884,0.04894078925803855,15.112168955526204,19.010726269265433,4.872422049177548,2.570842689149142
A_1860de76cfea,1970s,10.094729088012635,1.1193055555555556,0.8591863051218374,26.0,10.289165,5.611139249801636,7.9734898,0.985923,0.6346227,16.835847210937505,19.544925303270592,0.07426977479056025,17.004311521146295,21.227953021831077,5.3950069362884605,2.4716431384990663
A_18a2033210de,1980s,13.706032192267537,0.05,1.5670044012799895,10.0,12.904058,4.325588512420653,11.9438305,0.7932512,0.8244728,23.394962756142977,12.507554133100436,0.10331920645453714,15.194811069591939,21.77445718049708,2.5590826494807217,3.220754928020602
A_1947b57714b5,1990s,8.09757928784277,3.2793055555555553,0.2155275269679806,42.0,8.358893,3.9861468315124515,6.3498964,0.94177246,0.86289644,17.615777263146818,8.692698351989696,0.07133158562978108,14.393749217550749,19.357329614808435,2.0094474174799037,2.799998028577159
A_198e3bee141e,1960s,16.527889839563002,0.0008333333333333334,1.3359488681392309,2.0,12.904269,4.521719646453855,12.7996235,1.1136127,0.71404374,7.667590804309979,2.743952555508919,0.05549603076313817,13.287145013112205,25.88440997706015,2.4382635755390014,2.7796692497231175
A_1993dc03c2d8,1980s,11.661537173180859,0.19763888888888892,0.571759449403884,12.0,11.729567,2.340381908416747,10.62652,0.37472376,0.614086,8.402614761993336,8.448700554438025,0.06195088092803956,15.10580976092306,19.511692776497632,7.044731422151598,2.252700938015291
A_1a3185eca0d3,1970s,11.767680560171257,0.10333333333333333,0.3950189644665829,13.0,11.039227,3.8372158050537113,10.175293,0.96914595,0.85862523,15.692385285740796,9.100851737702815,0.06180973512785776,13.524551703221777,23.45623911050372,2.2541848734459133,2.4842279406301215
A_1a4598fe5b79,1960s,16.136323936243347,0.0011111111111111111,1.307410375637672,2.0,12.4014845,6.829198360443115,11.397955,1.2366217,0.68439996,11.934851921878893,9.489915555257566,0.07086912470415604,15.246789895909599,21.107054580424307,1.8394625924997694,2.311283572812692
A_1a61ffafb995,2010s,10.069923594627882,0.34111111111111114,0.18423809469128694,14.0,10.056126,4.47193775177002,8.277236,1.1986115,0.7544001,9.7795992475895,3.3751310117183175,0.04886801492364913,15.886862020677935,21.038741801175703,1.4661062123353403,2.251611791672558
A_1a645011c456,1960s,11.729169549229521,0.6752777777777778,2.081748960319076,19.0,11.322012,9.686203289031983,8.321851,1.2830998,0.7715818,16.465969737541453,8.798499711045867,0.07891629299195874,14.307493265662327,22.49823432982318,4.091087015628395,3.2626751737033897
A_1a648a67f08a,1990s,8.927792151798325,3.4770833333333333,1.1826886089723043,94.0,8.986174,10.608381080627442,6.1369624,0.45280114,1.0913862,21.000657275528017,24.70657173496567,0.1385287015117816,14.43868508508893,28.026491967000492,5.729380931067553,8.349281273373531
A_1abd9b959bc3,2000s,11.480574400175017,0.7595833333333333,2.0411852767310474,79.0,11.938786,12.566332054138185,8.0647135,2.20338,0.94689816,33.486477509909896,23.951569387471515,0.10856265267871675,19.072980042141168,24.254024129093224,11.393165446598013,5.1804006311061075
A_1ae934e551d8,2000s,9.839278637499442,0.75375,0.3557430044151335,25.0,9.775976,5.815726566314696,7.825011,1.4451134,0.6234537,19.888135833996316,12.387228950043497,0.04661654447987132,13.676998645064637,21.228762709134642,1.5601317645398192,2.3947152214993466
A_1b48079fc397,1970s,17.161544362751716,0.0005555555555555556,1.164106521171731,2.0,12.096119,6.42636070251465,11.683954,1.6139183,0.63598275,13.789260333771589,10.168386410501425,0.06509568736359879,15.385448747507972,22.925028579097756,3.678516010189151,2.7639208145090715
A_1b662e9b3442,1990s,15.86762847762002,0.014305555555555556,1.9952606475605084,4.0,12.068903,5.794474220275877,13.0946865,1.1338664,0.5625405,21.115170464650554,40.67986032191508,0.07121638407472704,16.162975565864947,22.802879359965118,21.16252910323656,2.3704136567314342
A_1b7120c93219,1960s,14.75372924239036,0.05666666666666667,3.348061903931412,4.0,13.386699,10.718676471710204,10.716111,2.4356523,0.70993024,13.73474242791586,6.535889944340658,0.07131822344329622,16.468432351738123,19.087071731485622,3.288262543099619,4.2852610186857
A_1b91768913b4,1960s,13.987219709493381,0.005694444444444445,0.8157746318015646,2.0,12.800019,4.976961994171145,11.180973,0.8852329,0.7295211,14.140642775021561,10.473491061963493,0.055587978968544616,15.07779345017628,19.96557353652612,0.6168660533487289,2.3060849837042205
A_1b981601e719,2010s,11.839768914812469,0.36583333333333334,1.2785610125990114,47.0,11.952859,2.6282478332519528,10.66812,0.52451074,0.80862725,10.576136625709433,3.426876107759294,0.07300996470333908,14.95455531438198,17.680542744783896,6.771899066528171,3.385930076328014
A_1b9da773f39b,2000s,11.021846428281782,0.09833333333333333,0.19549745196537938,18.0,10.814935,1.924650955200196,9.916877,0.3152889,0.78884953,13.327945211358202,7.491910561720786,0.0668038046514833,12.83760373979862,22.38919825882613,2.942283690574583,2.8262324088548523
A_1c0a9fe010eb,1970s,16.652786841636473,0.0002777777777777778,1.0876199097122452,1.0,12.960065,4.46406478881836,12.021845,0.4873735,0.688242,12.429601388202727,9.648069513031361,0.07962768405231077,15.041054331032775,19.217418656982613,1.9993517296752783,2.592229964106773
A_1c49a75a0692,2000s,9.00354328949658,0.8844444444444445,-0.19414653887580702,63.0,8.683031,3.973069429397584,7.389088,0.7793441,0.6176799,18.544514604033985,17.64487779203611,0.05225856237724179,12.109886297175148,21.277954459858737,10.193752164568343,3.4354866550820606
A_1c5cf5d97a58,1970s,17.607107443280725,0.0004166666666666667,1.8480504134055469,1.0,13.937229,3.7029632568359396,13.5143585,0.5147055,0.6863307,12.045075441972118,7.753544648248193,0.07729354884000432,16.824307415652626,19.654020665075556,8.318790209858948,3.011339464297011
A_1d048fe0ec2b,1980s,16.516670682767764,0.0006944444444444445,1.760729432025185,1.0,12.051846,7.80637340545654,11.826882,0.8824765,0.5963133,8.345158597093318,5.952658056742955,0.0503596868253734,13.417181253606392,23.075096774134472,1.1045964400413997,2.5013830369184613
A_1d42e9754244,2000s,9.243037385398122,1.4816666666666667,0.473022206169023,35.0,9.72312,7.46032462120056,6.7269187,1.4095945,0.65343636,13.190175948664566,17.651873187307707,0.05305999878609533,15.6597715964381,20.023136735685117,3.5924607149056866,2.424229329061764
A_1d5193babd15,2010s,7.866696624557286,3.0306944444444444,-0.052787507693990765,55.0,7.859369,2.6601781368255617,6.8399153,0.49159253,0.6899583,20.901022533466723,19.94606747622156,0.06308317490057512,13.725601420493103,22.28020986305033,4.4781410378401985,2.8211969868378044
A_1de714ba4d99,2000s,10.818746832908342,0.3451388888888889,0.479815187730686,26.0,10.796837,2.5678244590759274,9.65709,0.3639016,0.7214283,15.393082880929246,13.586613816630333,0.05770174411748418,15.130300017669724,20.274662588954477,7.101113545699983,2.3331799120972874
A_1df34a065f96,2010s,6.267873812897941,6.19125,-0.5753773855008437,60.0,6.3195925,2.0429525852203367,5.35743,0.45687163,0.6378727,10.200103653698724,12.484035425371102,0.04204972587312971,11.38992088412469,17.954416776439917,1.0919167898200506,2.0349816097849933
A_1e13da355565,2010s,8.466913074669572,1.6772222222222224,-0.04070688366003372,47.0,8.430643,2.7902458667755132,7.358601,0.3829047,0.8057957,10.334896991883207,5.548293771950057,0.0531253267031664,13.493540265859329,21.363384394238388,1.435853866201703,2.2290805622654015
A_1ecf5cae157c,2000s,13.65895326092265,0.011111111111111112,0.526517916275258,7.0,12.259052,2.017904663085938,12.048706,0.19651435,0.5551716,5.353116190655413,7.5176613622448265,0.052141513564369905,14.80031773517955,15.998007684829286,5.858087216164954,2.0320002369142656
A_1ee15b2d2341,1980s,14.421694271311047,0.004722222222222222,0.9471343642023173,8.0,10.770923,9.60077486038208,9.598522,1.4915931,0.6259508,9.62761747334702,9.317056392562245,0.07448555112795066,18.26036329314727,19.99957757623458,6.975898255665461,2.725208901821759
A_1f2ac1eabf69,2010s,10.916641348909646,0.05694444444444445,0.034630334422471876,6.0,10.571477,4.205734825134277,9.285096,0.37115443,0.6469175,9.394145792217047,6.877084751625915,0.048836531866164434,12.250260624673889,17.09010560663572,1.4759038540469973,2.2629067664736144
A_1f2bd082a5d4,1980s,16.282079387542794,0.00375,2.5889160599053653,3.0,12.434227,9.6360161781311,11.132462,2.6799855,0.7570392,16.99471953189695,8.017862376859316,0.06529307038992042,14.245490762438184,22.259125534278276,8.687458305552887,3.0071732320937783
A_1f51f0d0b381,2000s,11.76585065944878,0.2694444444444445,1.6093881038767561,12.0,10.78352,13.22051582336426,8.831591,1.2544447,0.6751006,15.22553701378267,18.792275736164566,0.07775448024272918,17.00132427097222,20.691591919281084,0.7562176393870752,3.2145085915765654
A_1f5ff7b68cb3,1970s,14.20216008023878,0.002638888888888889,0.7648322222363948,4.0,11.291933,3.134156799316404,10.650391,0.3162969,0.7620946,35.338113960377605,6.898286488316039,0.1187760475205212,13.481338065181319,28.10232507437873,7.013814424197209,7.794139898254338
A_1fd77559e4ba,2010s,9.115516479179552,0.9730555555555555,0.04261986148959318,23.0,9.021001,3.4033178806304933,7.9690394,0.994506,0.62806094,6.478210905231621,4.887137863081491,0.03449942360983955,14.055490886599669,17.92828706853765,1.0136538113704967,1.791892470984339
A_1fda9f323a8a,1980s,18.907493664311467,0.0008333333333333334,4.0562324623671095,1.0,13.481842,9.212401008605955,12.780716,2.3736012,0.64536697,29.275264701273564,20.99593680579319,0.07314375321943681,18.498514749650266,28.907610018616392,11.723792799842503,4.115127390380771
A_1fed01f54a46,1990s,9.669118287599705,0.6084722222222222,0.16805086278570425,18.0,9.581176,3.8854994773864746,8.314165,0.6455408,0.57952,13.50283555386468,16.5339963047212,0.03725646359579904,14.702678710029232,17.84469657994298,4.959268469939565,2.455213012750309
A_1ff42c9a836b,1970s,15.916055785777845,0.0015277777777777776,1.6567213407329442,2.0,13.148474,6.673538589477539,12.0642185,1.0760477,0.74716353,15.222835305284475,8.265011496085412,0.08538132439798383,17.24524507804771,22.508765131202694,3.741059158123056,3.400129503890966
A_20107ac183b9,2010s,15.495253695389192,0.005416666666666667,1.5351954858655645,3.0,10.770253,9.701889419555663,10.817266,2.5203886,0.62941694,12.971894222688187,10.82820829260259,0.05443771168805551,13.095685264928306,23.68899989775165,2.535853997812038,3.36480948954698
A_201ab7f51714,1990s,12.6581410563648,0.06888888888888889,0.7689364819320446,16.0,12.280494,3.0196413040161136,11.173173,0.51662767,0.7021821,22.64749162270525,15.592138170520151,0.07752856354380763,16.936793065333493,21.76012351573611,7.220191136644505,2.990247876153939
A_202712fc8ed3,2010s,9.297822538400442,2.2529166666666667,0.9009419855414742,79.0,9.105919,3.8614543914794925,7.748775,0.56625324,0.8459385,14.744683310682582,7.799890311282356,0.08510881814360619,16.624629694689222,19.210364591765178,4.30282019599884,3.074423748131234
A_202dc1dfdbb9,2010s,10.344460883198424,0.36138888888888887,0.27573273686030664,11.0,10.307501,2.3599538803100586,9.329783,0.42063153,0.69318503,7.982058270267628,3.994181340857587,0.060672451431686814,17.68082016287956,16.420398469936888,2.6180236214707087,2.403598688243733
A_217ad948ec8e,2000s,10.463010568278762,0.23694444444444443,0.18708434277066166,18.0,10.39678,2.0935393333435055,9.647256,0.52979916,0.69657177,6.096731448865027,3.086243977017661,0.053845296600955224,13.9198086801348,19.926044529018778,1.1519807168448715,1.9039323104761796
A_21bb6a366872,1960s,13.31722472468341,0.007083333333333334,0.6718519779917544,4.0,11.274248,4.7147939682006825,10.557435,1.0773498,0.6464222,16.22005926261715,15.06790480309743,0.06011300104004996,14.503291562550622,21.703886546190425,2.867801201159163,2.8351887814175534
A_21c0fc2efc3f,2010s,11.624235010409217,0.25569444444444445,1.095673578412521,31.0,11.417432,6.416148471832274,9.1236725,1.1903318,0.78579503,14.872509845374621,8.04554107750485,0.06720396991819144,14.341784776562582,21.73797062082478,1.9051264992493335,3.1075041539443653
A_21dab9bd19f9,1980s,11.95945672373243,0.14430555555555555,0.8567018206766002,8.0,11.376568,5.450186824798582,9.785618,1.4413527,0.60219806,9.050666996574234,22.70982878269676,0.058171236429895676,14.193741383450288,17.42935273423049,2.70002719681478,2.482213979701509
A_21f4e21df87c,1960s,13.361728609940684,0.035833333333333335,1.2777342492726609,16.0,12.567432,5.229959869384764,10.885556,0.5417544,0.75335443,31.54868212011414,35.746120979676114,0.11540292268846092,15.496349838024988,16.285724839636146,4.007805638896254,3.486102411094798
A_21fbfdca2745,1960s,12.801145440373231,0.0001388888888888889,-0.10947622917112199,1.0,10.795435,2.4657305717468248,10.327854,0.6187481,0.60121816,6.756056664466234,6.030983065946289,0.034296344960673464,11.71398077999917,14.631863064453675,-0.008427345697168853,1.6151493623249698
A_22074eba9aeb,1960s,11.942062217754302,0.06999999999999999,0.49365191413220977,11.0,11.524962,4.549658679962159,10.189228,0.67615616,0.6858319,15.419804232295428,16.648336446909603,0.05972131935630259,16.258740152177857,18.96859927726809,2.12236981362887,2.058717022223147
A_223df7ff31ba,2000s,8.429089291081812,1.7854166666666667,0.039684246213463226,48.0,8.674686,3.6779065132141113,6.802895,0.34693006,0.78157634,10.070625764294464,4.403481977321628,0.06585642065677343,12.116822411551423,22.498660656367985,2.4135426770706356,2.4815162534410473
A_229fb0e5fe60,2010s,10.786683099454399,0.5858333333333333,0.9214209219320169,54.0,10.55325,3.7066354751586914,9.291659,1.2296734,0.77147824,12.18597434688912,5.517435680652085,0.09856803282569435,14.617330718950791,21.53931162709741,3.8947308004137646,3.310249608343765
A_23930045152f,1990s,19.759832628946008,0.0002777777777777778,3.874031309025912,1.0,16.530373,4.147640037536622,15.655087,0.47251245,1.186214,27.2945059031169,2.4863959418381842,0.12800836460649476,15.474484505663836,22.707041189299616,1.5761870537239258,3.9212244209946925
A_23965cb2e260,1960s,10.363758013638028,1.0290277777777779,1.0804552610312275,16.0,10.845403,8.579066562652589,7.2596345,1.2935495,0.6413776,7.728190580618896,6.507637446768625,0.055985447505424765,13.452565388030687,18.777420453484453,2.132195356364636,2.3805697892843725
A_23976258c883,1960s,13.094239596917127,0.009166666666666667,0.5836532657502924,7.0,11.273432,6.1525590896606435,10.297271,1.1404706,0.6467247,11.82244406223634,15.589942073093788,0.05165645300331763,15.44890902966052,19.765054031226278,2.0080088511746865,2.7489052820472613
A_23d45fee58f3,1980s,9.289088388367826,0.9091666666666667,0.0691155455472221,27.0,9.208024,3.021712684631347,8.091625,0.43630466,0.69452673,17.007919553564502,8.211146677456474,0.05693095066070557,12.831970222574055,19.707456964246887,2.5726507339370484,2.636313786587008
A_23f9df9ebe3f,1960s,12.27448003149646,0.020416666666666666,0.16242092629900773,8.0,11.260187,3.6882345199584954,10.549974,0.810825,0.6803051,12.078893609235907,9.412411037004855,0.06018885399267925,14.869111911970723,19.84007287817336,1.935671695113263,2.5095036702401976
A_240341328f8d,1970s,12.398186297829206,0.010833333333333334,0.41331281785256113,4.0,11.454571,4.069149398803708,10.417615,0.7108695,0.62201816,11.496749642409927,12.312589873517783,0.06804545077208046,13.974313036741346,18.180401894252856,5.003590477512589,2.7446682667727726
A_245160d62477,1990s,12.888802284525235,0.2236111111111111,1.8744653845249335,8.0,12.026498,8.316040134429933,9.8968935,1.4575984,0.66844714,17.215984007935045,40.10971959537911,0.059328682536170595,17.095421887921855,21.63480089580306,4.198729679512483,3.182040265487072
A_248c85e89068,2000s,15.906388594162381,0.012222222222222221,2.880608515776869,4.0,14.44113,3.6637734413146976,13.81809,0.48088723,0.8416492,30.478624609338965,7.7180883170331,0.11269480660644889,15.713721671140815,19.245317122735333,4.862804925816408,6.212814591223489
A_252063888d3e,1960s,12.380792735839243,0.06194444444444445,0.9245442363301728,15.0,11.987708,6.108518505096436,9.7251835,1.1556025,0.7376,23.49673842370622,13.831609027163719,0.08105401559309525,16.79859366034103,19.163703311527815,0.1892336360718243,2.1914738639488163
A_2618b7859fa5,2000s,8.498531427145892,2.067638888888889,0.11377523259500899,48.0,8.438074,2.199933862686157,7.592819,0.35421464,0.6790432,17.118558714255933,17.437414259384727,0.07387076229725069,13.697329586117245,18.87308892698446,5.167968100114646,2.4881336014103748
A_26c397e8806c,2000s,10.056512857530684,0.7604166666666667,0.4902924139411784,24.0,9.8308935,3.4372592926025387,8.750739,0.59271336,0.78004867,15.7115482255266,5.669793691367026,0.0689314840699984,13.806257165091134,25.46226028761522,2.2502328628271293,3.7436239393750963
A_26debac95a58,2000s,10.770412840015808,0.3630555555555556,0.5241470776268908,13.0,10.862712,4.072096729278563,9.141391,0.32750878,0.6282629,9.158428954699229,11.732516475371007,0.04647869511473952,15.261158643860972,17.01843179829433,6.8897761705996885,1.9288509851891404
A_274ca53745ff,2000s,7.66823296703161,2.020833333333333,-0.36140723290174614,20.0,7.664176,1.6080591678619385,6.9480433,0.29028994,0.62006813,6.922003558376329,7.104471506416571,0.04222388480083052,11.601439945085566,19.06389313838814,3.7072257656979923,1.858437328753999
A_27bc168cec7c,1970s,10.942851911804702,1.021111111111111,2.1154999941403867,5.0,11.563178,11.235644483566281,7.4897914,1.1532402,0.6522682,11.95171647781439,12.393356292859922,0.10195465742063918,19.069732067898737,18.48188680855376,4.9051839720876,3.378745904451834
A_27d2bc1477df,2010s,7.689427838779479,2.775138888888889,-0.18623372864104004,26.0,7.5677996,4.343287467956542,6.1694837,1.1057018,0.67000365,15.608858135867962,12.820542152726762,0.04793429410085083,13.386066455898096,21.36322532790803,1.6200340046927257,2.210692269578712
A_28b21bd52cfa,1980s,13.166525516331362,0.08791666666666667,1.2156027831778342,20.0,12.218069,4.599327850341796,11.179641,0.6994805,0.72461104,13.522670433481768,8.949671175896679,0.06574707669225233,15.803735370361062,23.002960928779814,5.4421770732111785,3.1021014038192627
A_28b911eb8fac,1970s,16.161257434318784,0.009305555555555556,1.8002430044816018,4.0,13.660182,9.03254098892212,11.993792,2.502692,0.80322003,28.457414999710412,21.280640359213844,0.10342791511898948,17.71709997969839,20.046938172866184,6.811761816590472,3.800637904377578
A_28e91ecde8b1,1960s,7.515558914028566,2.94,-0.2808414134447683,17.0,7.38915,2.309114694595337,6.5626254,0.37532398,0.70251894,8.17597584640773,6.980659963606049,0.03949416197926165,12.685515637845098,15.935041990093351,0.5714337538965304,1.6732158429238153
A_2974cb82a863,1960s,9.558784874470481,0.8897222222222223,0.37031777676283184,28.0,9.376543,6.13983473777771,7.3995976,1.3678255,0.6525553,15.712183111969578,40.81791730865859,0.059671651027241694,17.618648456089552,21.731154315486986,1.6409722876573456,2.318224502554623
A_2977d9f2a6fa,1990s,15.849333137710563,0.005555555555555556,1.2060627648759086,7.0,13.46741,5.239083003997804,12.855004,1.6245536,0.69081676,22.51729290673646,16.737578652889148,0.07377161246851872,15.459177213724487,20.673281751804154,5.976551097117774,2.6419400274237894
A_29aac8a6fe7b,1980s,15.878301073980138,0.0011111111111111111,0.7963472884968978,1.0,10.9917145,5.719197845458984,10.7466,1.3774405,0.52431184,6.703397097014661,6.897249418150755,0.03747474412449071,14.59554427316729,19.103303735594906,4.999876064723924,2.3699033773208447
A_29c00db87b18,2000s,10.55734993336188,0.3933333333333333,0.6572202622595471,21.0,11.291919,6.349705743789673,7.7746077,1.0547459,0.67867184,12.400409028302631,6.026867653461034,0.06632009474646966,15.445845930182253,20.140958981721404,1.5080087826746924,2.543512455283602
A_29e57173cc3b,1990s,16.448831391506634,0.07388888888888889,4.008174389336276,48.0,11.531684,11.725873184204099,12.056045,2.4076498,0.5477566,39.23534399689604,39.81526435851757,0.08440720064886685,19.327961393555146,24.174181105108595,40.89651598501843,3.581178315097992
A_2a3245d42bfa,1980s,8.815160658377746,1.4336111111111112,0.059117604817692904,24.0,9.096841,3.5473211765289294,7.1131425,1.0387695,0.6369357,7.403401414350684,5.565914701719548,0.05525707009004399,12.828379906286353,18.520366120641164,3.1031916051799175,2.325744043598593
A_2aa1b4ededf5,2010s,19.125052619405288,0.0002777777777777778,2.233946256155523,1.0,10.56893,10.33785591125488,11.697345,1.8621422,0.6534847,15.568711548415136,17.542121348160265,0.07425718005110578,15.893671791329588,26.76115834193677,4.6989052896206776,3.910106325700634
A_2ad921b7b05d,2010s,17.913761269162165,0.045,6.536399128191931,39.0,11.359322,17.33194351196289,10.3084545,4.3512754,0.515424,19.748950499662104,26.591380320424673,0.06417958703759598,22.148843503132216,31.29963092175867,45.34828212329274,5.088665900796097
A_2ae85207a567,1960s,12.937510916255302,0.014583333333333335,0.66878682488518,3.0,11.481046,5.617691516876219,10.319036,1.4726973,0.62947184,9.573032128042017,11.045485859136933,0.05300702110290527,14.622015826827834,17.847422130337044,0.4802015392002734,2.129729412853996
A_2b38a0ea053a,1970s,10.037312642740185,0.3691666666666667,0.0703757573350372,12.0,10.0603695,1.4665371894836419,9.416042,0.21836244,0.6413373,6.216141106537882,5.5574726103025505,0.047828633217584515,13.625702574045881,19.733388750637193,3.4843408169081824,2.0257158037332346
A_2b6556600bea,1990s,14.36377540830644,0.0002777777777777778,0.18189172299239553,1.0,11.79575,2.932367610931397,11.350755,0.4910072,0.7741064,7.283734929254056,2.2839797894331255,0.050210673939829635,13.10109020980994,15.536236382111472,0.996508016136068,2.0169840874247913
A_2bc0261d51f6,2000s,12.602325969465427,0.01875,0.5491387198111677,14.0,10.245258,5.82662467956543,9.70693,1.2766191,0.4857127,13.10054826591945,19.29302264372733,0.05221846256727053,14.02314981039812,28.07865087732261,0.9996857848392904,2.1635240659141464
A_2bd554754826,2000s,10.961131909038357,0.8476388888888889,1.1907956459979312,75.0,10.922698,5.302707386016845,9.0936365,0.91109556,0.64920557,16.701256941261413,15.941870789009048,0.07687148098512128,15.877663598334772,20.32359056980943,12.981456588848811,3.2197717929426286
A_2c87514eeafc,1980s,15.757589823081409,0.0002777777777777778,0.5110582991178938,1.0,12.101797,3.886318588256838,11.4375105,0.63032466,0.6953805,11.119600999337145,2.4257680299530326,0.053920569886552513,16.815352192046536,23.719444697611152,4.32522272572116,2.8969885338004935
A_2d163e70f71b,2010s,12.62477265456114,1.3443055555555556,6.8270096002331435,67.0,15.489544,15.225850582122803,6.5368786,5.5119824,0.7214154,11.938992687332783,5.899597663045315,0.06342937862812564,17.898121260889372,21.196694096008986,19.385753737410763,4.333497013292859
A_2d25b2674114,1960s,12.702536689725871,0.024583333333333332,0.5362761203736648,6.0,11.846742,3.3759445190429673,11.036132,0.5332849,0.76322514,10.591941000379487,8.31721053116069,0.0592966331073216,14.126544000316684,20.255695548626367,0.6535149483777243,2.0548812336107014
A_2d548029b37a,1960s,12.229957198056702,0.015694444444444445,0.28112587988511795,6.0,11.405784,3.2543682098388658,10.383032,0.6837111,0.5927992,7.376153682768025,11.449674139241813,0.04107996452621549,12.102255523714796,14.756328973158437,2.2682685301571235,2.044049006850306
A_2dbc5dc2ecb2,2010s,11.741863877802126,0.6736111111111112,1.7922327539244334,23.0,10.622391,8.247115325927735,8.675318,1.6629758,0.6312879,14.437760670645604,13.04207072280995,0.042017883497571185,14.01482698085993,20.93169494062025,1.9293972078228965,2.5035013094148955
A_2e02143be460,2000s,9.908451369933937,0.75,0.5320254944335079,26.0,9.728719,7.742211055755615,7.245804,2.1122754,0.60285336,15.525924923156467,19.85827430372378,0.05827357965045505,16.60590759678527,20.27692765059204,4.758225776560199,3.342590670525222
A_2e12f07db81f,1990s,12.831975463408504,0.2361111111111111,1.924090556908057,27.0,12.780677,3.992332077026367,11.254071,0.7308635,0.7488301,20.402551773786215,10.711244979200064,0.09366267407458762,16.93951967416878,20.045625138463297,10.191462979951435,3.0441713988985697
A_2e4f86943a20,1980s,14.782781365294653,0.10819444444444444,3.384722131579373,8.0,14.085953,4.570048618316651,12.899865,0.63756734,0.8913662,53.39989729418696,26.433283036550975,0.127940682645114,17.515092610934058,23.906839164639994,7.767558764651728,3.3587611082701083
A_2e655aefe754,1990s,11.21755175279278,0.12513888888888888,0.3249396928422974,4.0,11.116589,3.5134072303771973,9.634638,0.40877682,0.60624033,8.295095290658601,9.865513263200652,0.04069727482861036,13.600176626820836,16.897119394376457,1.096098840068504,1.865849277331063
A_2e684bbf106a,2010s,11.883832902749788,0.2659722222222222,1.1819744074367122,12.0,11.390784,6.876376628875732,9.246655,1.5652236,0.73151815,24.08331453473193,17.172627503099903,0.09387642513150758,13.480451790273394,21.2675128444582,2.8484668239556603,3.2677383707720167
A_2eb88171bd56,2010s,15.305249105234413,0.04861111111111111,3.14905674959191,6.0,13.411749,6.955626678466794,12.1812525,1.4421375,0.7493744,30.553819899628763,17.72484966042335,0.09114947875340781,16.37705444391884,23.07351239348479,4.330816372110255,4.879522921335217
A_2ee9a7ec96a5,1990s,8.387398218863522,1.7906944444444444,-0.06149513637270143,9.0,8.501025,1.8667150020599363,7.420861,0.287554,0.6337317,6.096304142517202,4.8473360585173655,0.031009866816274233,15.996887037537173,17.83111717422523,-0.5472740345223537,1.4503961333273425
A_2ef31c134cdc,1960s,14.647302614150192,0.001388888888888889,0.6225845096784117,1.0,11.050732,4.519523239135744,10.918349,0.94116294,0.59759974,8.624097895419508,5.922110908496416,0.06859566632439108,14.52809906837424,22.48834886498753,3.3563286782761566,3.033352918818312
A_2ef33544447d,1970s,11.981938213572937,0.19013888888888889,1.0286819858286105,17.0,12.171273,5.532823181152343,9.563104,1.2676302,0.817515,18.35945102186274,10.996578892887916,0.07255684462460606,14.824054897949935,19.631652893501723,2.514191174285582,3.1787380778844248
A_2efaff32589e,2010s,10.890503292439188,0.31236111111111114,0.5262015335894388,19.0,11.012565,3.5542237281799327,9.264445,0.6113203,0.67951876,11.004082082938336,5.696514671614411,0.05482336790773881,15.047133778558583,22.01983027376678,1.7047916701760863,2.4342429233256704
A_2f0d5b57fea8,1990s,14.93484012719995,0.023194444444444445,1.1920933739449273,12.0,13.712747,4.160873317718506,12.063346,1.0822644,0.67714083,20.46773922874961,12.046899427129386,0.0692005375328414,17.660915376052397,25.903944078325235,11.728257476741526,3.9298177796778666
A_2f0ee75bc9ee,2010s,10.457281170852818,0.44,0.3655755782131518,27.0,10.151068,3.7766630172729485,8.925503,0.86938894,0.6250893,12.137861477325437,9.235351720964722,0.043238908604009835,16.274012878974084,17.85037142672211,11.100362553820714,2.3158755136865565
A_2f124b7c9541,1980s,16.391105188524957,0.0015277777777777776,1.4326122416684468,2.0,12.8258095,5.362880039215083,11.909656,1.0187962,0.7403554,8.465780123531928,3.6615721309462392,0.0820160400793419,13.37803611790614,21.64589940481875,1.5031905211646066,2.6009331254925137
A_2f34d759c3be,1990s,15.121015312794045,0.008888888888888889,1.155960845516895,4.0,13.904755,3.5639348983764645,12.877692,0.43413582,0.6484373,10.879955649819506,9.305030394371812,0.05951352550137428,16.112488889523412,18.850750691094294,3.1558985596538127,2.4562511452822156
A_2f905f6e662a,1980s,14.741481308822001,0.1540277777777778,4.176682992853835,14.0,12.824702,10.568306064605709,11.094343,2.4468296,0.63694847,14.355987209552552,14.67475451806585,0.06540487366207574,19.55776877550885,21.540245305352794,10.940148324708998,3.5079251709301196
A_2f96fc2bea7a,1980s,15.004250921737416,0.010277777777777778,1.6831371853828436,3.0,14.1239805,2.7965338706970204,12.983313,0.4931832,0.8324497,24.349969398074826,8.446923401325584,0.10370642188433055,14.60421580463755,22.198490199225944,2.925841421030584,3.802398364445742
A_2fccd6a3c493,1960s,16.037147049076566,0.0001388888888888889,1.3504918634946312,1.0,13.065857,4.737982940673827,11.881079,0.90601546,0.73721427,13.251420679954562,7.437780785693832,0.09609032857985723,15.800354920370644,22.343011597708117,1.5786878743064507,2.980035866105208
A_303f19d79868,2000s,8.181504963124807,5.892361111111112,0.9813785796704639,161.0,8.144812,3.4235499858856207,6.9049163,0.39764884,0.8493504,21.081538573281826,7.402672782061181,0.1038552916343576,16.616867303335077,20.271265179001784,2.2971062517901366,5.012636077973088
A_30503a2da54b,1970s,17.79397709225102,0.0016666666666666668,4.133947680163141,3.0,12.081875,14.083477878570553,11.080103,1.7797723,0.677949,34.53308756176888,24.291508536203626,0.13704498171806337,16.096711247463496,26.109449604625645,10.618763358824063,7.3550049823393016
A_305b055f6daf,1960s,15.657839953501119,0.0005555555555555556,1.0214771744045361,1.0,12.205211,4.641817283630369,11.509991,0.8108472,0.60410357,11.683313685229853,6.93488837997341,0.06091890941966664,16.144088076914556,16.1357411286668,2.0006324924634864,2.730255728191141
A_30803633135a,1980s,17.758323012042094,0.0002777777777777778,2.1407439476988523,1.0,13.146297,7.676194572448729,13.229159,1.6257799,0.6104415,12.767380309244745,18.303468767328393,0.06018672861951464,18.383692416392755,24.375666444771426,20.618848150852667,2.598360772891093
A_3089d5552631,1990s,7.965344527110963,2.6030555555555557,-0.08053201507081642,51.0,7.923898,2.3727971076965337,7.0113664,0.32357326,0.642475,10.072229431090628,10.296027539145783,0.053483263757493765,13.859946765632142,19.856178935700424,2.875669145881644,2.2503209066301593
A_30d5ae61415b,1960s,15.30730173665699,0.0005555555555555556,0.8018221638411913,2.0,12.132757,4.129004478454592,11.807886,0.6385798,0.7416416,14.23291673270621,5.333882259019134,0.06957309969009892,13.478915396627087,23.651213711501004,1.4912534576220322,2.720993687628984
A_30f76866cbb9,2000s,7.664140817415901,3.1531944444444444,-0.08231775981447509,40.0,7.678098,2.434285354614258,6.4988055,0.6730202,0.7002822,8.530070495313508,4.9372951721556655,0.05755684402826671,12.231574753964903,18.700377401170456,1.010015703194254,2.645767433592358
A_311cee258a86,2010s,11.493016264561806,0.16375,0.5239051093640974,17.0,10.757568,5.426088333129883,9.494928,1.204296,0.7137345,14.061246852805693,8.668847345878072,0.060664324558601185,15.395167133742053,22.601474961029364,3.6481621312951873,3.379641642547566
A_3156586edd9d,1960s,12.412135022141705,0.29986111111111113,1.8358224271296537,5.0,11.920632,9.413348579406737,9.1928215,2.543495,0.61421305,8.623042217780332,12.360561111227497,0.04917073745576162,18.235026112073022,18.24338531735741,2.1562518322785484,2.7112717856269666
A_31c417c4d18e,1990s,16.997431613276664,0.008194444444444445,1.1085387190902232,29.0,11.187855,4.221218204498287,11.832444,0.7262479,0.8884863,21.657536644404637,6.550936447335626,0.08638979824611119,18.203405207896502,29.239600603287265,10.477102033830114,4.353919797729588
A_320dbca773e8,1990s,19.300497279606343,0.0002777777777777778,3.5168984230072056,1.0,15.014036,4.8154989242553725,14.653624,0.8299886,0.8436703,13.429925233354608,12.155743481091108,0.07763013958190539,17.995663586707597,21.9993746454427,5.635342505939233,2.948051107934644
A_32d4c4c3efb2,1990s,12.922078935709976,0.16666666666666669,1.5599149436759498,22.0,12.743581,3.7464106559753425,11.34113,0.48996377,0.84326303,13.201949864119534,7.463786223223476,0.090246429617812,15.33592923256044,20.321195092050495,2.91993892061173,3.7453078514780285
A_33903ffd3e0f,2010s,15.65371732526156,0.002916666666666667,1.3871474646212878,2.0,11.240086,10.094166851043699,9.806985,2.6948457,0.7306273,10.240643644983061,8.05823143098716,0.05545556870235759,13.546160998120095,19.347890128364973,3.6927523602933077,3.2235204271008433
A_339fc6f2153f,1980s,13.30740805646381,0.024722222222222225,0.8231815361180681,7.0,12.750823,3.8260784149169904,11.715819,0.8330023,0.670935,10.59115122454888,6.29950489919406,0.06497719190206873,16.053447855469393,16.618780612391113,2.975449782424138,2.4177795058263025
A_33e8cfb5e994,2010s,9.15152928295224,2.2849999999999997,0.9292484661694593,102.0,9.116259,9.74848804473877,6.293575,0.6850866,0.7734205,23.30177167986832,19.74179294518891,0.09131761047029005,15.144044699798838,20.643030191990913,5.223082545085198,4.86912162115809
A_3404c74f1e39,1970s,15.268911117956959,0.0002777777777777778,0.812067811721148,1.0,12.442493,4.097453498840329,11.7952795,0.49241734,0.9663879,13.90582145985516,1.9663731104175133,0.06146074438453618,14.019778184578957,20.280238326219823,2.220346824093806,2.4515839225624747
A_3441044be3d6,2000s,10.700679344481124,0.6348611111111111,0.7361447607007996,70.0,10.524555,3.2007498741149902,9.4103985,0.45551357,0.66140777,21.062673706208745,19.397091599164447,0.06755495552969451,14.491236400525272,24.54838428880593,8.022487711587322,2.7843287016070533
A_348f6f352c3f,1980s,16.164300483228203,0.0009722222222222223,2.0930543368919805,1.0,13.376456,4.624482345581054,12.457141,0.44145295,1.0056299,24.033984630628087,7.449083207816702,0.0963553683715459,16.027355862026685,23.28964596568532,4.8614680059680815,4.134432609140193
A_34ae68634618,1990s,9.945578553264774,1.422777777777778,0.8123823997011286,67.0,9.99582,3.358751583099364,8.5483265,0.6855445,0.60845625,7.9480499706059184,9.767595750283444,0.07086504869990878,15.735655358112696,18.362842933084714,7.44852795249626,2.951494099950735
A_34c5f6c278b0,2000s,15.762573836067778,0.03194444444444445,3.4128913999541153,9.0,13.585482,8.611656379699708,11.902252,1.6094948,0.72369176,11.020443110270984,4.238363862624543,0.08230046269278857,16.71172978560891,25.074088709648247,7.648815048837212,3.754960888321456
A_354c1d633c4d,1970s,15.05990922378047,0.02722222222222222,3.4405601262407446,3.0,13.808984,5.685726261138914,13.142731,0.68820757,0.6471803,10.707901251683742,7.826928712281447,0.07468598204690058,15.714349366737624,21.09443087822762,0.8558876797475432,2.6074382471867765
A_3582d8b8cc27,1990s,19.463202269583633,0.001388888888888889,4.8667999967965265,1.0,13.411181,10.481523799896241,12.98021,1.3500168,0.6649156,12.034765338072,14.331816071938327,0.07572345774224463,16.978603936709195,22.038507384292135,4.1131938716623955,2.8730607319272448
A_35e20a31ff2b,1970s,15.081039740940637,0.0005555555555555556,1.0370939762103397,1.0,11.663893,5.495372390747068,11.348817,0.8068081,0.6875307,17.85732561863101,9.482684505353781,0.06056273864977288,13.51256946601951,22.29174067673627,1.4878881981320298,2.9798111071858
A_35e9a9c03b16,1960s,13.703290321649618,0.11624999999999999,1.8675450587842555,5.0,11.902886,5.594128036499024,11.188782,0.9668113,0.571817,10.331235220487676,7.895038460608859,0.06891210558991996,16.10105407590175,19.7891069441134,3.1251878606211774,3.120178746863216
A_363ba3bc3e15,2010s,14.82330019699876,0.03958333333333333,1.784637458175597,22.0,12.295437,8.248795413970946,11.850582,2.3534586,0.7318893,42.752712587568695,20.8545634421158,0.061203042682848485,17.444137652492802,26.123526381600247,11.36601794280505,3.2706059596961468
A_36b707d93251,1990s,17.15098364794776,0.0011111111111111111,2.9119108152993345,2.0,12.493544,11.592614364624023,11.743243,2.7270021,0.6929858,17.215114699356636,8.88336405837437,0.07272337286812919,17.643393910374186,21.4677547218676,4.7902018334590215,2.7451046968429837
A_36c020952d96,1990s,12.185222411849667,0.32541666666666663,1.6768585831240372,8.0,12.123432,3.606809616088867,10.683229,0.76839113,0.69382334,6.1827576420471315,2.4276171931364976,0.05704842902719975,17.277972943013054,19.92427128389483,1.8824065415721245,2.3709042916583405
A_36ed27775a3f,2000s,6.988259553567787,3.935416666666667,-0.4253083014182928,29.0,6.9075375,1.7023260593414307,6.2931643,0.30761516,0.66497403,8.585987108420152,9.272247485481032,0.040313011118859966,12.556513006703648,19.218050617856353,2.515125575567625,1.8987155267705467
A_3721a20d16e0,2000s,13.299833196297563,0.13069444444444445,2.2622146947322435,33.0,11.508211,10.471443843841552,9.544552,1.7873211,0.73381835,33.903495174384645,7.809883961292613,0.08696751538029424,14.910543654780527,25.355597032383415,13.032572787208242,4.541781621922377
A_37237673fb60,1990s,14.272855273316747,0.004166666666666667,0.33909462677828106,2.0,12.847319,2.1191602706909176,12.42031,0.42895457,0.5996322,7.571049010400092,11.894042942504385,0.049944502487778666,13.449157783597759,18.378146836123392,3.736780552418929,2.002212593113736
A_376aa4e01df7,1980s,18.02658951987582,0.0005555555555555556,3.7357510383460992,1.0,12.460096,13.23406648635864,12.554982,3.0034354,0.6484894,20.25579929470102,18.4286441060684,0.06756489152000064,21.230788758105344,20.936622665250745,5.646072012354891,3.7139145825552493
A_379edb761d48,1970s,18.937715346538894,0.0002777777777777778,3.3942042790841844,1.0,14.086281,9.857854843139648,13.281219,0.8903891,0.85737884,19.714576880634603,7.621779866903275,0.14760041960354506,19.89605983421642,21.504817951804736,2.8482412631850353,2.9473165755541073
A_3856cb20612b,1980s,9.719301084152635,1.1777777777777778,0.5709629681472514,88.0,9.785672,3.9352600097656243,8.161251,0.47709647,0.6667885,13.673125342506742,9.511766119480834,0.07283204981388937,13.733068546308019,18.56296898774098,3.9762054499121504,2.8593042609449513
A_3890c2f7fe28,2000s,12.816239483183253,0.1938888888888889,1.7754321235296784,33.0,12.980764,5.080601596832274,10.46499,0.7597667,0.7633638,17.377683463258307,7.992353427530663,0.10037252173704259,14.816213122871613,22.754724997838764,3.468544315045624,3.6596840359680756
A_38b6d0467bda,1980s,15.075431452039012,0.056388888888888884,2.16989927051353,4.0,14.332962,5.194585227966309,13.304912,0.8060547,0.72672695,16.63362908367242,9.176464767796395,0.06255866982963648,15.933062788978335,24.519083545059082,9.272578629734383,2.916231554686305
A_39a6f2c94963,1970s,17.614712886609254,0.0002777777777777778,1.2598736385178784,1.0,12.609913,4.572539329528809,12.46834,0.7706257,0.63605994,14.03316570730063,5.220927159625013,0.06196678449321725,17.66421066503146,21.980995963915092,7.934474116376052,2.8197751899951515
A_39c67e6be8a5,2010s,8.339050553218136,1.0631944444444443,-0.33104916093680536,45.0,8.273984,2.17978949546814,7.3974276,0.44008705,0.6217222,8.20134645020484,11.262560083208333,0.04040852734020778,12.189672350981681,18.280148639733415,4.535089053973598,2.122747326011615
A_39e19c223ea0,2010s,9.121914807173075,0.9384722222222222,0.04344494102098606,34.0,9.101819,3.2497000217437737,7.7066436,0.8794242,0.69426346,14.958212239678092,13.290693478455193,0.04533022165298463,14.299645487812509,19.421863563180157,2.2938709493019447,2.0298830723755286
A_3a0b1aeb63fe,1990s,19.364082262233183,0.0004166666666666667,2.4673249575659666,1.0,12.477034,8.347857475280762,12.476209,1.2543554,0.7517766,24.56587541501153,8.379532374675554,0.07157749231238114,16.733491166202633,24.492021919379205,9.01548753283209,3.25185775492298
A_3a628169b865,2000s,12.540643325007592,0.13486111111111113,1.5755419807844175,10.0,11.244285,11.490776443481444,9.449899,1.4872055,0.56274486,14.429204895159293,16.481516357137718,0.050458853976561295,15.870744706019607,23.15042772331035,4.494717272805085,3.095731373539925
A_3a961ab1ad32,1980s,11.363658446452417,0.33375,0.975597048411903,16.0,11.318161,3.8850872039794915,9.886472,0.5222127,1.0303051,22.832283020928617,5.8291226613959015,0.08848071367433756,13.812326533570786,19.125509237084795,1.1289863128753037,3.1332649523772327
A_3aab380afe9d,1970s,16.555392684961266,0.00125,1.3998318747411709,2.0,11.502804,5.685786247253418,11.307113,1.2379388,0.7490109,10.296983638292982,3.6549636625432047,0.058140879716390766,17.07718542461531,24.751183045201845,6.031735795865673,2.7572204980254296
A_3ab7bb2fe06c,2000s,6.844992099370203,4.154999999999999,-0.476844978637156,51.0,6.7009563,1.7987055301666262,6.1437435,0.42843598,0.55240244,10.043993991540908,18.883544706258085,0.03477337940533956,13.111674882539686,15.863915546335251,4.335816224099508,1.900771868602869
A_3b9283b09e86,2010s,19.84830735459727,0.001388888888888889,3.884644782044348,4.0,11.231827,13.054769515991213,11.36273,2.165169,0.4875511,16.382829492114027,24.534143127732225,0.10575404280483133,17.633969188416184,27.461408723161465,23.546147431790125,4.709026980028346
A_3ba8d07a3f65,1990s,21.656797128364815,0.0002777777777777778,7.062128370367708,1.0,11.345921,16.004564476013183,11.852586,4.149732,0.58458036,11.477856185188251,22.487723870466798,0.06188800266810825,15.60102723791912,28.80627174152807,9.478797128947368,4.3290591765400555
A_3c03f2f210f5,2000s,17.095481026096145,0.0044444444444444444,3.524125349854576,9.0,11.564142,13.460901069641114,11.802699,3.2644265,0.5134251,11.181035972296048,11.244014511501959,0.07416495535108777,19.024405339008823,19.388542149087062,11.316648368288176,5.70542354557093
A_3c09ebabe70b,1990s,13.896236826279647,0.060138888888888895,1.5563351330853852,8.0,13.309137,4.282480621337889,12.271678,0.709114,0.73234975,17.626184664856513,14.52762006017684,0.08467346499363582,17.59307629080955,24.200010354571887,7.265601095394432,3.664477124323736
A_3c5a7223c8a9,2010s,11.718412045390163,0.2476388888888889,0.8717128061551187,14.0,11.004158,5.88331003189087,9.831243,0.98234123,0.7367482,10.564748338041344,6.814877284686142,0.05840444799512625,14.533766390227672,20.574361404870398,2.7225411382907003,2.4207357136503096
A_3d05be0d64ee,1980s,14.028948229820404,0.030138888888888892,1.7462158084438144,6.0,12.421489,7.945431518554686,10.810798,1.9047158,0.63722706,13.32296766600734,18.270746768656046,0.06666018721931859,16.32063740738077,24.222015572512916,10.577640856114604,2.6836831917300015
A_3d0dc7d18529,1970s,14.864204145820844,0.0004166666666666667,0.6393859055887487,1.0,10.622472,7.617443847656251,9.770388,2.2114778,0.45686662,9.072258768532047,20.146995146474886,0.03800530857510037,15.323037812172887,18.03295208803614,2.596010807898236,2.4557531389243095
A_3dd3812e6022,2000s,8.327034264069116,1.5404166666666668,-0.13289719848329007,32.0,8.236323,3.5212022304534916,6.9575114,0.7301984,0.63753504,10.501202210367792,17.53940763212088,0.041258200669692734,14.659684893731525,17.53338743677393,3.4913656263123434,1.8807512517294482
A_3df5bbc1550d,1970s,14.940760027032875,0.035833333333333335,2.409884674046686,12.0,12.778751,7.193966579437255,11.732893,1.0596275,0.93081933,17.409680224958052,7.938589035779728,0.09526939518480415,15.819904820686645,19.854151363746187,3.6597153539190703,4.078760337471204
A_3e0b91335756,1960s,8.080709886011194,2.1869444444444444,-0.07990911023507641,15.0,8.050872,5.6200204372406,6.0058923,1.053104,0.6940957,15.904613107857434,8.312863408181553,0.04775538419256147,12.161829788026024,21.919285937315706,2.313251694315145,2.291912172943242
A_3e49fade091d,2010s,13.063695720653733,0.16305555555555554,1.7497033491106695,7.0,11.07047,8.793926048278806,9.366019,2.2401762,0.5650832,12.603474445342112,17.78815650693588,0.05807513054286209,15.010437812557027,21.616216429963472,4.31065986954537,2.957768630819963
A_3e69dc46699c,1960s,14.084207138888392,0.01583333333333333,1.1563837211791803,5.0,13.338991,3.9434241294860843,12.146479,0.4500706,0.8174043,18.05988261804986,7.172448283928155,0.06782488946656923,14.19767668306529,19.12198929176187,0.8511742175409074,2.6333617928564608
A_3e9c7fffe7d4,1980s,16.96983578489244,0.0015277777777777776,2.7664913791461503,1.0,14.138682,3.5652930259704583,13.268436,0.6884545,0.9589045,24.63348516505085,5.98611619512859,0.10955214545533463,17.477564711444753,25.592589602885376,11.788824117102013,4.473219645284602
A_3f7831fa325e,2000s,10.026477414184233,0.8612500000000001,0.6364228566007171,30.0,10.31824,4.087720966339112,8.180903,0.8317615,0.7506059,17.895358004906104,13.139123110995207,0.07327506891886394,14.606510444282979,23.317970335988466,4.6484368737460615,2.452515127340346
A_3fce38023323,2000s,9.892344809732071,0.8570833333333333,0.46825853608772317,12.0,9.805721,3.0805879592895504,8.754119,0.48160198,0.65202874,5.43781583277773,2.9903676565580444,0.05816937399552008,13.214976449480424,19.368176830982197,0.9228980753187779,2.0836378820949286
A_407cc53f97e8,2000s,13.79527729778275,0.004583333333333333,0.3451678418017914,11.0,11.02582,5.620757102966307,9.729187,0.34481898,0.52213085,6.138477704278055,7.724319129950036,0.04415429997187789,13.810984261830082,18.81152927934626,5.570260406337809,2.6766385405340736
A_40a6ad520378,2010s,13.035931843847358,0.03708333333333333,0.6360034246798016,10.0,11.987468,3.179193305969239,11.107708,0.49374235,0.717564,5.410566588864188,2.300839680912981,0.05760770466016687,17.243634969575727,18.93020646987064,4.333462715359747,2.495038228211359
A_40ea4bd64796,1990s,12.823796560835296,0.5280555555555556,4.185250881052425,13.0,13.148833,14.541057252883911,8.540252,2.015057,0.7147919,12.453348213914207,8.45514215646183,0.11234176332988435,22.167579976286795,21.617776343933723,7.693178275353683,5.274008706303894
A_40ec06fb754b,1960s,11.468614654083652,0.20805555555555555,0.9083742826901076,25.0,11.526038,5.953120040893554,8.842916,0.85734534,0.58658123,13.660566479334587,11.291886438006973,0.0785140904215456,12.605155338584325,23.084552723142767,3.431753692599205,3.597159069422861
A_4121e3a4e814,1960s,14.805613511875535,0.010555555555555556,1.3644917759091104,8.0,12.896712,6.5231951713562,11.531773,0.969884,0.74614036,16.65367666188191,15.855185717998992,0.07589626068205346,15.955743975040454,21.851638836602007,2.7790361752731823,2.757008812172336
A_4163baf56ac7,1970s,10.275587568932544,0.3729166666666667,0.3752117051559063,10.0,10.502331,6.192983293533325,7.865534,1.308143,0.7189855,11.360526172673225,6.231610792422186,0.06631283367833783,13.004115910746453,19.97046917977928,4.570462776680279,3.8933431467208757
A_4172f3cb5aa1,1970s,12.750927011561657,0.01,0.21889077671123536,5.0,11.603067,3.3257492065429677,10.689259,0.65892655,0.6707763,7.757512689364079,6.798646636356306,0.05125448779554557,16.16271925883803,18.125912667517944,1.5065701578446253,2.1321356945540666
A_41943ac1c67d,1980s,15.858241234053658,0.0004166666666666667,0.999090466236217,2.0,12.441456,6.7525915145874045,10.798867,1.8233837,0.6286408,16.39879277849283,21.124636396093244,0.054535991555393334,15.2724733093223,21.082418246018733,2.9793737502339237,2.381388522532334
A_41fe53288e40,2010s,6.365460151995847,4.030972222222222,-0.7144138277958696,42.0,6.3319025,1.2812362670898434,5.79261,0.24935044,0.5803348,8.297044132944226,12.929437653544452,0.03175444794606559,11.687689863008123,16.7626763333711,2.34300645438098,1.7835292093477726
A_424b1e68df11,2010s,7.308989954598914,3.164027777777778,-0.340909173749675,30.0,7.395058,1.6441755294799805,6.5280094,0.38759664,0.601145,5.784350701171499,5.270015419475682,0.04933212324019965,11.615236304420565,15.61803664097726,1.8729902301131105,2.288256484115431
A_4251d56965e2,1960s,12.675809931937165,0.13305555555555557,1.0379718781749148,5.0,11.661125,5.814209365844727,10.408583,1.0882279,0.6739315,9.219648468807275,5.818858899679885,0.05411476765909502,13.914725252657231,19.305698882348736,2.7899969947072387,2.6885564409440152
A_42542bd26605,1980s,8.140300107953413,2.686111111111111,0.020717411969349175,38.0,8.096425,2.313035011291503,7.20501,0.43703142,0.5775421,7.403743274271565,6.959992099165955,0.051446592266677964,15.48203137486936,17.219215506601497,6.037885213590727,2.0548101513197836
A_426f325f3334,1960s,13.667591778600059,0.0005555555555555556,0.2487705171305623,2.0,11.208923,3.93891305923462,10.31704,0.70462435,0.7045632,7.723865891517858,12.040607453007453,0.06772893682439275,17.340027565939643,17.313705929387712,0.6268437748014031,2.091668065255528
A_428d02ffbb21,1980s,12.269440444480507,0.11041666666666668,1.0122166703663407,22.0,12.066873,4.2272138595581055,10.508754,0.3833194,0.88808936,18.024352389661814,4.61927762517543,0.07840796164294195,16.596923705295154,17.64575770833494,2.4980195832907066,3.0128919012213875
A_42b26de34b8b,1990s,14.002950516859501,0.1991666666666667,3.9763119108928233,16.0,11.494089,11.698142242431638,9.931001,2.1497593,0.7461427,40.37144643788356,31.68710742246155,0.11086454104154538,17.75299532825639,27.190575176578793,5.111792826632206,5.6551910742810705
A_42b7d99915a9,2000s,13.267298265605964,0.0002777777777777778,0.4885490161269477,1.0,11.142996,4.977304458618164,10.11964,0.8674995,0.7814001,18.40941690694501,11.890783195112421,0.06150402223741687,16.09958247554106,22.37275110576271,2.3140273782923693,2.5076796297975683
A_4358478bd324,1980s,11.084680794577192,0.6458333333333334,1.256966241498338,31.0,10.972291,3.786126899719239,9.722149,0.5877902,0.83263737,23.79596563570332,9.538011655887555,0.10619509293781064,16.150473720090034,22.879726231634933,7.777003003807906,3.9020399693890897
A_435f76cd8736,1980s,12.451067025686473,0.05583333333333333,0.5904389846176783,14.0,11.195152,4.591831684112547,10.384641,1.0422539,0.5935732,11.095965309517643,5.411172500387458,0.05822638876466866,15.281051268184846,21.409693579193235,2.669261438340288,2.8836577608758676
A_43c8efe3774d,1960s,10.98625113842483,0.32180555555555557,0.8152635470595064,20.0,10.271652,7.566964721679687,8.08395,1.9580057,0.5667689,11.984620999911987,11.974136651158597,0.05157104144662112,15.9307913114893,20.167913265527936,6.314617567151604,2.772996270427321
A_44054dfcbd87,1960s,9.94698272180203,0.2640277777777778,0.21486858739600123,8.0,10.192842,3.7932448387145996,8.258808,0.8045525,0.62725735,8.79869251632491,8.121050860206353,0.041240861044989696,15.511321325493029,17.962786897554427,1.2526696164068678,1.8523777000542783
A_4406ea0055af,2000s,9.333814576701023,1.5268055555555555,0.6436352271961492,47.0,9.145126,9.692386484146118,6.7761364,2.1418104,0.7090293,12.61730852908364,10.324112988577259,0.056823191896398006,15.17819892790312,19.86979340610198,3.0872249678698083,2.4460909974786356
A_4487be2e9b20,2010s,11.918188874915781,0.06152777777777777,0.37406819198900054,14.0,11.742561,3.970159721374511,10.348098,0.82325697,0.7025996,10.92696930382401,10.758092932113811,0.05695243615657091,12.253428901228062,18.232557968862416,2.197429366956574,2.372267332937864
A_44c388db1d1e,1960s,12.207168382519674,0.19583333333333333,0.9567301101339947,12.0,11.484598,4.6153272628784165,10.052516,0.9736118,0.69129854,14.556845800132441,8.943607403389514,0.06496342957019806,12.542778176138528,17.71855201304727,4.197666723778658,2.828514779223531
A_44de00c870da,2000s,14.66770828980572,0.023888888888888887,2.253137423081262,4.0,12.103795,8.89364309310913,10.971249,1.0786943,0.70291764,7.786957752005136,5.034850671064843,0.05480599909736997,14.5042950281335,22.440817845699794,4.131491749299647,2.746099124382879
A_451a1a82bfac,1960s,12.738365290590998,0.16875,2.1095112077164364,29.0,11.775715,11.108529472351073,9.212592,2.4699829,0.67703366,20.738677069997735,10.299627059603543,0.07564059966231046,16.976401371657655,24.576326699446835,7.597137973601209,4.374688138319087
A_4596c2b89e13,1960s,16.172827579803116,0.0044444444444444444,1.1860558912622468,2.0,11.977864,4.967945003509522,12.564911,0.55318123,0.7145301,25.16604795780901,9.51262696980874,0.07711745827286333,13.396617160511783,22.96355158497883,3.852089591459481,2.72909569472305
A_46714be6a2fc,2010s,12.127737581795172,0.17277777777777778,1.016746751021004,23.0,11.288173,7.1957994461059585,9.848581,1.1326245,0.59824497,10.995028699067458,15.436396787440412,0.05799502722107538,16.318853653562513,20.251765187125535,1.5821328422676997,2.541622397343532
A_468881624c46,1980s,6.991668374316568,3.6754166666666666,-0.45324486265039177,32.0,7.011997,1.9124239921569819,6.1221175,0.44719115,0.6154009,9.935952381728603,8.198145866067604,0.03762551806355251,11.968773708055695,17.560141339936163,2.4679412006238035,1.989125237258146
A_4696d8404111,1980s,14.757985843204242,0.002777777777777778,0.3950637255889915,3.0,12.748947,1.7603598594665542,12.174333,0.33697462,0.6399542,12.085434380949224,10.435368517918628,0.046183304155574124,16.54372819785991,16.51093909739771,4.889629889909105,1.9763638949076439
A_46c4af8fc2f5,1980s,19.0122279010925,0.002361111111111111,3.7525430395295976,2.0,14.187302,9.59791717529297,14.527394,2.300932,0.6850493,21.397161910306522,15.001943715395566,0.07218307759080614,19.7423428295859,23.80207996387862,23.812609150248896,3.0627948450764064
A_46d6e6d7d3ef,1980s,18.382833054567392,0.0002777777777777778,5.457690164095522,1.0,8.794563,33.35123682022095,7.390685,5.7467594,0.6596881,12.292782079764798,30.632466553828166,0.07372915804386139,12.674088337579924,23.588092440306816,43.994681494668484,5.583169975104109
A_475cb17592a0,1970s,14.508726034376245,0.04402777777777778,1.9214108171121396,5.0,12.647085,6.144928741455079,12.113324,1.1105415,0.65113276,8.68232989490434,3.5898356764998978,0.05235160022201934,15.435774701715875,19.884669657275904,1.2610889004933865,2.441338102673515
A_475f6e8276c3,1970s,17.837504085600315,0.0005555555555555556,2.67327540931932,1.0,13.026931,9.918852806091307,12.011893,2.0090697,0.8146267,19.07016203247295,15.177831980216428,0.06608612259229024,17.80403815048902,22.942689807113673,5.688556588158905,4.306487275789256
A_4771506d0812,1980s,15.889386978171439,0.01375,2.950198791415419,7.0,13.916002,7.1071551322937,12.653595,0.749505,0.6839168,17.792074433558305,7.677726753107175,0.08422680068016053,18.466016811496896,22.088845799673585,11.42567904727389,3.8761177519519685
A_47de2b549cb8,2000s,15.656135488921672,0.017638888888888888,2.550068361493291,7.0,11.043678,8.590086269378661,10.8196535,2.5386271,0.6285602,20.89753079898268,8.69969080445172,0.05024778106273749,14.241158158109624,22.258482520222913,5.161483867190123,3.7201163403082753
A_47ec215652f1,2010s,11.446434255158174,0.00375,0.06676665746807853,2.0,10.619549,2.17397003173828,9.936994,0.36948633,0.55502987,7.210332356539979,11.873860147525827,0.041982001563571146,15.03641524287777,17.972865758764293,7.214506873823421,2.063206774151941
A_4812fb052f35,2010s,8.742402432382184,0.6801388888888888,-0.3001410699033831,17.0,8.669353,1.6271557807922363,8.059566,0.27428615,0.6346209,11.527415253262824,13.05237131183586,0.03220848764142683,14.691926175447993,17.965211187804897,4.228281224556324,2.0599752846664483
A_48331c751816,1960s,12.229691068193354,0.03166666666666666,0.12528652208207447,6.0,11.253262,3.150790214538574,10.713439,0.2907863,0.7119417,13.264988515757741,4.614536861228506,0.04687149488473241,11.670466964964021,20.83262385622853,1.7836509408872256,3.08462385815305
A_485f824a59fc,1980s,10.952134617788994,0.34347222222222223,0.5846048383697053,13.0,10.973968,2.658483314514159,9.703317,0.5933204,0.6497296,5.7242350677833045,3.1368757662915536,0.060744421891491825,15.076403762399085,16.372410095099042,0.9703439491459074,2.1617876594357073
A_48996360f691,2010s,10.038829568548017,0.9490277777777778,0.6932076628972745,70.0,10.121734,6.952778959274292,7.433543,1.5246432,0.62048066,19.63596868125995,10.810055851770898,0.06404955432100116,15.85364535233205,26.332807290458202,12.05870583370499,3.0685751299646387
A_48e851f5197c,2000s,9.270154583723029,1.3652777777777778,0.44369115457207187,69.0,9.034815,6.859486150741576,6.950776,1.2470709,0.7880151,24.646436409737685,14.538653343046995,0.06556894972808379,14.36912360008841,22.427268511105215,1.5343228348115039,2.785253924901275
A_494179016a37,1970s,15.494587945703385,0.005138888888888889,1.5755696318978911,3.0,13.240557,3.655397891998291,12.670384,0.4764271,0.79550534,18.263544996556092,6.090544820438383,0.08661367477254665,15.153553796317215,23.957054786207184,2.2378337298301965,2.9809977917077712
A_494d95826b6b,1980s,17.23778623779659,0.0015277777777777776,1.9647620370599643,1.0,14.032676,4.211917781829834,13.414045,0.63375,0.88919175,16.013360426779958,4.168200447945629,0.10905844221443967,17.490223282908495,21.405517372651587,6.498939477180146,3.9144687341504003
A_498d69b25eaf,1990s,8.329257223451874,3.274722222222222,0.7009018425329328,102.0,8.015843,3.860942316055298,6.8864794,0.8310705,1.3669899,39.61106983976265,10.204830273050128,0.13542604569465883,12.39168613447143,22.129984269412915,2.5824710857954924,4.8637721290285665
A_49d5e5ccd9a0,2010s,16.89388718582295,0.0018055555555555555,1.767650774676091,2.0,13.254656,6.197458648681637,12.795153,0.51304764,0.67831534,9.581286095478397,7.342638850501704,0.07488482878758358,17.845597145514326,21.049562567370458,6.392213150771241,2.9559736250393667
A_49dcd0acc074,1960s,12.479106502551469,0.03291666666666667,0.3851189510964992,17.0,11.728758,2.68962516784668,11.09882,0.54150724,0.69792074,7.407257817168217,4.740274053088743,0.05699301382670036,15.379341653191997,17.902780889104733,2.4305420377976654,2.2929733944032993
A_4a0963705115,1990s,11.239112862927835,0.66125,1.4788421242550873,29.0,11.090712,9.287678813934326,8.5969305,2.5054955,0.65535194,10.507340859248213,7.144956173237249,0.06783359103006859,15.767115982943382,21.34606524516358,4.697770238429808,2.920089119260166
A_4a4ca3d5bc7d,1960s,16.37503746836396,0.0006944444444444445,1.6250566683872636,1.0,13.434108,5.471763038635256,12.607989,1.39614,0.856976,19.020142658353773,5.256534095589954,0.09268401321789899,17.404108376178698,21.94074350185529,5.693143794072521,3.820677086257913
A_4a509a71ba5f,1980s,11.575219687241814,0.2138888888888889,0.6627580436712863,9.0,11.480068,3.0607772827148434,10.263093,0.3902304,0.95437104,20.64445521321208,6.89205140017838,0.07088985548805946,12.437937032855794,19.826446655796108,1.2550087129177356,2.988392807918397
A_4b23245e03f4,1990s,8.65841793102611,3.7074999999999996,0.8417011183433911,94.0,8.62779,5.73346176147461,6.6643124,0.47051474,0.9507437,11.942249511180744,7.334001049009835,0.08335513836771086,12.721209770135411,20.343910399443796,2.7706105105939285,3.4066235923183776
A_4c0b5791cd8a,1990s,10.765654457502315,0.2519444444444444,0.46547756042167565,19.0,10.554809,7.702428197860717,7.7487545,1.8523117,0.5411585,8.79030652794736,8.333905967862904,0.03854119440666715,14.288435531935885,20.26761663337774,1.014411853356064,2.3952901771553394
A_4c340a8a7c00,1970s,14.517338289042147,0.0018055555555555555,0.8457636457448379,2.0,11.450314,8.115049934387207,10.71734,1.4648696,0.64515316,11.252702097603919,10.852232562180058,0.059275735061947665,15.16336112505026,20.03510055990689,2.072987888285051,2.5278560390429328
A_4c460e42d70a,2000s,14.84240447362054,0.012916666666666667,1.041191548021116,3.0,13.949596,4.139079856872559,12.779377,1.0170852,0.6644207,9.770312038690783,11.737115511532922,0.054298343229829606,16.81515036340182,21.761648205844217,3.727405810204825,2.02296085842395
A_4cc538b55100,1990s,7.235659107086942,1.8202777777777777,-0.6043619657781223,19.0,7.455258,2.105434465408325,6.2381997,0.53013974,0.5477062,4.979368177350869,7.2515525811374815,0.02361598215467943,11.767696927975692,14.361934517769466,0.3522861179512593,1.5178557758798148
A_4ccbbb5d943b,1970s,14.166278709885542,0.011527777777777777,1.2069345289862383,4.0,12.732536,3.444674110412599,12.098241,0.50261396,0.89502794,25.234649683908334,9.544283301909221,0.08992584210057412,15.048542474011567,21.430009583497764,4.512706139712235,3.6082135207995525
A_4cf2d5a338a8,1970s,15.433484405770482,0.007361111111111112,1.145270626146246,3.0,12.763077,4.073405647277831,12.578459,0.38877895,0.62279373,13.661135376644733,7.743656091421943,0.06437344861224413,15.421857716674001,20.736030126417813,4.540481721792303,2.7852678118500425
A_4cfabd70fa1d,1990s,7.429474619921345,2.922638888888889,-0.3273125779145425,77.0,7.3604274,2.098189115524291,6.5586047,0.5765468,0.6405619,17.497590037833497,32.46203224962053,0.05741773424650494,14.030502797281159,18.84287349936986,2.86397512991544,1.9941608836686002
A_4d06e14b12f5,1980s,12.635222792420992,0.13569444444444445,1.4788661238399525,19.0,11.900995,10.456679248809815,9.388423,1.3537865,0.68509716,14.764822907338448,18.42651177666388,0.07709290217545074,18.602728775859422,23.15490177165169,8.206243419836316,3.656740325807716
A_4d55e02679ac,1960s,13.524490111646173,0.0011111111111111111,0.3601372700715837,1.0,10.821314,4.54531898498535,10.277251,0.7169491,0.67398286,12.198408887936031,5.976124229521158,0.06016393635489723,16.02062133320433,26.72487119303302,5.228043766162241,2.8162654499588284
A_4da0dce66e93,2000s,9.675153229854272,0.6490277777777778,0.14328332060289428,18.0,9.728176,3.0573949813842773,8.373934,0.68711644,0.7164013,8.884777179323043,4.376434522919725,0.04591595398482456,14.471418158401681,22.523305008431905,2.089889186172231,2.921979852942555
A_4df0231dcfd1,2010s,13.401990082437388,0.001388888888888889,0.1297196928008839,2.0,10.984207,2.6600158691406257,10.514771,0.48832977,0.8259079,27.931428496353195,10.907719782133649,0.0755829034132116,12.84288813206655,19.780482014208374,3.053437113371407,2.4851138401899293
A_4e16e1179a24,1960s,12.643108882807706,0.022916666666666665,0.5754525939112489,20.0,11.287924,4.770903587341309,10.388353,1.1343746,0.711246,9.380210606269948,6.620820141380738,0.05906949122746785,15.353570544441276,19.134809903633148,4.10250823819205,2.322191009512572
A_4e1ed37787b7,1980s,20.714064969375418,0.0002777777777777778,1.8341192209658166,1.0,11.675458,5.857310104370118,12.652314,1.146462,0.5985284,19.154952091054597,23.47009227587105,0.06124805012871237,13.989050009511256,31.25493119645305,17.193724953707147,2.9545314662111237
A_4e77dbb050fc,1960s,19.289641660832302,0.0008333333333333334,4.43979891482101,2.0,11.905837,11.577098655700684,11.297899,1.5999869,0.6027525,16.30160291178216,10.523710425116997,0.0849080117804105,16.3634119464328,23.488925190213926,18.361163856006836,5.759161184980391
A_4eeed2e1cc74,1990s,8.767135590549143,2.6911111111111112,0.5930169676448731,104.0,8.815307,4.94537992477417,6.9178,0.6548271,0.7162036,17.666228425437723,9.456490426136545,0.10165627664989894,15.280859677728305,20.86777789501682,4.505693765372595,2.8830675537519133
A_4fbdb2541079,1960s,16.290986846939433,0.0009722222222222223,1.2304989268650246,2.0,12.299921,5.961878490447997,12.142111,1.2173501,0.5964358,8.01582785866705,4.434989469866738,0.07841942510821602,15.041575368881972,18.535794843674985,3.2660893265173483,3.0941147404962286
A_4fc7bf5539c0,2010s,13.132340258382149,0.14027777777777778,2.120180539561882,14.0,12.755817,7.521403408050537,9.900808,1.9842255,0.81152654,16.820117254458793,5.7845626641742385,0.08717308267515306,14.16835607037353,24.00553153554064,1.285757237884237,3.588187142585455
A_4fcfffc8e319,1990s,8.98162252190216,3.462222222222222,1.156098912573528,126.0,8.671144,5.923189353942871,6.885286,0.5206744,0.95787156,15.103930108930026,7.300809004778515,0.09215214344392342,15.647028965340912,23.343615114731094,3.9213724195114628,3.8329392234710267
A_4fd8e1aece06,2010s,15.352983195260304,0.008611111111111111,1.7003019250525098,13.0,13.423312,5.15934944152832,12.171828,1.241027,0.7982383,16.397661534764712,6.2196960868087885,0.07576047873645095,17.879304898619168,21.878325015523433,4.146730088697602,2.6942973263674883
A_50165a7461eb,2010s,8.304016353126597,2.28625,0.029748487226216813,36.0,8.187252,2.140345573425294,7.415742,0.34643763,0.61082107,5.566602164436582,4.891925086982162,0.04857023601438485,13.632900173673839,20.980934128224,3.0489596610541314,2.350768396776272
A_503fbc5cbb7c,1970s,10.687728268200937,0.3154166666666667,0.49858451597785214,8.0,10.566589,7.448157215118407,8.386065,1.6030461,0.694802,13.891816789500167,9.814209003976456,0.04804889094560666,14.054666247718565,19.583347891640617,0.8982477982936805,2.3338772573426447
A_505f7a97a973,2010s,6.8464108220958,5.0872222222222225,-0.35844064525098274,69.0,6.820411,2.3925408840179445,5.7805786,0.56194174,0.5852275,7.415414004355179,15.935850701099092,0.0379712547174021,13.981103755253983,18.345581438084807,3.764882398156801,1.9302911819427673
A_506ffdd8c82c,1980s,15.842243498297846,0.0005555555555555556,1.5694916000025438,1.0,11.877682,6.67269353866577,10.819053,1.6805098,0.7340165,15.067533616543606,11.651912741058224,0.09453661682331456,15.339541218251437,24.177299649415104,1.3764630372023596,2.9275253652219937
A_508268cf748f,2000s,7.244748089332355,3.5294444444444446,-0.3426369689003814,28.0,7.3133163,1.4589862823486328,6.59402,0.2654869,0.5511071,6.855440090871227,11.68736297799178,0.03204525066023113,13.845329231095722,16.150884583414328,3.909148352834298,1.7538378066747944
A_50aec601f497,1960s,12.272450872597943,0.26152777777777775,1.7353212595434666,12.0,11.545942,8.076674938201903,9.722281,1.5517942,0.5920561,19.4950048896638,10.112000645664818,0.07701263938151615,15.875356004002647,27.802070456334956,2.0586233227135287,3.122832734117566
A_50b0fd2be704,1960s,15.477719850762371,0.0015277777777777776,1.5606961961367567,1.0,11.562997,10.447107887268066,10.731876,2.078578,0.56594616,4.305404263943338,5.722723120603826,0.052541816300816,13.42855633890763,18.24401245149647,0.8558527007463832,2.267496659122253
A_50d5906b7846,1970s,15.364602391635453,0.00375,0.8765400906525525,5.0,11.858049,5.019674301147463,12.22809,0.8451112,0.5860712,23.78996608435349,22.27371964584914,0.06100293018601157,15.504240278962365,21.987552211176244,11.695348593272126,2.6428371271127555
A_511f59f2fca7,2000s,5.599256324975099,10.000972222222222,-0.6723601648063258,28.0,5.6351337,3.1172908306121823,4.2415147,0.74527854,0.63034934,8.538324466938468,5.713527727524472,0.035318663343351486,13.759950620637772,17.955474012530505,1.071503766438152,2.13673185953457
A_5189dd5f11d2,1960s,10.907537331527827,0.2965277777777778,0.7691748731459027,7.0,11.365417,6.233305549621583,8.279428,1.404559,0.658277,9.051127754755,6.515593795717084,0.06258414319798916,16.80674615756569,17.644088576356165,1.4794485216531426,2.4573864958866545
A_51b3249515b1,1990s,14.497984904075908,0.01875,1.3390570954185463,3.0,10.970086,8.202597045898438,10.451213,1.6917357,0.53794694,15.143484262909364,31.605756406258934,0.059228733777999885,14.899526053553299,22.257382831685064,2.8009734953827987,2.4247104576494154
A_522fafd7e4e7,1960s,8.420649604070238,2.0469444444444442,0.16345937110322817,33.0,8.572025,6.662676286697387,6.0757356,1.0330737,0.6392828,13.553433580998776,20.97567893625359,0.050610458825224185,15.48639443543357,16.67109396571338,0.9608426558608718,2.5517227370117883
A_5344bc5e6549,1970s,14.143212822592272,0.0019444444444444446,0.4940328342790772,3.0,12.069189,5.24468288421631,10.684467,0.7740727,0.7664606,15.297780731378262,7.045775052418003,0.06209852225744903,13.393004121190039,25.182247527249736,3.069768871020579,2.933385154816566
A_538da98c37e1,2010s,8.222141058349973,1.7429166666666667,-0.11114363724016396,32.0,8.05092,3.552003097534179,6.9147367,1.1498601,0.629816,12.851377326509803,25.390853965383467,0.047769768487839474,14.444138295848754,15.314096096888171,3.356651192406545,1.8800022300424732
A_5393697e16b8,1960s,15.708214362229244,0.0019444444444444446,1.6971346301257162,2.0,12.309513,7.237988662719729,11.42822,0.94884425,0.72991675,28.999307168171832,9.632293799007945,0.08714528106689454,15.429892326848504,24.641918651094187,7.194289659531719,4.530770518023341
A_53a203a10ca0,2000s,4.814480133463916,12.940138888888889,-0.9366997604111349,40.0,5.110945,3.1208649873733516,3.3903358,0.79997706,0.5842095,6.30223806536557,6.71030442032408,0.031401956688407014,11.959588506885737,17.15126237565232,0.7248647826667365,1.7395450481445227
A_53cdc2655f95,1960s,9.294864138744972,1.2584722222222222,0.5303919854879382,36.0,9.385641,3.962839984893799,7.7587805,0.5232212,0.7237837,17.168942508946095,10.399843552296424,0.09955961903860402,14.04760342948106,16.489573520652495,3.869252279240242,3.520165621327895
A_53fbd758d08a,1980s,13.901071180400432,0.02402777777777778,1.2164875069806378,5.0,12.876029,4.490666770935059,11.789112,1.0154355,0.71925336,12.639741256039597,4.759480089578968,0.06642913981254056,17.098790653564052,20.484082160326615,3.6556554523766778,2.69538166663219
A_541809e74b4c,2010s,11.274356882062577,0.3284722222222222,0.6897325422916776,64.0,10.654768,4.998719310760498,9.180157,0.950647,0.6727893,19.395091293739576,16.15589204905003,0.050535725380157256,14.937815672041019,26.070120910689617,9.420267664284703,3.2515078057713955
A_54b4a6c01b6d,2000s,9.791175671381597,1.1940277777777777,0.7427861969764833,41.0,9.810352,5.618280410766601,7.9391418,1.164746,0.8216402,17.43198139621318,20.84807291626757,0.07697756966677581,15.404276803296353,19.108661809337832,1.2405159969084867,2.5125749195512843
A_54f6fb39474c,1980s,13.107553016246635,0.17166666666666666,2.2219766700364145,9.0,13.0991,7.766811370849609,10.259807,1.7153182,0.8151701,15.601511876729562,6.989437211710188,0.0893829985112952,17.179975809138302,20.624924879381847,3.4610060846864172,3.2928085595105507
A_5560f29a7329,1970s,15.855737045986166,0.0008333333333333334,1.103033454868541,3.0,12.157698,5.610384654998779,11.758571,1.1060219,0.6298623,6.977908745291861,6.698383028528671,0.04727148223232913,15.723775335428869,21.379857533533652,1.790709619502719,2.1061175552418594
A_556f74ee6044,2010s,10.559806437023607,0.09,0.2555495330214761,7.0,10.478148,3.1401214599609375,9.321779,0.4806111,0.6427634,13.355235325838017,12.107494998839199,0.06760365699018751,14.693278720658867,19.166657148869255,5.531906050732548,2.4935992525832194
A_559da74a8581,1970s,12.706642823088625,0.03777777777777778,0.4942445074134221,6.0,11.941683,3.9083908081054677,10.95767,0.52502453,0.74058133,15.60481437781387,8.278706977375617,0.056251531916279955,14.140002503272328,22.576345838892088,1.0628137959717705,2.3282571141200603
A_55c5c214a850,1960s,16.099002185413827,0.0002777777777777778,0.8965206086187627,1.0,12.086489,6.543482017517089,11.265089,1.6308168,0.69665873,8.64033041767368,6.496290669103672,0.045305167983560005,14.059922765536323,19.040221400360934,2.265717592209997,2.571548082887396
A_55ea97bffbd5,2010s,8.67292512274283,1.841388888888889,0.21135688020853838,33.0,8.767253,3.9972064018249505,7.0502615,0.6432578,0.72981954,12.561872061447437,4.388812374914899,0.0644407692778534,15.270105684100798,19.009999402056465,3.086471126932242,3.3678739478183317
A_562b03e40a98,2000s,9.686768257016297,0.9711111111111111,0.40855769931946506,53.0,9.922628,3.8748429775238025,7.9394355,0.60929126,0.8041204,28.616681877978184,11.972760110861621,0.0853810781407579,16.010409084448757,21.02958366619447,4.176281864148126,3.381534980804
A_568582cbf5b5,1990s,13.36211858324624,0.025833333333333333,0.9522838632596922,7.0,12.296244,4.275312614440917,11.303077,1.5481874,0.7708409,19.55506578896955,21.637229030396544,0.07010458380428712,16.47635616931513,19.918564212048985,2.4766199920797405,2.462556490373305
A_56ca736b38bf,1970s,9.478029443919318,1.04625,0.4493384650451726,45.0,9.343607,4.451436758041381,7.8076487,1.0033141,0.7793716,16.70926303193447,9.997753021969968,0.05802823305130005,15.869707618281831,15.54494954742431,1.0510339951417604,2.4402797877249656
A_574d82b6fcd2,2000s,14.71502861419665,0.0002777777777777778,0.38275106415009885,2.0,11.953047,2.625477981567384,11.486611,0.6203027,0.5263834,3.8620206601776714,7.632830868583907,0.04664902387040386,16.3378388976224,15.470756994415822,8.803643646957752,2.2290515137754103
A_577072e8dba2,1980s,11.299060300792666,0.28319444444444447,0.4169854142502558,63.0,10.442876,4.81510992050171,9.3939295,0.7433353,0.59867364,13.50943015339572,17.89107204115572,0.04908697271347046,14.419284157691019,23.684862677755987,15.806134529252034,2.899070129178804
A_5774d778ad49,1970s,14.648514118707128,0.002361111111111111,0.5740586146906108,3.0,11.21612,3.963232326507569,11.51491,0.5726927,0.58008635,12.11943464724723,9.321989410473268,0.056025453134745114,13.194820659794468,23.347862385555267,3.7989112664932527,3.0650815524346497
A_57a2396164e3,1980s,11.669943254593797,0.5606944444444445,1.7049889510346405,54.0,11.112797,7.91599225997925,9.080023,0.7556766,0.6998616,15.12837046869648,19.90877318478907,0.08400405916674383,14.804599950015648,23.368490336716327,9.3550821871651,3.097833880133008
A_5813ab86f49a,1960s,14.991073510669986,0.001388888888888889,0.7165896910831009,2.0,11.574019,4.765697097778318,11.410498,1.1832392,0.66180825,11.488954375182901,12.284411282871059,0.05064267886503962,12.987080393294367,21.0964808478575,1.4846606798901734,2.4358809619893877
A_58446d3150e1,1970s,16.83117600948207,0.0004166666666666667,1.7504686233300397,2.0,12.6164255,6.380383014678955,11.987543,1.2355925,0.6949565,12.698497327078261,8.839584314781728,0.0665881753690315,14.66172581545162,22.47599202815273,2.662543008896746,2.776963359489918
A_58472f184840,1970s,11.42047596003884,0.2709722222222222,0.875368667755895,16.0,11.299194,6.278693199157715,9.014204,1.67248,0.7162124,12.093020865649196,9.977688564570471,0.05661646893743933,14.567289229482917,19.10893328233437,2.056422758364657,2.7773831013829167
A_586b5a013275,1980s,17.382555776858425,0.00125,1.9520164657955226,5.0,10.714785,7.525577068328857,12.66138,1.4571526,0.5806092,43.12587373199336,22.70355737422848,0.0656072576930014,17.721512370963065,29.313257413356244,32.837454177342686,3.509881612738148
A_587c4648b6e4,2010s,8.228246227706808,1.4127777777777777,-0.2431027073741232,25.0,8.324186,2.9717312335968007,6.8670516,0.63376814,0.59242827,5.517429533510815,5.561293171134757,0.03757183318442487,12.124707284057697,17.856218480382015,1.2546753660627212,1.7176002927035714
A_588c49793894,2000s,11.863647537434458,0.18944444444444444,1.0678402768991697,44.0,10.278529,14.393566131591795,9.101166,3.963272,0.57914793,42.43500243746741,126.37840421258613,0.06935483650727704,15.246912394962322,25.068941852486805,3.7632165940665665,3.0406188390268043
A_58b1a19b9ad0,1990s,18.449147113269746,0.0043055555555555555,4.476321116654929,6.0,12.739303,8.425413036346434,13.319733,0.7443747,0.71117485,20.899266277273988,5.859268719749277,0.0647177300697718,19.452879734534203,24.8479592282339,31.825039281462416,3.679592891599952
A_597d61350530,1960s,15.658534759613179,0.0002777777777777778,2.52927360532048,1.0,11.965641,10.008714962005612,10.574006,1.432905,0.69606644,12.817956653929105,15.992924237519723,0.07653828297021255,16.295792626315798,21.46837278690286,2.7180156941677334,4.3551867922365455
A_5a65b4ac90d4,1980s,16.23439926432287,0.0004166666666666667,0.94060657858109,1.0,12.133481,5.610057830810545,12.035605,0.8044351,0.7639951,10.753186663451963,5.27674912849216,0.06045196666618703,14.108738413095,20.61580532612421,6.578580412407275,3.1065379650270817
A_5ac735f49b91,1990s,9.347670199277172,0.8079166666666667,0.0799573601398409,11.0,9.285607,1.9970642089843746,8.495379,0.34316996,0.5244539,9.125752482966766,25.183642995257873,0.04742555520867788,13.862115702753387,15.091826738900185,7.782097810593704,1.8464324840366733
A_5acb408b09f1,2010s,7.6100071866169845,2.39,-0.3323059389593319,24.0,7.5726566,1.3470467090606686,6.9202547,0.35328707,0.61005723,10.822068251692121,15.64842462653591,0.03935453963907141,12.080166318601123,16.490327631765226,0.8374455364253484,1.6777853615073073
A_5ada9b4a16f0,1990s,10.534247949796328,0.5041666666666667,0.5498666914303061,35.0,10.175794,5.728992652893066,8.651372,1.1214141,0.6683896,15.401564218546179,12.643406229404363,0.0565361007424288,15.800370498054066,21.768568553231137,10.803830708900527,2.6584544986336
A_5ae8673211fb,1990s,18.825549654302012,0.0004166666666666667,5.696067434064593,1.0,11.926369,13.395435142517087,12.617018,2.9989028,0.71258354,10.113560575669338,10.322109838704733,0.08007499517713274,17.628418720358766,22.816255291943424,5.986698472182816,5.005752424816473
A_5b23808569e6,1980s,15.434201751736733,0.00125,1.197655775672061,2.0,12.059401,7.5286490440368645,11.104894,1.4593074,0.66472095,10.337568199824126,15.35134639787691,0.05760619092210432,16.667467559808074,21.395167360762834,6.499198811757019,2.3108847119642584
A_5b827009e27c,2000s,10.635433628274818,0.3894444444444444,0.4859645246094244,18.0,10.638111,3.863266944885254,8.91295,0.91019666,0.6802454,17.30526948058244,13.960492656072649,0.05558174726914386,14.709066031181353,21.663250758617195,3.3876453824516553,2.703895318970928
A_5c0383b002c9,1990s,17.36220901881191,0.0011111111111111111,2.0368615600710624,2.0,12.91909,5.760953903198242,12.521488,1.0609163,0.725337,8.73960229013822,9.252100563543573,0.062314680789379365,16.248658295141322,21.83919325681255,4.88793195818239,2.716191173560919
A_5c91fa1b4728,1980s,13.439773958376696,0.08263888888888889,1.4616040908864623,8.0,12.744986,5.22812557220459,10.838987,0.8324091,0.58697665,7.8047266872468795,6.435131123163885,0.06844611032589062,18.062454250428793,15.063449442378296,6.4421566081579265,2.8009453986577877
A_5c98fc94c027,2000s,12.581774964402687,0.005972222222222222,0.4401845680580636,3.0,10.855178,5.120450401306151,9.96326,0.67975193,0.6269408,15.069087825964814,9.043863155641342,0.04920452117919922,12.728823441152182,22.536911781678175,3.143682522303613,2.3904138109849353
A_5ce6bbdc621d,1980s,12.786891316241885,0.006944444444444444,0.5156990942719037,3.0,11.318844,5.152439022064209,10.0812435,1.1211758,0.72264564,10.961465518384093,6.658061207672684,0.06272294286271216,13.726634339190367,17.975426651532572,1.8200389341828034,2.6548017723897965
A_5cfdd0a144ce,2000s,10.270202523776579,0.8340277777777778,0.703515050965124,62.0,10.299309,6.6814610958099365,7.840322,1.3096516,0.6463281,13.311601768682797,11.700898824930348,0.0553259473045667,14.512040576445981,22.869281325541216,10.997418660687227,2.3545143742930548
A_5d04b0986e15,2010s,10.583158677772385,0.5566666666666666,0.6660854010455148,50.0,10.700312,4.9843878746032715,8.535379,0.80179024,0.7723279,23.437676789447433,16.63863544969512,0.0721184135712299,14.926285157010284,20.930606855645983,5.856373630339805,2.533005814661888
A_5d26446582e9,1960s,14.438437469437641,0.0001388888888888889,0.20457074806837428,1.0,11.988155,3.230568981170654,11.2596445,0.35739437,0.6997068,10.074402795748128,5.814051014000116,0.04047223292998154,14.602501132694023,19.935657689678564,0.9672417784953282,1.9856027125546598
A_5d41d9f5b365,1960s,15.107044953867183,0.012361111111111113,1.8015422636813057,12.0,12.267332,8.150625705718996,10.714768,2.2915878,0.58308196,10.569737611916306,8.957252806701488,0.05676843535381814,17.311793566995576,19.314000571441774,4.9604629691001385,2.581010572811987
A_5d84aa975636,1980s,11.932403976672916,0.4570833333333333,1.7986547225682763,32.0,11.624982,7.510070705413817,9.175182,1.6859264,0.6924373,18.74685984900708,13.378760119611055,0.07212141041528611,16.758985414240467,23.24331784600563,8.808501369753136,3.2735980763915458
A_5e3282e8ff5c,1970s,16.18621635946992,0.00125,1.6809014391159094,1.0,13.047373,7.263591384887695,12.2980385,0.96520555,0.7055633,17.728308904385894,11.358114120100018,0.0776561204592387,17.115858048155147,24.03770191119669,3.088037270949039,3.4529066449282655
A_5ea6d0dfaf16,1980s,19.8404160221382,0.0002777777777777778,3.15274952602571,1.0,15.046435,6.666148948669434,14.386257,0.97179663,0.61778045,21.52948103507787,18.29699569728766,0.08796061942974726,18.326240458579093,23.178483478940485,17.196935434532218,3.362671752877121
A_5eb98860204d,1980s,15.14022655417243,0.005694444444444445,1.309934032469699,2.0,13.063013,4.060286235809327,12.681919,0.89688814,0.57701063,18.961821518424532,44.36628029655496,0.08253931190909408,14.921764815968402,20.017272993477057,6.621981431234916,3.058213455455932
A_5eb9ccf19fc3,1970s,14.086457373354012,0.04527777777777778,1.9527275206878878,8.0,13.633812,4.1788952827453585,12.222476,1.259553,0.9691312,25.66721618243012,10.167563617237773,0.10822250400270736,15.202267672885126,20.64666908627963,2.5588298947315202,3.4049496028731023
A_5ece4adbef17,1990s,14.20488794186553,0.018194444444444447,1.2075881693182593,5.0,12.555584,4.54603729248047,11.436449,1.0505728,0.8009744,11.024598300638814,5.289080175514558,0.06558898889500162,14.757728758346037,20.023128172105043,1.574351231212419,2.8038147688885307
A_5ee7f62bc4d6,2010s,14.22267200095666,0.025694444444444447,1.692271707129704,11.0,11.932608,7.168219566345217,11.152446,1.1331478,0.65296495,13.232027980682226,4.550237257642219,0.076198454896609,15.962566338933533,22.863487028399515,4.094548506677812,3.7630724115882677
A_5f71d5c8bc2b,2010s,6.770120450079624,4.509444444444444,-0.44387944776255717,33.0,6.3603826,4.006017112731933,5.8131404,1.4038695,0.5913374,10.83530677196524,23.161089568053118,0.03825600598885761,14.717260269493138,15.642996513780542,1.6009956432518457,1.7884365624476444
A_5f7813a796da,1970s,13.788252758861633,0.16125,2.3946741720989166,8.0,12.630434,6.394466972351074,11.396304,1.3391587,0.7186965,13.34865785011088,5.728807023172591,0.07445803682247322,12.8715277730381,23.326902168653856,4.7021629608048965,2.763158771276081
A_5f9f6aa225b2,2010s,7.8248863396731885,2.9454166666666666,-0.10091809105097393,46.0,7.88512,3.399689102172851,6.3577633,0.5705076,0.6742153,9.928527575420022,9.826600645151988,0.04805746965594106,14.096520658424744,19.618370754201894,2.211365955491769,1.9616396250129995
A_5fc039d36d6a,1960s,14.022942297626516,0.2265277777777778,3.455618846090129,17.0,11.572429,12.380470657348631,10.04394,3.450327,0.6824012,17.416685903890578,8.647008648883338,0.07033628614509807,16.272626133081346,23.946842546148464,12.794365768476396,3.6637241876235103
A_5fd2e8ce04ff,2010s,8.972866626961373,1.8575000000000002,0.381156996826185,78.0,9.153825,5.516224527359008,6.7760496,1.0459981,0.68636495,8.825684157955155,3.4890824010091235,0.0583635508730298,16.100698172456447,21.407825239753226,5.901174132342575,3.0167197970574073
A_6017011de877,1980s,12.179649776014772,0.0009722222222222223,-0.21909307705207182,1.0,10.771399,2.4289473533630357,9.436673,0.6234747,0.5289524,3.813101526581441,6.221271385303909,0.02254481270628156,11.867632335003583,14.480767719646042,-0.14133471863229063,1.4790781967486517
A_6059f370a6cf,1980s,10.42501414946111,0.6133333333333334,0.5938981310310374,21.0,10.365717,3.8651957511901855,8.865001,1.2538211,0.6456152,11.925406570022679,22.367969640219517,0.06068931563287719,15.316126135186174,18.032239201803588,2.3328842554114377,2.1476693373891416
A_605d30ec9c64,1970s,18.900135801042477,0.008611111111111111,5.108119682950418,17.0,11.3085165,10.089919471740723,13.650399,2.7517853,0.63551104,14.291674058204556,11.45480234405867,0.06945833574261581,20.050648324041177,25.43905122072937,28.58964414408756,3.963192987422403
A_606c2849f1b1,2010s,10.902731408620479,0.40875,0.8311381781060398,79.0,9.96841,8.664420890808106,8.121535,1.3599534,0.68028116,20.066805196686264,17.398958086637066,0.05725056798270578,14.49656240545757,26.477459246840272,4.344440364480943,3.567387146257336
A_60734242b665,1990s,16.5603852104903,0.0020833333333333333,2.0489400933235036,6.0,14.738593,3.285870742797851,14.254577,0.38512436,0.99888265,33.52945050643283,7.8117631188737455,0.10264117553980666,15.41162810229279,21.615914382781476,3.44673329801651,3.759279075371373
A_61aaf73a2520,2000s,10.023137060418156,0.7776388888888889,0.3620819642409705,24.0,9.930331,1.7833523750305176,9.161891,0.2360988,0.60705876,9.204634537287069,12.239304757020601,0.0626704746041416,13.57126986942659,19.245835305187406,8.874346643867629,2.3919853891158227
A_61b4a748d3c6,1970s,17.39660849426148,0.0001388888888888889,2.1045613202281945,1.0,12.788078,7.202503585815428,11.921336,1.1595962,0.79889685,13.41691209472885,5.1151700417198995,0.08387714429055491,14.052533605635837,20.49918355081518,3.4215735099743263,2.7731799262209726
A_622acd05cc5d,1960s,10.945877195962575,0.0761111111111111,0.030290407892686666,15.0,10.77886,1.7259966850280755,10.123206,0.2374842,0.7292737,5.14981322516739,2.955647408589547,0.043835337104428794,13.254218191487688,17.476308020635884,1.1266934315548873,1.7755641862622806
A_6288a8a6bbdc,1960s,11.333075227330337,0.27055555555555555,0.8199884322031608,30.0,11.273375,3.862744617462157,9.482198,0.3764838,0.68325907,19.936991239884335,3.7059800813573416,0.07655810949992549,14.36371969495916,19.920009196803292,2.6044342910814917,3.1085487266467884
A_62a242f3bf5d,1960s,17.095523039943274,0.0005555555555555556,1.9309309862932809,2.0,13.029559,6.640917968750003,12.329469,1.0574112,0.6474753,12.003055657756036,6.675298156737128,0.08172566356658936,15.664006122458478,18.412585559143892,5.703028236923073,3.1632415849013995
A_62cd339bfe82,1970s,11.499597995299162,0.4298611111111111,1.2378643666397933,42.0,11.589876,4.883227920532226,9.788169,0.8783464,0.8344828,18.81262936536877,8.08811115389009,0.07928755437174151,15.129591584582847,18.235068050821116,2.6693707582880997,3.6358749231668845
A_62de2920e012,1990s,11.707561230672875,0.23472222222222222,0.7751220447084539,15.0,11.915751,3.995117664337158,9.954493,0.617997,0.7420849,18.345522954002703,10.546920884676004,0.06290561137880597,14.839665296251942,23.37969258099704,4.170684650721547,2.9552096310149474
A_631aa808b580,2000s,11.438332617701164,0.2523611111111111,0.771520976296459,41.0,10.436658,5.543391227722168,9.348204,0.7909045,0.7589946,19.698483267231218,9.31332936987657,0.0741515547312223,13.980548125364878,25.491225140213277,1.1140699171367894,3.0641557537366744
A_636e09c920d5,1990s,15.391126505875746,0.008472222222222223,1.576037089328584,3.0,14.253911,3.9774027824401834,12.71773,0.54679185,0.5714655,7.91263259298299,6.507330708031461,0.06843958799389825,16.940378661767845,17.761450155914236,11.989515158044934,2.304757872878225
A_6388564d4ccd,1960s,12.593429054753681,0.1363888888888889,1.7561240280548596,37.0,10.962817,8.57296562194824,9.46799,2.2939966,0.7741834,18.974129560274886,8.100599167905942,0.10170086852435407,14.326695331126121,27.65703927417301,5.466063485096225,4.853309011947149
A_63c443318d7e,2000s,11.12608871825723,0.23763888888888887,0.3232588934470346,25.0,10.968701,2.1980018615722656,10.0930605,0.53589535,0.5875003,8.335082780791208,9.245538862590081,0.053675035483448215,13.082696237056822,22.377747680763203,9.627630629242313,2.5002890649865597
A_63eda9d02512,2000s,15.256355526888418,0.0008333333333333334,1.329333824564097,2.0,12.028419,8.150006198883055,10.953703,1.168756,0.6487027,8.22677019550295,6.208045650846172,0.07518152742851071,14.041313055863359,18.165410129347702,7.950773069711948,3.319355430850281
A_63ee9a4c3b77,1960s,12.649476664801448,0.017361111111111112,0.5139844390495734,4.0,11.863481,4.344504451751709,10.466479,0.5265304,0.6849151,9.745265751704313,7.986643185732394,0.05632757606276547,14.251847515449693,16.94742729201441,0.17530017144157206,2.4668631312650247
A_63f622877efe,2000s,8.517539337155688,1.7144444444444444,0.016216784108179283,82.0,8.58753,4.654700899124145,6.852638,0.65375316,0.6209287,19.110014932438425,19.013779093994735,0.07374593878278927,14.238400332893157,24.87588329362036,9.061146817223564,3.118752450842214
A_6407427dd913,1960s,14.971882131149076,0.0001388888888888889,0.33286985352831255,1.0,11.048743,5.472962284088135,10.8380375,1.1891552,0.5029791,3.1393809491826103,4.7103327234506915,0.03397464162295627,15.379246776580569,17.299816193527604,0.5439492448577048,1.8983870454192175
A_6465f884d121,1960s,15.747537424979377,0.003888888888888889,2.7215951542757226,2.0,11.787275,11.158497810363768,11.314947,2.354665,0.67034376,10.9550301441339,15.600463871556222,0.05438368919792525,14.739404737966737,20.020502775373583,2.554805852374672,2.761391469335452
A_64cad35abe03,1980s,15.173364559653692,0.0001388888888888889,0.10725680358128464,1.0,12.175366,1.9660133361816428,12.014998,0.2677099,0.5577996,5.267987422696541,10.405236405924047,0.038133409128249064,13.70102148696155,18.227675169516186,4.12221135785731,1.7592968320619633
A_64fe8a9a2754,1970s,15.974222533764777,0.029583333333333333,3.2739863676116014,20.0,14.416199,5.442360973358154,13.621127,1.364089,0.607879,10.132961255541998,4.388571154050759,0.0893774498731662,19.09332758449069,18.08965071995617,10.169363565966469,3.0590792514059055
A_6560156ee422,1990s,16.38477188831223,0.0018055555555555555,2.891972810521078,2.0,12.537537,10.015332031249999,11.014724,2.2800505,0.6286954,11.252218828661439,3.8606569871467356,0.08490951011707257,19.58879718801611,17.12145752113656,4.461256617710245,3.0696610715620545
A_65a1b34d2b73,1980s,13.940480974580712,0.2986111111111111,4.29573641483447,9.0,13.729558,5.788066768646241,11.637961,1.3023521,0.9682093,37.6246716130852,12.362081595315773,0.11011987171584754,17.98971721490258,22.901941158881353,4.344607649711774,5.125464239630623
A_65b2e34b261a,1960s,12.17909651078848,0.04666666666666667,0.36318117545063755,15.0,10.91847,4.5958820343017575,10.264019,0.67596245,0.6016905,8.567210721271206,10.96688835456169,0.044692250431561074,13.874946786037249,21.30151433083263,1.106223849159134,2.1664935655194206
A_65b800310a0a,2000s,15.216998368080011,0.001388888888888889,0.9851590637182794,4.0,11.061659,6.525355052947996,10.6094265,1.3083555,0.60260326,15.320261734287955,9.937506382877737,0.051341929071089795,15.025175064742022,26.49489710042539,5.3408871423310575,2.9249791424322584
A_65d8e56a22e6,1980s,11.313129797488243,1.162777777777778,2.858552287432383,65.0,10.937467,11.416983699798584,8.705105,1.5588478,1.0961941,18.566660355489013,7.798252572719882,0.11128844855813419,15.206535589134054,24.26927178137009,6.1219138363052235,5.759514396875638
A_6654991fe002,1960s,14.749360169891169,0.03291666666666667,3.366907437366562,5.0,11.838616,10.087589931488036,10.955366,1.0642216,0.71317333,10.057635930163004,8.604144620119811,0.09378048960755511,15.23464766133828,24.570370217873467,4.340144500356044,4.455566939819189
A_66ac7b1580f5,1960s,17.90922906152262,0.0006944444444444445,1.8429037368215448,2.0,12.044919,7.506781005859374,12.331797,0.98036367,0.6757938,25.274859346975344,17.116234522879935,0.09726001739501954,14.54629570474572,31.632931394369272,9.792680299190218,5.455459208145161
A_66db2d89aeaf,1990s,12.09799093802312,0.2563888888888889,1.2242475082727537,27.0,11.521954,6.431180381774903,9.6628065,1.1095937,0.6281519,11.650040574750669,12.239134722035379,0.05751545051048542,15.36073565212296,20.743949554103292,7.022709987227463,2.7817184275244107
A_6715177b0161,1980s,13.482884891571217,0.15347222222222223,3.485722572569843,30.0,13.301418,6.047821998596191,11.223133,0.64831185,0.78826404,33.29202354136259,17.453134450828436,0.10423432578725264,15.220022624048775,21.947765802972008,9.03545341488226,6.170505673504014
A_673d693b74a0,1960s,14.152222514785587,0.0002777777777777778,0.41759131103770875,1.0,11.580154,5.261169815063475,10.579039,1.019537,0.6489263,8.465973387939618,6.916238906355721,0.0506387149037181,16.08442466504334,18.2550420142893,0.8966228908770142,2.011585020193283
A_67eaa4c669ce,2010s,10.163241884382458,1.072361111111111,0.7635413514526435,70.0,10.155375,2.9327806472778324,9.039166,0.76613116,0.8405688,18.417040936422584,22.474465373101523,0.08602461375589446,16.1668020206793,20.573848869266023,5.926985236381187,3.082869469065046
A_680b1db4748c,1990s,11.837196536083189,0.05555555555555555,0.7134087416697321,5.0,11.437262,3.3820443153381348,10.399792,0.32956457,0.7711385,29.740658456954957,10.741304616330748,0.08481712945045965,15.749732520363773,19.54606452501911,7.107568699251919,2.8709902476008637
A_6833365339c3,1980s,18.666869971310874,0.0009722222222222223,4.598752763685276,2.0,11.456781,17.100048637390138,11.513505,2.560097,0.43336323,23.042995475247935,35.41369236674864,0.07867854169209797,17.027342642623005,24.039328977476416,36.159487530148226,4.28374132273306
A_6836372857ed,1970s,15.837745090589548,0.0018055555555555555,2.168218296760336,1.0,11.628289,11.920946502685547,11.2508335,3.476667,0.6316681,16.46847516997261,20.147160195186913,0.05513286083622982,13.939379317289532,21.78254388579181,0.8475242417715361,2.842177495997006
A_683e7aca98dd,2010s,10.069057175098113,0.7423611111111111,0.3394054928429564,68.0,9.796694,4.572293376922607,8.499345,1.2500677,0.63203096,11.322609441108312,16.895235754650614,0.05503769948265769,15.631304059680476,24.715165572040252,9.530757049123517,2.163201267996994
A_686bccab3806,1990s,15.39408946764116,0.009305555555555556,1.697869019031974,4.0,13.586429,6.07818832397461,13.158034,1.6501476,0.5383091,11.084309800346052,16.485353621512026,0.07816487394060408,17.708575823721084,17.613053981649628,8.688276874623917,2.860074802593764
A_68af9f94f8c8,1960s,11.234137913221984,0.04388888888888889,0.10503156018835469,9.0,10.752055,3.251661396026611,9.794798,0.5520124,0.5890463,9.970679449767596,24.14924629315637,0.048961735694639144,14.037961312814613,19.150615983454355,0.8940091132552848,1.9124697424656367
A_697c0b6ddb23,1970s,11.58171278448653,0.07319444444444445,0.30351904375095096,5.0,11.416727,3.190846633911132,10.301,0.7081389,0.6858322,12.697946381994923,7.275184044586885,0.051815135416231665,13.520117358879013,17.473963401068197,0.38359355800946027,2.1221503462250872
A_69e367beffc1,1990s,12.479910206670889,0.05513888888888889,0.5834660227756054,10.0,12.01962,2.790478897094726,11.372894,0.33248362,0.59737766,5.511100547290117,6.553252196772677,0.04830107613471941,13.40698165175991,16.09499466359054,4.683983725549137,2.2083946585848007
A_6a0156774b92,2000s,11.494140095950293,0.13486111111111113,0.568777552593823,12.0,11.596913,4.39293451309204,9.471578,0.98145795,0.7310615,9.510944046869055,4.823725546758307,0.07050514155626297,14.125663404970215,17.692502202170246,1.031845996639304,2.624865105078295
A_6ac5775f64ed,1970s,6.684781488605238,5.337083333333333,-0.42475882966511413,26.0,6.6913595,1.5705230712890623,5.894242,0.35721728,0.6349146,5.226455818361734,2.539210204474103,0.03960773474210268,12.881354511558941,15.545613960277393,0.3792844929381607,1.776044809914429
A_6b2ef81a897f,1970s,7.785849690861794,2.931111111111111,-0.1151853248975474,26.0,7.789288,2.9473200798034673,6.444533,0.6521661,0.727674,19.994350420619973,30.903342066135195,0.06270428960973566,13.268392693560056,21.5748419554314,1.1045605915805519,2.259621718473138
A_6b5a2496295d,1990s,12.711698245420283,0.3502777777777778,2.6107171904940047,18.0,12.751423,7.460579109191892,9.707145,1.9223094,0.81585705,14.915841410729088,4.206774306672499,0.07473795618012895,17.046149711221332,19.661228201175813,2.6671318862857962,3.0534802595037642
A_6b8c6a1ff52f,1980s,8.551164098193738,1.9372222222222222,0.18568425446909265,18.0,8.856429,4.650891208648682,6.6028595,1.0148864,0.8861463,21.8999985044002,4.3534092248223635,0.0783766411551347,12.436399679446408,18.5294847760765,2.4507124494550387,4.350681836715745
A_6baaf6b607fe,1990s,13.089272034819448,0.42763888888888885,2.5595175644374244,40.0,11.812768,5.0233870506286635,11.216112,1.1399789,0.66803104,17.304456448636536,14.926054615220107,0.07320958709716796,18.02796392200289,27.73107365679653,20.623246469475365,2.6417807605381496
A_6bc9ae17dcd5,2010s,7.9107451851443935,2.183333333333333,-0.1998239038518732,62.0,7.691908,2.269800376892089,7.0451746,0.4753596,0.60438263,10.723181245237582,9.011366824461218,0.044536860843202956,14.148931683545428,18.346556149620383,9.232563845476149,2.1614370027944934
A_6c19ea2c9e18,1970s,17.484649943166442,0.0002777777777777778,1.3243411607087525,1.0,12.707542,5.299843120574948,12.344847,0.7870201,0.63384163,8.448160124351173,7.162025244684445,0.062072368056685825,17.6298983702573,20.75287282491704,5.901811398930306,2.3515583739036723
A_6c2d2f92d359,2010s,13.350511266179389,0.044305555555555556,0.8936105553812936,13.0,12.469784,4.16278076171875,11.462798,0.74887836,0.7620614,15.867771116524759,8.1522880213245,0.06920413775409727,15.337858930994551,23.49781485186292,5.617292459018305,2.644051648200905
A_6c7808ec31ef,2000s,12.385150789197095,0.24708333333333332,1.3019605401884613,17.0,12.513648,5.541190814971923,10.287263,1.3191705,0.68832344,20.981669391284182,10.101894207985058,0.059268578909620444,17.146300674539955,19.69745169437456,6.794028304083314,3.0034587113147593
A_6c80a339fdbe,1990s,12.735563613154342,0.15777777777777777,1.0164506448807797,28.0,12.499557,2.8097725868225094,11.515747,0.34455752,0.67847484,13.106354034997437,11.356997244511328,0.06878802281041299,18.037852303272857,21.515872959688586,8.905088708491807,2.742186769222203
A_6c8510bbd98e,1980s,15.958319775295301,0.006527777777777777,1.8592752654242792,5.0,13.520697,6.998419570922852,12.708513,1.5926635,0.6887673,19.75542373665364,30.949055566532216,0.08981976108117537,17.87581306685138,18.860631709910905,9.522002405746266,2.9976401630997436
A_6c8b05790aa4,1990s,11.720848686636186,0.3204166666666667,1.00800635852739,34.0,11.801387,6.96323070526123,9.4827385,1.7412479,0.67700124,30.335804861502137,8.16628479358025,0.04816306538664537,16.11478082721911,26.374557042300786,2.710307162870789,3.1959741869470615
A_6cc6275d1b29,2010s,15.966388317914284,0.09833333333333333,4.43346365999484,32.0,14.041246,3.9553294181823713,13.13869,0.56906766,0.7956825,30.541719116915747,16.12641568478024,0.11455361276610286,18.841937916278727,26.433487434652072,24.45794810985177,6.625294459442547
A_6cf44149c954,2000s,9.672080844612399,0.8840277777777779,0.263918322083768,64.0,9.731246,3.3821783542633046,8.241796,0.7387145,0.5650744,10.01889092645933,8.738353342176724,0.05356755946363722,14.845148522591053,16.300287090613146,10.365488630222167,3.0156603169981087
A_6d18ade53219,1970s,16.37442986529815,0.0004166666666666667,1.774827758334454,2.0,12.007519,8.537727832794188,11.138483,1.7635455,0.60861856,14.763432619393965,13.676505884352462,0.06272509489909257,14.779972412661333,23.954989071024855,4.100441388782743,3.1093315301140594
A_6d59164746dd,1990s,12.990512204247816,0.03902777777777778,0.6790721852453658,9.0,12.103497,5.202206516265871,10.901989,0.7640487,0.73814064,13.84739832675331,10.49497797687495,0.06061345777511596,14.988413310089724,24.022902591779946,2.6328636966870045,2.49649040499677
A_6df29f93e33b,1970s,15.969401412891884,0.0015277777777777776,0.8513182310295195,1.0,11.781447,5.173085403442384,11.569345,0.7857716,0.6395493,18.066098149106605,16.322400898247604,0.059432237199012264,15.625071100894012,22.718237091449012,2.63041512393829,2.594721827317435
A_6e2598b391c9,1980s,17.10448974099205,0.0004166666666666667,1.7259393489605017,1.0,12.847512,7.9582314491271955,12.000979,1.863679,0.67518955,14.75073107791974,9.93861022838036,0.05106144663216411,14.944405182645248,22.31478218842056,1.5280909637264948,2.5545396528524176
A_6e2a3c3634e8,2010s,16.04524737591434,0.0016666666666666668,1.428578463416395,2.0,13.913222,2.8072432518005375,13.150315,0.59532964,0.7702722,16.854835874391053,5.696110320380521,0.09179743203249845,15.119903715461085,21.788647948914747,3.849459279774239,3.5276964183236164
A_6e45fa467771,2010s,9.350189362886066,1.2408333333333335,0.383748764927625,44.0,9.3501215,6.324563074111939,6.830263,1.2890993,0.85191244,31.146303970260245,11.617394797532421,0.08091330993652343,13.489994799638987,22.68268684999114,5.8244799236489815,3.21840948040579
A_6e52f63fe5d2,1970s,15.724581716958848,0.011666666666666667,3.1260083399285694,5.0,12.730169,11.484350490570066,11.737043,2.5136042,0.71371496,16.38366439737966,11.477965788120022,0.08180375812560556,15.587934745058313,23.65176005817429,2.680166716317001,3.890531398797025
A_6e5ce88c4e6f,1990s,11.080206918805658,0.36,0.6821898184947282,12.0,11.197039,3.1756069183349602,9.776663,0.51785195,0.65774184,12.241414813990112,9.28281126885581,0.06964150328214476,13.565221534308767,21.928841029998743,5.273051931160023,2.8851457248908794
A_6e79f6c2774c,1990s,10.122591418362,0.7006944444444444,0.36338821112123254,73.0,9.759051,4.991428089141845,8.4012375,0.92766345,0.6617514,10.279546809788195,17.484883011546362,0.04480189206383445,15.856986064219075,21.14364628487207,13.638635654612099,2.320126347338024
A_6ec13ae77a67,1990s,9.932710805949144,0.8394444444444444,0.5510278520593674,23.0,9.661445,6.0543207168579105,7.9896617,1.0788673,0.6221837,8.732929097372146,5.316023646716964,0.04198518884593043,14.213655324878092,19.275104719657673,0.7094215872313936,2.1642442086210862
A_6ef446ff0e0a,2010s,7.7644393995418675,3.3986111111111112,-0.026251686929664952,74.0,7.9328175,4.218323516845701,5.976279,1.3069005,0.6611833,15.069883295556822,19.878304333919935,0.05593115365610714,12.55583586785156,21.041063729984458,2.03136337280635,2.3205857637694547
A_6f30a0d5580e,2000s,11.399869328185707,0.4993055555555555,1.2414241231294554,51.0,11.257068,4.645618724822999,9.649138,1.3184355,0.6965608,17.93640189406043,16.814236529230758,0.08627484615718091,16.171693301893992,20.266817403889267,9.21614715492913,3.030902035504447
A_6f58e15be8f8,1980s,9.249804434885581,0.877361111111111,0.06597382872705859,27.0,9.246159,2.7992013931274418,8.015575,0.557934,0.66277105,9.622063657950584,5.891130833807114,0.054481714293801574,13.061565479016831,19.416853028570184,2.543695696656285,2.70981754700516
A_6fb5fa5846e7,1990s,16.240103736701315,0.0004166666666666667,1.6633239774649171,1.0,13.589313,4.649374866485596,13.04536,0.70049024,0.82658327,19.052808261645307,6.826759342758585,0.09601087477472094,17.182299110197484,20.624672824106643,3.0275969088499215,3.1530069857878957
A_6fd8782e5e7e,1990s,12.84325263988683,0.057777777777777775,1.0491068530101089,7.0,12.705408,3.8674932479858395,11.195938,0.93225753,0.7287788,16.235587924774745,7.667046218000083,0.06963625805489969,14.653623079074254,20.434881277019468,4.945675592129373,3.324245110745066
A_6ff56dcd50db,1990s,7.1272550104371115,6.377361111111111,0.09340620581000669,124.0,6.891135,5.481950283050537,5.3069468,0.7874521,0.9287557,23.897446604426932,19.816570646943596,0.09514567006347527,15.662513772388946,22.4025673564664,2.1065079556873716,2.0969868248093575
A_7049932fe21c,2000s,14.535482569020388,0.04027777777777778,2.203353485613441,10.0,11.332533,10.354035472869871,11.073286,2.3015316,0.66846144,20.209865996205952,19.183864951708014,0.05108131332735045,14.266944750324253,26.10421063939642,5.047449459161081,3.9980353668557678
A_70f8f9d4bb5b,2010s,16.216519106528686,0.0019444444444444446,0.4317131949928652,4.0,11.40587,4.1905740737915025,11.775676,0.70063376,0.67957044,9.726616829501872,5.946946729154819,0.04140626037329958,12.238480494605248,25.304854405024223,3.3648716073389444,2.281112444619681
A_710bca58cd91,2010s,10.405489682704848,0.08611111111111111,-0.21129880990593541,8.0,10.243357,2.1261736869812005,9.410407,0.48204064,0.5883697,8.951653381866384,15.38936838311135,0.029923851989036382,11.660857113246957,17.917889529827093,1.3754453220556186,1.6858163837049212
A_71444ba33111,2000s,7.072985729768262,3.5380555555555553,-0.4149735404148136,29.0,7.0243454,2.423231458663941,6.094997,0.5976421,0.6236211,11.00413530892131,11.022231360485668,0.04943880098778129,10.774671839430695,17.369199370222802,1.511081750366234,2.0515990926499215
A_71b215f04263,1980s,11.504218299042588,0.22666666666666668,0.5927492389533651,27.0,10.960705,3.5977535247802717,10.183837,0.5617101,0.57927155,8.887722986897911,9.676016408234545,0.059397742748260506,15.078786081115915,16.768320265735817,8.234107397819646,2.741073595011242
A_72724f24687a,1980s,11.018613244352307,0.3436111111111111,0.5573653178653166,22.0,10.98824,3.6897941589355465,9.36075,0.7820126,0.59201515,6.410230352931008,6.148907737838435,0.045088989151107685,16.475666607909876,19.692353239767815,5.347992080554064,2.2197338399819873
A_72a36d4bb5fd,1960s,15.166235733177965,0.0011111111111111111,0.9385109833891887,2.0,12.440954,5.506083679199218,11.382681,0.5728371,0.72587365,9.825019676256021,6.715142317037554,0.06169140102356438,16.621613569061743,19.18285427768474,1.1172572603608986,2.0730343720295235
A_72c98a64d427,1980s,13.0138831350142,0.28347222222222224,1.9837486937901447,35.0,12.7899475,5.435536861419678,10.598571,0.9406235,0.57094383,9.826384851789356,11.390211590321236,0.06211666751059757,18.190781152857006,20.34321751493875,12.039928341955028,2.823702784331083
A_736aa05759b2,2010s,9.04676367256668,1.4008333333333334,0.25184728069238105,43.0,9.318718,5.322115802764892,6.9448767,1.0584319,0.7564607,19.098678304661497,15.988810005845515,0.06714885490782121,14.445810380101195,18.906862366679324,3.2147748711167354,2.8757775847369604
A_73d2a7b1369a,1980s,14.136903327168596,0.02652777777777778,1.5810062044743862,11.0,13.255384,4.341389465332028,12.079984,0.76564705,0.7769394,15.712408754855696,12.590735371847542,0.07456161830075987,15.765834312034608,23.446214886791047,10.422653281828977,2.7287274274021085
A_73d7f02bd027,2010s,12.928929303048616,0.06138888888888889,1.0720503398488725,12.0,11.910921,5.065973377227783,11.010513,0.90104145,0.6883215,15.531000843556628,5.101772541569032,0.08380701642675498,15.889432756614127,25.53465892528384,4.376854718985491,4.0183398183007
A_741f29c9bcdf,1960s,14.586985486764755,0.004861111111111111,0.901510712773312,3.0,11.471061,6.92997817993164,11.144033,1.4487383,0.51588553,7.248231764688538,39.374938490303165,0.03973483615451388,15.943684159761752,17.492635181489945,0.042615954874209994,1.9570349768978925
A_7422c217b2fb,1970s,16.440177233561354,0.0002777777777777778,1.350198570547109,1.0,12.551134,7.172270488739013,12.33807,1.1326288,0.70550364,11.730686031424975,8.59955651815071,0.08450542271621829,14.210020894703902,20.87670362326125,3.9025502475649736,3.0969881667430186
A_74f30237517e,1990s,12.174915783385268,0.058055555555555555,0.884416099443083,7.0,11.348496,5.022115612030028,9.99771,0.79607147,0.6455797,11.773567996918798,4.618114408799223,0.08248128388760358,15.392474107166452,21.45850492196009,3.4632807840965008,3.059631986115025
A_750ae4b39fdd,1980s,15.123725851536461,0.01611111111111111,1.7171524113137302,5.0,12.83123,6.0165818214416475,12.259959,1.5525948,0.6372276,7.5438487482732315,5.112062069616961,0.0628796287536621,13.955826836394444,18.942331166920013,2.1721135126560522,2.5485926844198703
A_7513cbec1618,1980s,12.773912495005126,0.034027777777777775,0.9242676906540339,8.0,12.293857,6.052015018463134,10.136473,0.96745944,0.7002149,9.711627835362473,4.381829470320696,0.06070317242909404,15.648941122211996,18.789616688006845,2.841746515294327,2.8978723142814458
A_756a9598f739,1970s,15.31080992758343,0.002638888888888889,0.9310165339933385,2.0,12.900747,4.0462536811828596,12.38172,0.9445534,0.6388098,11.272403253277178,5.713217302718654,0.05861597379048665,16.091578789039563,19.435876721770484,6.636449598243994,2.228722640772279
A_75873407bb36,2010s,12.24553443782416,0.27458333333333335,1.675876958215448,18.0,11.098284,9.639328479766844,9.0887785,1.2435212,0.6507084,10.246069587372746,8.299587464597357,0.05993123126657386,17.602708078161815,20.107202767859576,4.473233250640359,2.7464299367854514
A_75dcd8180be9,1970s,13.132353759807069,0.24152777777777779,2.282334580746997,37.0,13.044912,4.474363136291503,11.206905,0.975803,0.78547895,10.801892510664258,6.057687223185303,0.06931448955982053,18.24847902295962,20.447277158589984,9.252701743624325,3.2819027462053327
A_76190bcadd49,1970s,16.832421527352725,0.0001388888888888889,1.2192615615608409,1.0,12.410724,6.231765365600586,11.357958,0.766722,0.6809358,10.074156327988018,5.457081837433032,0.06531559531753127,13.949953373859426,19.826425950955404,8.045671864843685,2.954472612661802
A_766d8de6ffc8,1960s,16.59880160296967,0.0004166666666666667,1.4494950487856748,2.0,12.783434,5.573372936248779,11.651468,1.0569793,0.6928463,8.052589548576897,3.596026767949053,0.06962575371502436,15.330146593079727,22.556156908995554,1.6343388036350985,2.9023291157865394
A_76e032d00c9c,1990s,15.146214035841513,0.0006944444444444445,1.5337759183008837,1.0,11.744948,7.649024486541748,10.979684,1.5791632,0.6601475,16.07898466538293,12.72082701931513,0.061213722870129494,13.35210028852477,20.391264148141765,5.6333191134107174,3.145382508918612
A_77012e405e35,1980s,22.194577871895135,0.0002777777777777778,11.115292239300826,1.0,14.1845045,11.137811279296873,15.141727,2.2093616,0.78240186,24.976195894678117,11.63244944112351,0.08600585958536934,17.154090559448292,24.619809533097083,7.829570443001225,4.235711421684291
A_770c3a38c547,1970s,15.716146526298651,0.010416666666666668,1.8515963825902721,9.0,11.436631,8.660360527038574,11.411855,1.3668984,0.6734249,25.780496641720593,21.74274290499733,0.0666246895079917,13.99186962090063,27.61059620546449,1.903717842358966,3.067463119217635
A_7731fa1ed35b,1990s,14.489138572701421,0.04930555555555556,1.9358095293175452,4.0,12.529793,8.043984794616698,10.840374,2.074993,0.6812043,16.738878222341288,15.828372860122784,0.0641139034558368,15.180028385307649,21.913182907056104,0.8646889399415811,3.1670778351007325
A_779e7b8ae5ff,1980s,15.939734012855494,0.0011111111111111111,1.7081275413908301,2.0,12.439543,7.717432594299316,11.601715,1.3765137,0.64555365,18.102924925678874,24.12728496269973,0.05925359419413975,17.55586304388052,23.53458043574674,2.1743055419832604,2.7806059359607795
A_77beb6583a0e,1990s,13.560186976307891,0.026388888888888885,1.2729061489913933,8.0,10.91774,29.86671209335327,10.151936,2.4816034,0.54906523,14.276395971763105,33.59610641090536,0.10096758488246373,13.278335657307393,24.046381249146883,2.8414773788792296,3.6394499560838325
A_7802d05d835d,1970s,12.604471799825301,0.09416666666666668,0.882834300392052,12.0,12.269386,5.050249385833739,11.050184,1.3726455,0.55116314,10.911646563535339,12.825176297329708,0.05605063404083251,17.211295560426734,19.41710539752047,5.992076265687489,2.608496910637464
A_78260fae662d,1980s,14.490680745270808,0.0033333333333333335,0.5353405918535064,3.0,12.796322,3.096804428100585,12.510623,0.6800087,0.575703,6.620459345919076,10.344023477975819,0.054127925051389816,14.510758716975348,18.799641936186067,3.9920487435930196,1.9611782655944843
A_7927920e3086,2010s,10.740468028654359,0.05888888888888889,-0.11102682544725395,5.0,10.510831,1.7072807312011715,9.991732,0.31548175,0.55911773,8.671775828814733,40.7448003633904,0.030413510775325274,11.099124913391993,16.325603943050844,0.6602867610663141,1.5940616539868766
A_795b92dd8ac4,1990s,11.978837118127736,0.17972222222222223,0.8112021637103815,13.0,11.81269,5.606466102600098,10.122062,1.2005719,0.7011315,10.375741026929054,9.180866154400432,0.05238410746729051,17.447679809060407,20.253069362911578,4.940395131253033,2.3499327708381004
A_79e81e05e9c4,2000s,8.297764851029378,2.3233333333333337,0.09648690062968068,77.0,8.331591,2.6327658176422117,7.1838827,0.4076418,0.87700444,15.734338041570226,5.500275006005781,0.06370671366162868,13.468393357820737,21.528810284910318,2.6183755776052777,3.447232974065252
A_79f185a3f4fa,1990s,12.679863327028151,0.022916666666666665,0.7529099207914705,6.0,12.223418,4.8463041305541985,10.154401,0.76430655,0.77387005,12.981234978042473,5.235084660302066,0.08037198085051317,13.424698505880269,21.55155744934838,2.138834139323988,2.7931793983673883
A_7a03468ed0c5,1990s,16.67919502335498,0.0020833333333333333,2.743689716143061,1.0,13.422691,7.30743055343628,12.274974,1.2643063,0.7247323,29.293123909218124,13.019945821818688,0.07474828720092774,17.253725695864112,26.428317729001684,7.6878856818114905,3.5001173767186446
A_7a1aad4c53c7,1970s,10.897947205903355,0.22791666666666668,0.3354477184547613,13.0,10.564939,5.66197395324707,8.748868,0.9802637,0.66274613,8.401523209572302,7.551461670916433,0.04162606551212335,11.502429304508384,20.583514282522252,0.9647385417767054,2.2939791197009454
A_7a2fccd2830c,1990s,18.2437832132434,0.0009722222222222223,4.054859863487838,1.0,12.400528,9.158366584777834,12.702333,1.7233127,0.653516,12.221305296739997,7.3035305678871705,0.07387870795151281,15.229814244066231,24.28341509032405,5.173271076042136,3.416048962297632
A_7a3821a6198c,2000s,11.245495465469272,0.1325,0.2731499788506233,7.0,11.266079,1.9217715263366681,10.405926,0.4132638,0.6279556,7.051375588733632,6.0343023666856475,0.05575252508217434,13.485424720971425,21.38306853437778,1.644588788083981,2.1000474001415554
A_7a6bef50de47,1980s,9.090821659424257,0.8181944444444444,-0.06390132314319752,29.0,9.005086,2.447724151611329,8.09905,0.46060926,0.6258642,6.030122042354458,3.4971945643687423,0.042952878849179144,12.339129357298102,17.652507442620774,0.8549464012271821,1.8698716984730401
A_7aeb0a97ce45,2000s,7.98927007228871,1.71375,-0.3110952771311588,35.0,8.030393,1.7046342372894285,7.267721,0.39193615,0.62088126,13.361815682505375,10.149403763289412,0.03290910384694084,13.95793997479463,18.33755605998504,4.684435540957892,1.9492240687660718
A_7b8d14786fb8,2000s,10.992037603151715,0.4373611111111111,0.5979895206282384,21.0,11.23035,2.031731986999512,9.977176,0.4387354,0.61292756,8.071324165651102,11.567125740625485,0.06122744671285971,14.08596051703168,19.06128223917919,7.82962994190118,2.5522244863249566
A_7bf94b448056,1980s,10.550414541376417,0.13680555555555554,0.1140928785791262,17.0,10.653344,2.570675086975097,9.376099,0.43355086,0.7905841,8.605247816736473,4.801370429835771,0.05991102412969125,11.768562066496582,21.14593979819359,2.6842926459209018,2.2875511745950807
A_7c61fdebac84,1990s,13.813615792612824,0.0009722222222222223,0.26149130162283063,1.0,11.619686,4.208328819274904,11.078028,0.78492343,0.5406813,10.323539730557039,13.989677299788394,0.04830005288124084,13.356812362138166,16.40118367951156,5.9259288833747235,2.021307736773024
A_7c87d7895a3c,2000s,11.90738449911845,0.2559722222222222,1.099161543737714,41.0,12.029353,3.044062232971191,10.43048,0.6066109,0.7369918,17.266626592836328,7.536312720026666,0.0809163216540688,14.320993033850698,21.838093772080896,3.9307872139157602,3.3541349838770755
A_7ca8d40b0aac,1960s,12.430722571058949,0.08166666666666667,0.9982437692628814,10.0,11.510943,6.6130194664001465,9.630926,0.8412229,0.7404905,12.466976180831745,9.586881500980413,0.05869910519001847,16.347996180760006,23.021767753004028,1.435387634809702,2.6742096636813004
A_7cb8cd14a5d4,2000s,11.594556190902349,0.23486111111111113,0.8991865610735266,12.0,11.383776,4.482293796539306,9.951362,0.9927242,0.83227384,13.589228634395921,15.406941850108176,0.0669300844397726,15.41098972661702,20.861223172362582,1.0752241236291082,2.5508996726073168
A_7cd5ea46fd32,1970s,17.248148984783576,0.0002777777777777778,1.9697714444968577,1.0,14.011969,5.38879318237305,12.971267,0.7697626,1.027392,20.708045183875726,8.058696481350054,0.09165525639114748,16.981094505901726,20.39025609124695,3.929327524450545,3.503608159021738
A_7ce8e93534ef,1990s,13.485422316604636,0.0006944444444444445,0.6111158156798919,2.0,11.489774,2.249007606506348,10.727037,0.27639344,0.9336767,17.80993199073254,6.637812985616508,0.07674222877290515,13.736788217944317,21.53784104247071,1.385051263378064,2.684503271352024
A_7d5d79eabf2f,1960s,9.175321024223098,0.4802777777777778,-0.11340661845462696,15.0,9.065919,3.439079761505126,7.769688,0.6496776,0.7411697,10.89255115981154,8.45439473001901,0.05757149228986524,13.025835315238924,18.05809021832388,1.6784650883430068,2.3450075031555015
A_7e251e3743e5,1980s,14.1635099467315,0.16555555555555554,4.121743035341845,23.0,13.951269,6.3827527999877915,11.782235,0.81771123,0.8574534,23.163323541487895,8.675711841726308,0.1366850923769402,16.54961827770229,24.079282825905622,5.331216437336607,4.2357176905874265
A_7e3e675f8da4,1960s,14.356772567711161,0.0006944444444444445,0.04803916944389819,1.0,11.495298,3.339718818664551,10.835965,0.8178523,0.6452462,8.256485458315934,7.268254257659587,0.040238785538936686,16.391396264098503,15.904631236055849,2.1961209390877174,2.0505447352618114
A_7e5607aa5520,1990s,14.149078810398475,0.05430555555555555,2.032186987371923,16.0,13.756599,3.771502876281737,12.61722,0.85902077,0.8011772,21.893154530366463,8.241297003503249,0.11409832124634992,16.944244540679083,25.104517435868374,7.0370700948817255,4.011691108996678
A_7ec32c3dc26f,1980s,10.398239082615538,0.38416666666666666,0.28385472422329006,21.0,10.473613,3.1563437461853017,9.15745,0.7098797,0.5933537,8.673629534939097,9.027476699282706,0.047355085142727564,15.89756710543449,17.954614055433698,1.705163744730183,1.8552087144908822
A_7eca6c763e94,1960s,13.86756561298239,0.043055555555555555,1.4397404920907855,23.0,12.5372505,5.00230131149292,11.436124,0.9959157,0.6398686,6.025316909327645,4.1676405015439295,0.05621761697197929,19.69608373488695,19.15381519061534,7.810202615332274,2.1417876738929604
A_7f07754d1aab,1990s,15.739111621821717,0.005277777777777778,1.7720948676683372,6.0,13.513527,4.632502841949462,12.682086,1.1530362,1.0470635,14.797573670277858,5.441059977482837,0.08602426750595506,15.695137295785393,23.307517891911736,4.325359740795109,2.8406121850097628
A_7f9cd2546f53,1990s,13.978107014685463,0.03347222222222222,2.1144665764655572,8.0,12.861204,7.194297218322754,10.901479,0.8893098,0.7362382,36.3368443163504,29.48883528716943,0.10449579335330578,16.786817487139317,22.2526721746108,6.817754498215093,3.768711074889585
A_7fc5f58ade7f,2000s,10.628660037932528,0.20694444444444446,0.2675459795885713,7.0,10.945911,4.575785064697266,8.688154,0.88032687,0.63727653,7.029385078898579,3.9070027906548903,0.04027566699784037,16.173197886783306,16.83931380669343,1.0893386505577736,1.8313890269151416
A_7fe7be7d92f0,1960s,8.52615594968342,0.9968055555555556,-0.24804491938000783,11.0,8.571779,2.8593726634979246,7.270362,0.5357018,0.64571756,8.691618963615282,7.999735581949677,0.030019339315546383,11.893015835540748,16.586213136113326,-0.11963023015674867,1.7097461943045151
A_80294dd87544,1990s,15.404162412103595,0.0125,1.5496047413302572,22.0,12.964849,2.7314324378967303,13.046767,0.5801389,0.60873264,16.49438167545413,16.209819883904363,0.08536479084204275,14.437733164358953,18.647677031078356,9.361125737867049,3.603978915134141
A_80802527f56d,1980s,19.620603553028857,0.0002777777777777778,2.4413220765299286,1.0,14.71191,3.6021606445312493,15.082411,0.5698276,1.004021,6.875872115832563,3.8987628969339836,0.06916478263997586,20.673842052900497,22.527206788111563,9.751853158018676,2.44562804740536
A_809258f7037a,2010s,8.42184609310566,2.0970833333333334,0.04453769993733392,90.0,8.46966,3.3288542747497543,6.8994226,0.76388794,0.7197839,11.37515583245515,5.117063270034773,0.047218220123024866,13.137486464202668,18.724605445780416,4.092651195631427,2.372066020541096
A_81288c63ee71,2010s,9.04257930571954,1.3044444444444443,0.3039574255659647,39.0,8.433856,14.319480419158936,7.1869335,4.4798965,0.62141174,6.9652824632989905,5.201010548865209,0.040436654469824786,15.650976714200418,18.300395677008137,1.0729396278210546,1.9193036578358755
A_8153b065fccb,2010s,8.575596208031234,1.7302777777777778,0.04614876998996298,41.0,8.545201,2.9065792560577393,7.345408,0.55820805,0.720026,10.706971948794868,6.316319861796156,0.04595925853239092,13.400050876501764,19.192846795069133,3.4900456798700734,2.341438244569612
A_81b70f4b795f,2000s,17.652122245017086,0.0004166666666666667,1.7983880348083305,1.0,12.018175,7.3182790756225575,12.010916,1.5054163,0.57496023,10.664445076383005,5.9741927706347955,0.06017837064729321,17.330916783724195,26.445004287882416,2.4094786448243752,2.7669129014746603
A_81be887f8d4a,1970s,11.258277596650544,0.42375,1.225982374995267,24.0,11.195583,4.23655948638916,9.696106,0.8410105,0.72894543,13.249816567161123,6.5347861326744,0.08502217570713588,17.301888508847494,18.914994538577847,2.042417858468685,2.988030120644397
A_81c059ba1dde,1990s,11.527009320141406,0.010555555555555556,-0.16082867311277882,6.0,10.404623,2.3173910140991225,9.781657,0.5111461,0.5426899,9.03838855968834,9.008661764416471,0.05144356117410174,12.549832932405502,19.76380377700986,1.2689761585597736,2.145432095028879
A_81db0c8f99f1,1970s,13.972678643596165,0.10291666666666667,2.496400040563077,21.0,13.789936,5.474283123016356,11.967459,1.0431552,0.7698388,22.020922985955977,20.333834386226243,0.09082804431263199,17.138122673175566,19.325236775374865,11.210519421929874,3.4452038566586936
A_81fba29c8599,2000s,9.071011928115908,0.4563888888888889,-0.3746843637658741,37.0,9.014316,2.3007378578186035,8.143663,0.28211284,0.5946467,17.206856648683296,17.033407490542757,0.04837691730382491,11.95220992022282,20.915053101880417,4.686615289437784,3.089699082300327
A_82a0db05ff44,1970s,11.60079998219402,0.4436111111111111,1.433329600609575,30.0,11.809493,5.99985933303833,9.4418,0.67843515,0.882477,25.01011786973066,12.53010992744097,0.0809788705766663,16.15414145743837,18.815502646267333,6.628517278888703,2.840828253228527
A_82f663e749c8,2000s,15.858882947028011,0.03611111111111111,3.6364870320800806,4.0,13.706497,8.488042449951172,12.661754,2.0617948,0.79268384,9.097800500630818,2.8400944277512554,0.08773714047781428,14.500054789912715,21.890532179394288,9.47795252074739,3.1920615213841446
A_8328453ba50b,1990s,13.734810349101506,0.04680555555555555,1.0253460745367384,12.0,11.696325,5.435312938690185,11.030824,1.3710834,0.64449096,24.12338519054777,20.11399491511075,0.04710926773434593,13.981895195568706,24.786922485047672,8.016478947735617,3.3546430374040535
A_83d3266dce94,2000s,8.933959504169472,1.903888888888889,0.38222667627322693,39.0,9.151799,3.1892478466033927,7.6245804,0.5748957,0.6432801,14.355305164938502,8.85572778370981,0.0693930800249622,15.23030481209017,21.240816245073784,3.756147162914851,2.92573231996014
A_84dda25b4fcc,2000s,10.132172475658571,0.48916666666666664,0.23431350432177522,48.0,10.275031,3.4413473129272454,8.450032,0.5975913,0.65506005,10.784084030453627,9.490058375573808,0.05785946780237657,14.716253885004448,16.484639511392647,5.297650689129544,2.392761576970432
A_84f7ff0da211,1970s,14.378999240488822,0.11416666666666667,3.081380476614135,27.0,13.614237,3.5324768066406236,12.961989,0.55432034,1.010295,28.383228288192527,8.22900024563528,0.12495340300457818,16.22903149453046,22.11096803421463,8.671116053465367,4.006662398646724
A_850dc77e04cf,1970s,12.009478110923762,0.08680555555555555,0.5823492393480252,11.0,11.593639,2.8714767456054684,10.670975,0.2409959,0.68290526,15.316470230569044,5.9660352212739625,0.06207081071482408,15.128444182022452,19.48350599391318,5.800222290722878,2.9587687366348963
A_852883db0fb1,1970s,16.33383872516615,0.0005555555555555556,1.160427482479565,1.0,12.917841,5.001562690734865,12.464374,0.91706777,0.7758949,19.771249127056965,12.163910096096355,0.07418880849271207,13.744899643723036,19.023257676125642,3.9762460711578322,2.9312223249094296
A_85d88af4e6ac,1990s,19.891053297594368,0.0004166666666666667,2.7606736908992078,1.0,11.6486025,11.5645751953125,11.236944,3.0449946,0.54802054,20.09172098402239,20.155197923738854,0.05633307224771251,20.075656366250946,26.919862837146223,9.819279658762502,3.8018208178894635
A_8602678e1f0b,2000s,11.47457161263676,0.13486111111111113,0.5181232218109422,21.0,11.047256,3.949028015136717,9.887301,0.5684162,0.86503476,11.957917238623361,5.030935136584459,0.054262791361127584,13.514336488169029,22.86514353353718,1.7849363872336923,2.7039047012249955
A_866b45b79cf2,1960s,16.724580940924344,0.0002777777777777778,1.3264089895258522,1.0,12.271643,6.811699962615965,11.800023,1.3865036,0.6736618,22.852587658134624,13.484410028457042,0.08694317040378098,13.87809332767757,22.4082951035061,5.858540780607319,3.7046597957255494
A_8772cf04b492,1980s,8.814043000591553,1.6223611111111111,0.21368563200246093,34.0,8.708154,1.2918725967407223,8.28872,0.12605837,0.6496727,3.401929598338506,1.7591262486674983,0.058033681623506035,11.63189070102198,16.967789498969932,3.3542592750088707,2.5441446137155834
A_87982147e907,2010s,9.885915548119765,2.8545833333333333,1.7718103504230038,88.0,9.976304,3.9315202713012694,8.330453,0.79551804,0.88729763,17.81477456610583,9.001535698916904,0.1041148418850369,15.657280642319053,21.791505560826742,7.150922854739212,5.538274298088139
A_87cf63ca835d,1990s,13.79635531418879,0.11083333333333334,1.808797250908789,23.0,12.454229,4.7348482131958,11.508789,0.90618896,0.6793505,16.579928923251433,9.569983419989887,0.06129287179815706,16.702706053402483,22.06612718605875,11.067652346134324,3.0059322658400918
A_887e45a97ec2,2010s,8.851480211268097,1.4188888888888889,0.056696473101792044,40.0,8.919282,2.2896157741546626,7.7604814,0.43380845,0.6064865,11.130299453448469,8.392679546408655,0.06619207373836584,13.45377089186412,19.46637349011661,5.548401639233765,2.9926326887792567
A_88c6a2b09f18,2000s,13.532119500785852,0.018333333333333333,1.3611566110680595,5.0,11.009721,8.925070667266844,9.140326,1.2621033,0.68317944,8.920365735967936,9.345016455870024,0.06456808685456347,14.395390729461738,20.326602963438617,4.866191713752202,3.022659714524893
A_88fc65aa1a4f,1980s,17.92480679617502,0.0004166666666666667,3.339582686343202,2.0,13.062824,10.277410507202148,12.758714,2.3109212,0.613128,19.300288982267098,9.329982430398545,0.07316309458967568,16.776412404861674,21.617194474759632,9.536498054926751,3.565152897153784
A_890aa4c8fbce,2000s,11.954151166181592,0.06694444444444445,0.3312133893714888,22.0,11.355266,3.0862773895263658,10.4265585,0.57139105,0.6937255,19.00168280242944,7.205165153905805,0.0637248182296753,15.685530859993975,24.781484846436864,2.2749953368185807,3.1872849406337576
A_890cad57c07b,2010s,11.957089638602842,0.27444444444444444,1.2012639600057602,21.0,11.884788,4.281171512603761,10.146073,1.1290219,0.7447185,13.462975330417471,13.618476932762839,0.0707366625339754,14.894247448210253,21.70719807005489,6.007993206896691,2.637951878128702
A_89c9151d33da,1960s,9.662620594714648,0.3794444444444445,-0.05934010563638781,32.0,9.433708,3.3341573715209964,8.340741,1.0897931,0.6098586,8.357965786198843,11.193735478828945,0.04521089619012188,13.672571451268233,16.709238085047406,1.3080060459294387,1.9607709887990659
A_89dcf5493574,2000s,9.199093760264411,1.1288888888888888,0.19529678617038693,17.0,9.268806,2.374965858459472,8.110691,0.43238652,0.7028521,9.360068309456661,5.419726258195629,0.0519384428149178,14.986163610060226,17.721085336552747,1.6696106745160604,2.1868526659098757
A_8a204a01316d,1990s,11.917333421251751,0.3448611111111111,1.4922214865870522,12.0,11.632396,4.861295223236084,10.398485,0.87440664,1.2590052,32.17052393563572,7.508710594706464,0.09360669094127613,11.759526626357147,23.493206379212328,8.15210933065956,4.864078697086334
A_8a6e972ac351,1970s,14.786722978959126,0.0016666666666666668,0.9449103307256466,2.0,12.073806,6.031350135803221,10.851054,0.71550345,0.52769923,9.963650663937516,7.8144914643961325,0.08007797390915626,18.36928268884475,24.93162479761113,5.018428271551956,4.013824148545276
A_8a8da113a39b,1980s,13.215592622871522,0.1676388888888889,1.7529921135567283,19.0,12.584553,4.972681140899656,11.344206,0.9430086,0.70600945,25.720625825679928,14.770505742168844,0.09550343636955534,17.350018802724414,21.94537489476614,6.536343720835102,3.1030484432151386
A_8a9c9e9089a9,1980s,17.11206032309306,0.009444444444444445,2.3162376730639576,13.0,13.658997,3.806386947631836,14.4000225,0.44290355,0.64046395,21.072930420203438,20.631947097874175,0.06011918093707108,18.550862515500622,20.78812497528409,29.3927197421945,2.595311655966195
A_8ae53b98c8f4,1970s,13.621357101211274,0.016527777777777777,0.7488899344815034,5.0,12.106039,4.354181098937985,10.865931,0.5929679,0.7221205,10.170007339585045,5.797212275195308,0.06447551379720848,12.44476293327836,19.208540669429443,0.7839248838944184,2.6064001509226884
A_8ae96c404d07,1990s,10.634632213300062,1.051388888888889,1.3268756888240825,63.0,10.628844,2.4116458892822266,9.495816,0.46685338,0.9012231,17.83905893285954,5.2747915238991485,0.10216047890046065,14.56982112660137,18.935153858647187,7.74415249670178,3.5668595911820513
A_8b275d53fb89,1980s,14.831648379109696,0.0006944444444444445,0.2526733915973103,1.0,10.18895,6.6492525100708,10.091256,1.2424412,0.58749694,8.282335507214917,13.314841619225426,0.03677410493294398,13.976799477981476,26.166371427496287,1.3375771407131989,2.2070520956660564
A_8b7c2ce2a867,2010s,8.960208640989375,1.2079166666666667,0.3454366766419916,25.0,8.9161415,7.111651563644409,6.7548785,0.5493517,0.8306971,18.714857144080295,4.77911069553307,0.0823142419184061,12.829668182578498,20.732201924918094,0.9242365121331604,2.9391735958426057
A_8be041613543,2010s,5.73938544006204,10.591805555555556,-0.5138788877784624,92.0,5.0759244,6.06270661354065,4.5363026,0.8221241,0.6522199,18.80653773162525,55.07179413646225,0.0630221257161121,12.165707794858818,20.650507191951988,0.948105863547342,2.281630915335742
A_8c6f9f7017a4,1960s,12.983439423651598,0.09569444444444444,1.3417676175087676,14.0,11.647565,5.906852531433104,10.575954,0.94957626,0.7458985,28.71613626681144,8.900028511689012,0.0795112595462159,15.27987392223193,21.074079261896088,3.394307956472871,3.9008439727289774
A_8c9c6b7b1166,2000s,9.236097180975777,1.63125,0.458713368523453,69.0,9.245493,6.236791133880615,7.083616,0.89657545,0.68651026,16.677955324632695,14.087500613988492,0.07287151422586527,13.934383843222484,20.700054288660347,5.409457640405039,2.5180430260690096
A_8ca2e0da9ddb,2010s,11.581940631707138,0.034305555555555554,0.15813370839892515,6.0,11.491826,3.1562588691711415,10.018877,0.6476804,0.77490735,10.066285684452788,4.666820014741349,0.045381447166766765,12.715554615518364,17.116879036050452,0.5147897571154094,1.818642383747534
A_8caa1b6f690e,1990s,13.095063708682577,0.07430555555555556,1.0552522860188054,7.0,12.84859,3.23942232131958,11.890668,0.4545745,0.6745501,10.851937410637087,6.203660544394042,0.0605573835128393,14.759455956063555,18.903418860373442,2.1739581475837833,2.3162154894805194
A_8ce797c92380,2010s,10.488617174519964,0.27208333333333334,0.18218327980750315,15.0,10.528947,1.6862754821777344,9.650961,0.3124903,0.61699533,5.742698790802251,4.358675856339545,0.04957059857796649,13.867778048417572,20.674208211159947,1.8454412776370468,1.9340625290408642
A_8cf2e73edde7,1970s,12.635795401497512,0.07083333333333333,1.003607040430171,16.0,11.770771,6.72264747619629,10.189571,1.3991803,0.6922867,18.730159212075392,17.059785152602732,0.05657142104389511,14.368343216041273,21.80432865893325,2.838827526546746,2.6510966398751816
A_8d5bbbd2c31b,1970s,12.112979157561554,0.365,1.8341931907877669,34.0,11.430727,6.22391357421875,10.229661,0.8905668,0.87413156,29.384104350065932,14.405866834528716,0.11550949721209772,14.963438557392527,21.415062747586656,4.32538619873515,4.1317831714098
A_8d7ad68e803b,1990s,10.572316220761557,0.6697222222222222,0.833723137502985,12.0,10.172911,7.633083724975585,7.652886,1.9722785,0.625013,10.224525836827432,12.487016260758931,0.04596069685956265,15.005080990512548,20.736472432106012,5.824224990086201,2.4853709666368444
A_8ddc8ca4a807,1990s,9.924630862739226,0.3923611111111111,0.2864007427210442,32.0,9.705089,3.642521858215332,8.364216,1.0971444,0.6883635,18.38475700518987,52.80933702874863,0.06465364037138044,12.553107521130762,16.657696260887164,3.1261743430151476,2.376412040471678
A_8e2643e487b7,1980s,13.196293580351794,0.021666666666666667,0.7753305271370543,5.0,12.659609,2.1975087165832523,11.959401,0.40400708,0.6063214,9.682316919234264,5.934871427720717,0.06256719810861938,15.371963510497586,20.518136640875777,9.312221365383145,2.603956167213501
A_8ee4fe287102,1980s,18.89588501659635,0.029305555555555557,9.579278670854592,15.0,12.682166,7.554935264587401,15.200428,0.8555715,0.6364341,17.679561241959664,13.742673299634198,0.08609901223227244,21.107663796522978,22.500666310420613,45.88520931740621,3.191556193667241
A_8ef8d793323f,2010s,11.522940680595834,0.21833333333333332,0.8051044431647663,36.0,11.335344,6.813362121582031,8.861762,1.374663,0.69521004,24.869877809084226,21.287311544302344,0.08978073110385817,14.954553104265377,19.67551725070923,8.202621788986033,3.5322076246182315
A_8f042e3a2e41,2000s,9.850062925336994,0.7634722222222222,0.38736608300658126,28.0,9.564842,5.511181640625,8.022185,1.0795757,0.7655055,18.69225719736006,11.551439751380535,0.05088480663971162,14.328364624697468,24.328876171252485,2.534905467759354,2.492837831745891
A_8f40cd793aec,1990s,11.36640088714561,0.17375,0.3725323126439086,13.0,10.745315,4.180739021301269,9.553248,1.0792131,0.63122636,12.134874640150946,20.729078725766318,0.05156579666137694,13.951006989672774,20.855160602569324,8.575922924837055,2.486813769787335
A_8f448541b084,1960s,15.790008813474723,0.0009722222222222223,1.6401532423817553,1.0,13.1769,8.346430206298827,10.953002,2.1050167,0.74026525,20.244720539667775,11.661505483301287,0.08248127155475787,16.046967553285818,21.09035532117953,1.8365205299311143,2.7239805499680836
A_8f4c3b8af9e7,1980s,25.542467351089503,0.0001388888888888889,28.804208843891875,1.0,19.522678,17.446421241760255,17.064981,3.686791,1.7383835,73.18052562653695,8.488877724153015,0.26889178712317285,24.446317378819778,30.33375532553314,13.78877442522035,37.839253657780745
A_8fee40a758d3,2000s,11.261464948877139,0.4845833333333333,1.014782203965754,69.0,10.5140505,7.844184589385987,8.752704,1.3913054,0.6519224,29.166218864735352,50.525857827492224,0.08353656460841496,16.218620504879997,27.984679254077985,11.641647724141798,2.5479343246686987
A_90040e5eeea7,1980s,14.631911386739715,0.12,3.579812920690835,21.0,13.646455,4.909032726287842,12.85269,1.0193394,0.962594,20.00376983087567,10.127392077974726,0.11533385811122597,17.74716743363501,19.87011145870376,8.60776859468647,4.131167151672459
A_902d6ef59ac6,2000s,9.679682189840449,0.90375,0.2542471439578402,51.0,9.823857,4.484369230270384,7.880933,0.5885005,0.6088268,14.616174757360328,13.744194646363116,0.0547610975265503,14.118234022044906,20.719696489378695,4.548499604748023,3.0433512615633864
A_9033bfadde26,2000s,11.706001973192084,0.15805555555555556,0.6108707718578157,8.0,11.104931,6.023765563964844,9.141252,1.1549249,0.5635309,5.162326102147692,5.718571211150691,0.035608199072180324,13.534205138236253,18.049214019646605,1.4967220438116247,1.9173857633139002
A_909c7841b65c,1990s,13.61313687832304,0.0016666666666666668,0.39829289904204535,2.0,10.920299,5.765999031066894,9.826248,1.5323824,0.6103619,15.436068248510217,8.502735842552559,0.047644130783081065,14.655707893442008,27.13773029877383,3.73830826230079,2.5775103909260535
A_909e6ea2b0f7,2010s,11.557487081508821,0.27708333333333335,0.951324132333009,12.0,11.566529,3.627423381805418,9.8928585,0.55185336,0.7327239,16.545735551667384,10.810758243576315,0.08173751050147458,14.935116106139661,22.93960821581976,3.4280825408291298,3.4257918997829853
A_90b19862935e,1960s,11.009653710074065,0.06930555555555556,-0.0010862754698970356,5.0,10.664918,2.7790390968322765,9.695802,0.36847875,0.59258103,8.65053764171823,10.437701498155121,0.03603465740745132,12.195275259113238,18.17743357972519,2.9629836883860365,1.9956875782662098
A_913a68292b36,1990s,11.81585082928112,0.18555555555555556,0.46799952330249317,43.0,11.404115,2.1258324623107896,10.815555,0.2313967,0.699817,11.397227045301257,10.936905449849345,0.0646468028601478,15.663998823936016,20.349656007071232,7.121462260209372,3.5452337322123766
A_9218691f5446,1980s,16.441337532917622,0.09375,6.48486415973016,6.0,11.035807,14.024440479278562,10.382204,2.47185,0.6514303,6.404159895879144,7.0178074367185275,0.049910515614918306,18.502890143478172,25.09930577566844,16.66704335634709,3.9982339126621214
A_92250c704b13,1990s,16.579491326008203,0.0002777777777777778,1.1742384982463845,1.0,11.674988,7.843903732299802,10.7407465,1.4546437,0.6445514,19.244084760602824,17.44509886231706,0.05878027393943384,15.539794723649111,22.106064833467734,6.709612213939046,2.882459646911467
A_923ef309ad7d,1960s,16.318019564507825,0.0006944444444444445,1.5203056168998037,3.0,11.109435,7.77135601043701,10.542112,2.007534,0.8494065,22.02837277720206,4.287034110542767,0.06116459113729877,15.050611750100924,21.90523326625764,9.459498460936041,3.520527390460838
A_93026d26deed,1990s,16.91558292729595,0.0011111111111111111,2.2845741708231495,1.0,11.594801,10.638705253601072,10.828362,1.3288845,0.62637395,10.899588964712253,9.434636687471018,0.055715870889241265,17.329480816536453,27.425476186034558,8.281966371425339,3.157616397599361
A_93cb0fe29355,1990s,12.456323375389566,0.0925,0.8151652326041421,7.0,11.998249,5.003607273101807,10.360476,1.3862647,0.7739874,16.527604856416687,7.650716983558187,0.05388701041983493,16.56234412020478,22.873951227755473,2.129863601738646,2.2408259477129358
A_93cce024aad8,1970s,12.231750480428342,0.2426388888888889,1.520012648710252,16.0,12.450304,4.867419528961182,10.291066,0.7266445,0.6921373,13.416841021915344,8.108765361888514,0.0698533464122463,17.67340016526157,19.23154309271639,4.213889972121924,2.368700164896432
A_93e2dd36551c,1990s,11.997541709343256,0.05555555555555555,0.7923177937695254,6.0,11.733932,3.3326972007751454,10.427218,0.90974826,0.7062752,8.520954664597465,6.523479641031196,0.07960223839606767,16.03826485295956,18.493652205063672,3.058188633002919,2.6542495963501986
A_93fa97dbea09,1990s,12.911825808680966,0.018611111111111113,0.44744498666831944,12.0,11.754505,4.236725044250488,10.737264,0.79661727,0.6885436,9.92113521814034,8.423840130239846,0.04982956062128514,16.417696142675855,21.434623536163055,3.4435181797803747,2.149104619552327
A_940abe4dea78,1970s,13.854489480242574,0.007916666666666666,0.9854193977294967,5.0,12.399656,5.225153064727783,11.171932,1.1245096,0.8187942,14.003777986039108,8.422454792190674,0.07272229342393473,15.968776853668842,20.314253951162378,1.0249611203645372,2.8692413690245364
A_9483bcb3dac3,1980s,18.079774952011185,0.0009722222222222223,3.262099049893239,1.0,13.221819,16.09619979858398,12.283511,3.5018227,0.66633165,15.191094129699058,17.264640465584236,0.10273375696606106,13.102145331263497,25.288284389265776,1.9815393928111993,3.503875044621597
A_949ef930b11d,2010s,9.61328155982339,1.0427777777777778,0.4324786691208189,37.0,9.74088,3.7542012214660643,8.000323,0.7510246,0.6685934,25.680071207800935,25.09210733000008,0.06847522683765576,13.891209391691552,19.43152797064505,5.584383689070007,2.770765871472902
A_94b6952de517,2010s,12.53616491845458,0.04777777777777777,0.5923484150001626,8.0,12.252765,2.179194068908691,11.380872,0.3915475,0.7341525,12.96081200862929,13.423809582309644,0.07219126550612912,14.778013698052957,18.084374653696678,3.3388649786910953,2.857155271930742
A_94cf572dd814,1970s,15.889763550395191,0.0004166666666666667,1.3764084097942932,1.0,13.304577,6.15054063796997,12.317684,1.1442616,0.81673485,15.09056794186486,8.95681112446682,0.09491678504943844,15.975861755292028,17.642141506915664,0.8318599125243153,2.4631490345487665
A_94d4b0591568,1990s,11.005971932287396,0.5106944444444445,1.045242694447487,27.0,10.884546,4.307339000701903,9.320701,0.65744925,0.8788488,18.280643814352278,6.248151012512382,0.07492703409905128,16.439611445056215,19.408468039961168,2.4420629079414304,2.9514697154802505
A_94e605d8092e,2000s,17.152231008072633,0.0001388888888888889,2.603923972755296,1.0,11.910358,8.782094192504882,11.485383,1.4488297,0.7180154,18.610506127012055,15.004726469418166,0.07995471971529024,14.979504593306434,24.366512459543248,3.8140964996072206,3.340583263305923
A_957ecc3d0e94,1980s,15.673400510211408,0.0004166666666666667,1.2646342079423674,1.0,13.337112,5.066987037658691,11.979702,1.1159701,0.76085085,14.56338585010835,5.67887865106141,0.06446116881844884,15.610241083452186,23.34008129391056,6.608209525645833,3.0522052043766186
A_95983e532315,1980s,18.213361575452513,0.0011111111111111111,4.173844319616046,2.0,12.379417,9.95709762573242,12.609101,2.437481,0.6902228,12.109126559903169,13.874442071483745,0.07849012180041243,18.053136713721845,27.45369111850306,4.305160056873937,3.4993901683997057
A_95d41ed52dd0,1960s,13.300733973965787,0.002361111111111111,0.29682759868181385,2.0,11.375038,3.61588716506958,10.681477,0.56777227,0.96440893,14.077382393038269,9.419037751521744,0.06781832582461908,13.879099136171968,17.13937055470991,-0.2215987593045594,2.2795776555710185
A_96497acd19ae,1970s,12.53062177868618,0.13277777777777777,1.2411545664846182,22.0,11.311956,7.029609203338623,10.065531,0.86569464,0.58902645,12.581755203926646,23.741857640909053,0.06253011220210306,15.890275914209772,19.797997740863103,7.030447295340254,2.600147624999663
A_9667efcbf008,1960s,16.677215239507806,0.0004166666666666667,1.1334507378899286,2.0,12.639561,6.340078926086424,11.084045,1.2377852,0.6406769,14.091784638009457,8.60295642391194,0.06914365426274657,16.98008130214211,21.296092680127792,3.8692844563533404,2.8933548527974553
A_96b93e48def2,2000s,12.817136877920511,0.0005555555555555556,0.2611668313163227,1.0,11.469555,4.459209346771241,9.780746,1.0033838,0.70897096,11.17753290282552,16.435940818896345,0.048580560123219214,13.47593588923125,17.39356698502363,0.335699389650705,2.124337016351143
A_977436e01799,1980s,15.214391179106483,0.0015277777777777776,0.9347244057551816,2.0,12.664927,4.600258350372313,11.978452,0.6472416,0.6291156,19.03239971773084,13.752067478911481,0.06549093119303386,15.531602595860226,23.56142499437414,10.165852135436747,2.601725788035513
A_97d02aaffc22,1960s,16.875571303494823,0.0043055555555555555,2.0057866906169703,10.0,12.1152935,5.713800239562987,10.77175,1.5213331,0.6163623,19.703665697025414,11.078746815534304,0.06887441090175082,19.339629095111853,25.02869283623132,15.328954354911172,2.9416644417170126
A_97da4ee18fa6,1970s,12.59527966598999,0.04763888888888889,0.7021825415683045,10.0,11.432305,5.752934551239013,10.155673,1.4504778,0.64139414,8.871469165824191,8.321297783242965,0.04989494434019335,16.400767238262468,20.26293962633434,5.185958339645985,2.5447944342877022
A_9886c9203cd5,2010s,10.048210793006797,0.8909722222222222,0.5282729338663903,78.0,9.949205,5.089395523071289,8.245778,0.57962215,0.616859,18.351331051008476,31.92993444198936,0.05950477943625501,14.657199364969044,27.488332772569674,9.229589447900368,2.4854236372636334
A_9948a58d98f9,1970s,16.819037253449487,0.04944444444444445,3.893260957276965,34.0,12.443279,7.948969650268554,13.238462,1.5174073,0.6423955,11.332793708591534,12.431369072028625,0.06690073042204885,21.35885482611796,20.488609994420223,27.893201581972452,3.12066508358883
A_9949ae54ac55,1990s,14.477976797517499,0.8491666666666666,9.43619195930923,78.0,11.843418,14.891336250305175,9.878856,3.2571974,0.98978966,42.47987933708245,25.64727802505309,0.13449215874417136,18.430545236324367,29.750619456963385,13.962529709730415,12.605236286063692
A_997cfc04c41d,1970s,16.535795589558848,0.0020833333333333333,2.2411749112641433,5.0,13.097491,7.37980670928955,11.586447,1.6214547,0.60428387,15.99304805747564,12.648570288669108,0.06896799233494973,17.529155831516615,21.731125165571015,4.542505437550317,3.064281852258248
A_9a4814a5b0c9,1960s,13.908200876621123,0.0008333333333333334,0.29406980713000097,1.0,11.693092,3.4698076248168963,10.834905,0.4896934,0.7726064,14.317509770079088,4.007939122882994,0.06973418080076879,12.448431837619811,20.927427670085883,1.5305334726311033,2.752294142929156
A_9a59ab6420f5,1960s,15.074068910034033,0.29430555555555554,7.406946106364856,23.0,12.552536,48.50672378540039,10.516416,6.7050796,0.65446836,26.77098833192309,35.155590049689124,0.1616087921226726,20.430576484045204,24.56247282139066,7.487257320437678,7.030194456857394
A_9a61c0511d45,1970s,9.1049297667333,1.2726388888888889,0.19949975113560958,22.0,9.213964,3.4742404460906977,7.6112547,0.7460589,0.6386707,6.664636506379205,4.486806582518952,0.04872990561976578,14.635559650070268,16.45350860301401,2.3108762593486594,1.9282719985696726
A_9a72d14fdc04,1970s,16.846851477525846,0.0002777777777777778,1.9829326172868313,1.0,14.056664,2.4785026550292955,13.671604,0.46162498,0.86277163,12.828352421726805,2.2240912011082186,0.07204476128161791,16.999427384347662,16.628454921710027,7.361526103964966,3.571130818064054
A_9aa41afbbf89,1970s,11.515397763690137,0.5463888888888889,1.680514118651483,14.0,11.561577,9.120517539978028,7.947694,2.387236,0.70224005,13.712725755214432,14.782544328552266,0.06913947545208976,14.964004938856858,17.736473801064086,2.302878661416905,3.0200086112588194
A_9ab97db34449,1980s,16.36240131101577,0.002777777777777778,1.4432061736684387,3.0,13.624947,3.9634291648864757,13.21168,0.550079,0.68032664,10.099937277712245,12.225424330810188,0.07927914743500997,17.036036851760883,21.34240809714257,6.3926728412562,3.0894528147203983
A_9af6d81d573e,1980s,16.299713834139023,0.0004166666666666667,1.0986477074864034,1.0,13.121132,3.6233612060546854,12.985495,0.48788068,0.63040346,8.409519328871609,8.578197848128374,0.07112008571624757,16.01722624003387,17.33736275324435,3.8267060428854283,2.642453891765606
A_9b18a2359462,2010s,13.543510612821727,0.015694444444444445,0.5993260528951692,3.0,12.857957,1.956738281249999,12.304407,0.4133421,0.5949979,6.191195711665532,7.057314599838646,0.0658657101473194,14.5544290890915,16.408260307994436,4.571518611448012,2.4239068818674916
A_9b38b8b848f3,1960s,15.309394129425602,0.00125,0.7960845691984035,1.0,12.589565,3.783331108093261,12.169779,0.6972734,0.59682107,14.302335259629317,13.000583465485647,0.06832448343030449,15.02395212953137,18.38949645506377,10.604894999268515,3.2482667136914927
A_9b6587f573c6,1970s,16.52556588743328,0.00125,2.475072482631462,2.0,10.407459,12.269958877563475,10.746825,3.7969255,0.49236608,29.251364916613994,28.82623463140372,0.05678717250555334,15.771826218540243,25.96135595725195,5.1965200548177695,4.268674684012163
A_9b76fa882012,1990s,13.246688797514382,0.02861111111111111,0.6832940273964261,8.0,11.996368,5.28736629486084,10.723462,0.808048,0.63181096,12.81931224792289,6.080735390711812,0.06285346520411504,16.293403393279416,19.516521174500568,3.4639524926878194,2.573977534250259
A_9c13ed2daaf8,2000s,9.278328803650687,1.8968055555555554,0.6289785925521336,73.0,9.545025,5.132578802108763,7.1792936,0.80972946,0.66037047,11.171337621779749,18.038677142496606,0.061897680050617944,16.731961966112813,20.94077677338646,5.344878468489945,2.857538807671722
A_9c6f3e542b27,1960s,16.923910768352986,0.02013888888888889,4.899566218468739,7.0,14.79606,11.007807636260985,11.995318,3.1989655,0.7804148,17.995828684819926,6.396938621805782,0.08406942280360631,17.483206432409307,23.557321299701755,4.885292235454101,3.878456645308637
A_9cc853802c88,1990s,17.756468177382974,0.0001388888888888889,1.985360707145226,1.0,11.64293,8.090473079681395,11.6391945,1.6212175,0.5484521,22.604712890066796,25.593596394377766,0.05237052314421709,17.904670861104815,24.642414131762777,7.527837130966553,3.0947842096312352
A_9d8678531c92,1990s,11.014584496270093,0.29944444444444446,0.23965208623287726,26.0,10.934576,1.2276618003845226,10.460614,0.21908039,0.59813774,8.241577256103103,12.77708231504636,0.04278873835399651,15.55071160871247,18.525706770325097,11.607317088368603,2.0133133233617952
A_9dd367e5545b,2010s,14.161736630229111,0.11569444444444443,3.3633721564046137,12.0,13.15724,24.707467651367185,10.24464,3.6128566,0.68571734,27.132915825399134,28.49288165915988,0.09880324868594897,18.94859449778191,22.620345183775566,4.015231523458219,3.1743764592625214
A_9deee4d29365,1960s,12.60313563365144,0.009583333333333334,0.1543172514687754,12.0,11.016827,3.0987068176269528,10.140466,1.0404217,0.62037784,21.95610777665815,10.388719056393327,0.06288051135010189,13.24588525427193,20.862340629623993,2.280087055151898,3.179827086068079
A_9df74ed5937c,1990s,10.003019510262888,1.530138888888889,1.070943980918007,48.0,10.531671,6.1979879379272464,7.670916,1.7251898,0.76026946,9.254853592604176,5.1464482740114335,0.059182555794715874,15.467100180458829,22.623189279180536,7.170340164689884,4.289689883578043
A_9e146df957d7,2000s,18.23153847915664,0.0008333333333333334,4.417706021688482,3.0,14.696086,5.304383087158204,14.076781,0.6978442,0.7505834,22.777203091968566,10.089243129013573,0.1070214397907257,16.89880300238773,25.26181594949067,16.987969517473267,4.7618062797276375
A_9e3ced0ec9f1,1970s,10.943934139777088,0.5094444444444445,1.1310492075909284,21.0,11.044869,6.196719360351562,8.596821,1.5747373,0.909752,26.13554834989718,15.437159685457864,0.11900031827159764,15.791977509589959,17.076208682529508,6.54815400535459,3.6447047680811986
A_9e67a6004b7d,1980s,15.51423054867508,0.013055555555555555,1.7729867082697126,4.0,11.207563,7.94413480758667,10.818674,1.8650407,0.6887455,16.930415633784097,7.055009656541978,0.07779757317569519,16.63362281554503,30.305974868011567,14.068111686927764,3.4949783234224254
A_9e8bcdecbbd8,1980s,16.634478942319603,0.003472222222222222,3.781848021430803,2.0,11.754472,8.940572547912595,11.348125,1.3873116,0.65558356,13.71520182783342,7.045404084984549,0.09521715247840211,17.103890592449993,22.935499635904833,17.94842371490705,5.420281295398293
A_9eae696dbcb3,1960s,15.713780419259503,0.010972222222222222,2.594732194697099,4.0,12.993189,10.398026371002196,11.893149,2.4551291,0.8506977,10.077935163401456,3.987263620030661,0.08434175836906004,14.625970683250884,24.893292486669182,2.699092777529165,3.227099916260236
A_9ee55ac10acc,2000s,8.850251739794066,1.2120833333333334,0.0029770088629179625,20.0,8.834227,3.2402638435363764,7.543692,0.6134031,0.5811128,14.209781796463227,17.564334173883204,0.03562232351794685,12.543198773579517,18.76569339398012,2.1151262473866703,1.9896437176177186
A_9f212b5aae7d,1990s,11.87411320830187,0.10930555555555557,0.5646659274642887,11.0,11.724473,3.395000362396239,10.4497795,0.59635735,0.63545996,13.667316382725872,6.112572408807772,0.07029630399331814,14.038137822686254,21.44448532588995,5.837681989406494,2.977376316872001
A_9f39186b2951,1970s,8.288375524767194,1.2343055555555555,-0.2437678718170755,17.0,8.548376,2.4320693492889394,7.185085,0.4499254,0.63549495,7.81781848858219,7.514635961425071,0.03650275177791201,13.586751569833451,15.114279362401218,2.553117817938082,1.9557112102394356
A_9f8399b3ceff,1980s,16.112829266566067,0.002638888888888889,2.1743890608049075,6.0,13.1139145,7.691603374481199,11.027757,0.9590845,0.79533786,16.96319853468479,5.280559230999188,0.09058909148586039,18.742481281319396,20.04353954166773,6.804871980546709,3.9035176923541735
A_9fa575556e8b,1970s,12.402006378113898,0.11597222222222221,0.8594965422014975,37.0,11.59995,4.259307098388671,10.569167,0.98756754,0.72235173,22.25960931640225,10.78109616015498,0.07603109662125751,14.775180868492932,25.327653502653796,6.213847399608605,3.034992246803016
A_9fce08d199d5,1990s,17.259831496962725,0.0001388888888888889,1.1914989745260796,1.0,11.277051,11.121170520782469,9.847236,1.2226608,0.71446365,10.483178230062228,10.566284683506783,0.06104348816140725,15.0428451106349,23.818438950917166,7.154189596774582,3.317923500561001
A_9fde15777f63,2000s,8.44571335645898,2.095,0.07005809350752878,73.0,8.371639,5.365728330612183,6.5928493,0.9359896,0.6653877,11.384621054854058,9.385351429014632,0.06054388446627922,12.140157175730678,21.110392520026323,2.839468928323382,3.1322839091196926
A_a048aa4e3e3b,2010s,14.93156461848508,0.0016666666666666668,1.0248397590635872,3.0,11.745505,5.598808479309083,10.921759,0.7644118,0.69537055,25.626784325464655,6.368858368206366,0.06435880039515118,15.58665948096633,25.93208519541689,2.9503764150797647,3.4962051596211707
A_a0ad3af4c271,1990s,17.308078618788738,0.05430555555555555,6.079276941396403,28.0,14.836477,6.946189975738525,14.872404,0.9618788,0.768891,15.559108705242725,11.556995296555575,0.09181781434301121,19.979917192782708,23.3776242205668,17.34135403883736,2.7477848876072075
A_a0ba2ea425ad,1980s,11.96276844340213,0.21833333333333332,1.0178242991703117,17.0,11.6500635,4.834396076202394,10.264454,0.5410304,0.7699057,23.158028435794378,13.872965888209922,0.0681042918058542,15.313522079081025,20.16849817768279,6.030167817685298,2.4371990083684887
A_a0c76160caf1,2000s,7.782772171801141,3.5975,-0.006098927935298093,67.0,8.010026,5.0847072124481185,5.867908,0.6039632,0.6754996,19.2820227919526,10.55642040653762,0.06139126754942394,12.21758244060757,27.84156461287447,2.5126528708705047,2.6631798601533356
A_a1179584dba4,1960s,16.58721116306599,0.0125,2.772639077161279,5.0,11.491028,9.465632438659668,11.535453,2.3095913,0.67765373,24.56491938754175,29.99026351530675,0.07349108842167541,21.8442544829165,22.30984023549198,7.71962945071413,3.802198816633723
A_a130c969dff1,1970s,12.451556586386433,0.2793055555555556,1.7402802583556323,14.0,12.119293,6.44172649383545,10.271295,0.8977168,0.8565256,13.361436119770065,4.312224244394239,0.08059418963814924,15.833242595878541,23.8181366650502,2.5996431022015276,3.0289814816694873
A_a179cb9b8fc7,1970s,12.50879594336579,0.19722222222222224,1.223219529277042,29.0,12.36984,4.917720127105712,10.443895,0.9541851,0.66462845,15.39987348300292,19.383681391246334,0.07181602433148554,18.249477184353,18.183471543428354,17.491681889662505,2.3326809246790097
A_a1bbccb2329e,1960s,15.984769483622934,0.0008333333333333334,1.1946706902744744,2.0,12.691795,5.3324234008789055,12.150659,0.8374222,0.760331,7.620728092159637,5.624444988938203,0.06111760697713712,14.109526578548067,20.71573852435828,0.989192547387364,1.9972385955806395
A_a1d8b6a414d1,1980s,18.676115272294357,0.00125,6.012111533965642,1.0,12.817758,16.191282367706297,11.249334,3.5146582,0.7941838,9.263452067997225,14.194442790589179,0.07920262203349933,16.600884424672596,21.58622221491499,3.234713432104285,4.393547253444333
A_a1df43b08a1b,2000s,11.074324382621533,0.3223611111111111,0.8453408882910645,24.0,10.880355,8.29467430114746,8.100335,2.0350862,0.62325275,9.62392900966078,14.203920199515878,0.05805137743384152,15.771400417225093,20.156940693149746,6.059246265609325,2.8697169713141575
A_a23e962a0960,1980s,10.00704928930421,0.7663888888888889,0.4389293775468923,27.0,10.034641,1.7130599975585952,9.213228,0.37330565,0.5825126,4.755793269937107,3.597961551752312,0.057166692614555356,14.218739479442737,17.144852045946383,4.1405378636870545,2.4186971354260893
A_a269647f58af,1980s,17.918506492498615,0.0001388888888888889,2.6249930429187014,1.0,12.183502,11.427818489074706,10.9079275,2.2541318,0.6960929,11.135467332522449,8.481721765276372,0.05601370955542694,15.57835585839852,21.592741027961512,4.667315661682144,2.7970170588457828
A_a2a350ad4225,2000s,10.50782709604299,1.0619444444444446,1.220434343768579,77.0,10.65567,4.90268087387085,8.499438,0.6252844,0.92034334,20.822863496541178,13.695606490729908,0.09161409778871397,15.992660282443882,25.457279525335014,8.968574766259051,2.93227408380248
A_a2fa3ef2b45c,1990s,10.49344448234803,0.3948611111111111,0.26764837007776965,12.0,10.423894,2.760494422912597,9.294627,0.38243726,0.72700924,11.483367239804458,10.727665302473993,0.05268781872062416,14.056483389066898,21.20010766747408,4.819388106394573,2.375085234159676
A_a30cda3a923a,2010s,13.79152285679533,0.0011111111111111111,0.4534090399299915,3.0,10.20875,6.2124105453491225,9.597361,0.8030926,0.48587152,12.229062884130595,11.923284603681655,0.059399612214830186,15.345257662645043,20.16665388416161,6.771108359724952,3.4427033146524875
A_a3258223217b,2010s,15.326090721894749,0.00375,0.9310485122389296,7.0,11.533688,6.028954887390135,11.547541,1.2127068,0.550399,17.295934414784924,19.95432964980984,0.04947432874323248,16.385320182572052,22.646497005558828,5.284681070678204,3.121541064539336
A_a331e35249e3,1990s,12.98263045036735,0.008055555555555555,0.33656751122936646,3.0,11.054629,4.700757598876951,10.571277,0.7564077,0.77988166,13.016109364864452,7.503227024844966,0.06222193458453327,11.853469648354354,19.50392028048295,3.379911144982379,2.9224459225629253
A_a36866aef042,2010s,10.977664776763735,0.3968055555555555,0.664479727695074,22.0,10.515768,5.182513046264647,8.757084,1.3268032,0.6219911,23.9745368053448,13.011654086242913,0.06561461930633875,14.563957841574586,25.63032166743032,2.522343957531973,2.574542748922359
A_a3af139d6442,1970s,14.380271114629474,0.0022222222222222222,0.6050475813670371,2.0,11.859705,5.237773227691651,10.855501,1.2205764,0.6651976,15.187560043461447,9.62701693279487,0.049523384659378625,13.263861910682131,19.93593365470945,4.309685497806972,2.376251601790318
A_a3c44acdf5e3,1980s,17.438707533856775,0.00125,3.1879421323749035,3.0,12.134299,13.908308315277099,11.785054,4.1202054,0.774204,19.07760147447502,7.571663947511704,0.09538110209674372,14.873925207409254,26.230908666902145,6.006122559735136,4.028101219714653
A_a3fb89b34ea4,2000s,13.922254780837116,0.004861111111111111,1.0958338411833832,10.0,10.768166,8.593408775329591,9.593325,1.868868,0.6276941,20.189716043811604,16.819356860238255,0.06320041270878003,15.558339107552467,27.815077347483715,7.314876902162535,3.0902006539652866
A_a41d8a525c2a,2010s,8.661038173136816,1.6545833333333333,0.07629406720514842,31.0,8.092333,5.009670305252074,7.371789,1.7966666,0.5422831,4.6230185348457065,7.27235818021685,0.03821461399623326,13.715573809808651,17.627711606057073,2.746731866427978,2.0755031901753425
A_a43d9b0535e8,1980s,15.073344412511226,0.008472222222222223,1.422292838014192,3.0,13.2841835,6.7064496040344235,12.491003,1.3153354,0.58687323,12.993398452499294,12.996168539568234,0.06789055082533095,14.773664491920343,19.177205219984955,1.8546844988034863,2.433568060868234
A_a4419e733430,2000s,11.067024015043007,0.35736111111111113,0.6120978817533191,19.0,11.028023,3.5307919502258294,9.42952,0.8221012,0.6237862,13.877277182477473,23.370650098846596,0.05724936557951427,14.720412604501483,19.43779652240348,7.380614300789942,2.426441874421182
A_a4b915b07e31,2010s,10.212939461766414,0.5594444444444444,0.3839544399728019,45.0,10.226837,1.8823682785034173,9.415506,0.23769355,0.7461059,16.26042680555193,12.102991992178563,0.06660945615906647,15.429619604185474,23.8122981716903,3.6567101993193836,2.5630188908375993
A_a5002706f455,1990s,17.056866968435205,0.0016666666666666668,2.598184701459025,1.0,14.102608,10.0315580368042,12.77864,2.642315,0.80391926,25.388091581824714,9.094317114351727,0.08241203682095397,16.28583913235693,24.164080866787124,2.647140504830454,3.0417722371589146
A_a50044777349,2000s,12.520160428957293,0.0004166666666666667,0.08579741540974783,1.0,10.39674,4.653849983215331,8.537927,0.8049395,0.6768341,22.18983405074302,29.798266819811765,0.062039749387284404,14.657959677576162,24.29226867334129,5.8491132774572865,2.87433308452304
A_a50b0319d526,2010s,8.887691556382258,3.599583333333333,0.9803956637949076,117.0,8.708593,4.917545175552367,7.2258267,0.5906228,0.78606653,16.746694469308682,16.02170728828802,0.1002627137151815,14.92230813516704,22.116568744998474,6.735154298890139,4.578745316741662
A_a5e847a642d3,1970s,15.905895793408078,0.009305555555555556,2.002111338385874,31.0,12.718706,7.075699710845946,12.232817,1.2182988,0.7508823,16.54359486686875,10.124458268230033,0.06604402572768076,19.03922233344637,23.496381422417535,13.568349386993031,3.6093212310645955
A_a63431016b47,2000s,9.519853391651415,1.4944444444444445,0.5966309148438245,65.0,9.225079,5.5057361125946045,7.8468637,1.2603086,0.6233714,16.644897839977318,20.081933919864042,0.06025762471285734,13.824477173853602,22.91052450466294,7.3038994187710475,2.6553846977171935
A_a64c8388d3bc,2010s,8.185031952377091,2.4929166666666664,0.03626088946610295,23.0,8.477925,4.931035280227662,6.178385,1.1076545,0.59539837,10.693329594800405,8.152143753466445,0.041019494640293405,12.679270006275503,20.743550231193115,2.2884586831018545,2.449380674985909
A_a6c0db2ac5a8,2010s,10.38265326340069,0.2648611111111111,-0.15838623403259744,57.0,9.805023,2.9206274986267076,8.899008,0.5006589,0.6961762,12.740715869076842,5.364650126802303,0.04441828645898041,12.162657044322856,21.78693580368234,8.21907469152431,3.9221927840615383
A_a6d815d9ec95,2000s,14.807800624476815,0.0004166666666666667,0.15191564886425635,2.0,11.740462,2.9646108627319343,11.562987,0.825928,0.5183824,4.358031001622483,15.290377766869437,0.025605847656726837,14.301517667561459,17.963518062915245,2.134948581221794,1.5404570569287215
A_a75a64b17726,1960s,10.330292465434136,1.0041666666666667,1.1991022306541854,17.0,10.2208,4.655022811889648,8.5270605,0.6147398,0.97243285,44.36823673182082,9.14611656312098,0.11006151343148853,14.5419095002213,19.47278125604634,1.940397868567926,4.237788182860527
A_a763d6a236b4,2000s,11.503651819602043,0.22444444444444442,0.4523029590110439,21.0,11.242428,2.5846017837524418,10.427419,0.46075252,0.58596087,10.224577726108208,10.11661192677279,0.04812649956949941,15.6134394951182,24.004169618300185,8.840445417848663,2.3173892790164805
A_a78a9d6c31a1,1970s,11.707190570307246,0.13708333333333333,0.7455313573959672,9.0,11.640589,3.78786563873291,9.947287,0.7697726,0.73772883,10.286883242169665,4.192580796203611,0.06941261844270546,14.623682907698116,18.54614771896427,3.4470691331005217,2.9413542962226407
A_a796929f4261,1980s,20.96334589858035,0.0008333333333333334,4.448791761931341,2.0,12.144983,11.195678901672363,12.602796,2.9285462,0.6368283,21.803482239750963,22.69874276289803,0.0556806929215141,17.919253337664742,25.687752306264358,9.090297196334664,3.7339412496366315
A_a7f075bdf7e5,1960s,9.749963620532235,0.32625000000000004,-0.031431684677309946,8.0,9.63097,4.149388170242309,8.08552,0.7369506,0.6006192,6.4166053338768,8.010602658557191,0.03983392581795201,13.276009603989468,23.023169027001995,2.1035553463373633,2.2838563269205383
A_a82e134e5dd7,1960s,16.171225251437583,0.0002777777777777778,1.989014617972595,1.0,11.872982,8.641064071655274,11.722895,1.5890065,0.61985767,5.883892768009134,9.837434130850095,0.04517322533058398,16.46081118857716,20.849541671565017,2.4576470100439165,2.3067361589814848
A_a838ddbf2727,2000s,8.369141478123582,1.5563888888888888,-0.14045179667045238,17.0,8.411172,1.701232528686523,7.5337706,0.32251224,0.6064638,5.369074927003731,3.451103970160287,0.04311810836416159,12.61440364087994,16.30954841212571,3.589271572005784,2.109829914430553
A_a8cae20e0ce8,1960s,15.674437538945124,0.00375,1.2048304216486372,7.0,11.899077,6.085972309112547,12.016985,0.96521467,0.6185053,11.197196921725727,9.776772589529607,0.06651750392005558,15.323669548974177,24.005274244008998,1.927694231359479,2.348371853050018
A_a8eea2159b86,1980s,11.826943928696446,0.36569444444444443,1.4252353440080725,36.0,11.979767,3.9467608451843255,10.127532,0.5651178,0.72062135,20.058594251779283,25.63507154341294,0.09180227936925116,15.632526988424663,18.077678073867364,7.825747365105126,3.618363064636359
A_a925904143ae,1980s,14.215630879908893,0.014305555555555556,0.9239243529861256,6.0,12.817173,4.377163887023928,12.08994,0.8681506,0.6211742,16.20439033103098,14.558820769630465,0.07445116680495595,15.071907882883353,22.536485170668826,10.081629908773394,2.6294789310153357
A_a94223548d4e,2000s,12.057534181896646,0.1565277777777778,0.8100468081903345,19.0,11.641559,2.9776213645935066,10.633819,0.4349864,0.6313262,15.337950430684607,18.559447115765813,0.06031261187333326,15.59610936027996,24.578789667868254,10.183757946446194,3.7925435134366445
A_a993b341f7d5,2010s,14.269504825524423,0.0016666666666666668,0.6658056962106707,1.0,11.43524,6.774760818481447,10.674626,1.3571532,0.7755562,20.655432478084666,5.895051627926621,0.08324074157940343,14.640233595470411,18.640865755020293,5.278066412536397,3.973617825479817
A_a9a32c0125f8,1960s,18.064977629371448,0.0001388888888888889,2.8239632703411974,1.0,12.450626,10.01627149581909,12.030587,2.028726,0.7525419,27.094980295130227,18.509081966682043,0.08281246574719746,19.922762870907093,20.833936511577726,9.883310347828036,3.3190479341559893
A_a9c51901e51f,1970s,12.999308101665216,0.02263888888888889,0.8588746854489213,5.0,11.754166,5.479531860351564,10.656763,0.78794765,0.69116324,11.953874981766361,10.06023827403001,0.05602069142659505,14.817616781961803,19.55401726819226,1.8144189597393927,2.542970220340479
A_aa15ad49271d,1980s,8.290171765540073,1.6883333333333335,-0.13622254703395686,26.0,8.128277,2.1366609573364252,7.4679847,0.6475329,0.59578127,10.9080686859473,15.460115151725358,0.049246823016334984,11.828806193285887,19.07752140936428,1.7265303896321713,2.1819086510496217
A_aa214d07fb3f,2010s,16.4684639881344,0.008611111111111111,2.777657593484146,6.0,12.872152,8.93953113555908,11.207762,2.2553728,0.8657084,20.622649273706973,8.01199747594963,0.07221217295527457,17.021576705595322,23.351200052754475,5.232927335816383,3.635486005824233
A_aa2d149a4258,2000s,15.00698499144805,0.012083333333333333,1.484312514987563,6.0,12.231914,5.539013385772705,12.068648,1.2019522,0.6934199,13.775729330793634,4.858556709134848,0.07410145995381115,15.443479495163967,23.929200948068203,9.555684590669221,3.100739437010547
A_aaa7fa11a185,2000s,18.02326033454045,0.002361111111111111,3.351437415076008,3.0,11.416717,10.57348871231079,10.833618,2.3778856,0.7944895,25.1788030999503,23.509372307462346,0.08415536469275799,12.523417917868437,23.910723019724458,6.541277457446608,5.716103755171525
A_aacba70e1e8b,1960s,14.115133181672192,0.0022222222222222222,0.5024156530799044,3.0,11.479383,4.601682949066159,11.011311,0.45651156,0.79745424,13.666837078489676,10.558955551949726,0.06893886048664417,12.05590308794426,19.11762022093363,1.7327916820577425,2.57990456724855
A_ab3ad3cedfc4,1970s,16.00575691275247,0.0020833333333333333,3.0900402844265393,1.0,13.044647,7.728110313415529,12.417515,1.5050093,0.67101264,12.510688065980554,6.803167338863405,0.060363408320048856,15.610836314807823,17.93125897454104,1.8786831708579443,3.1163237797978853
A_ab4072591e35,2010s,6.273651473106387,9.45986111111111,-0.24399960575538193,99.0,6.1706824,5.066351222991943,4.6112714,0.55635214,0.86251044,12.971555312481536,14.510974047353969,0.0763008498698473,13.036918641536381,19.818986753652094,1.8731850638989833,2.79739206018936
A_ab49beed82b1,2010s,14.370250867053329,0.04069444444444444,2.34469540833413,22.0,11.0544615,13.08654499053955,10.49969,0.7477981,0.714686,18.553918719638062,12.121976310456747,0.07043632332483926,15.584751567615813,29.993634905837286,7.03226594620633,4.893049337193229
A_ab6f3bf61af8,2000s,10.723494836515748,0.8133333333333332,0.7978233912099273,97.0,10.623926,5.007159042358399,8.698941,0.76247466,0.6311982,19.912514229498672,15.173015336321125,0.05842501651495695,14.31649735882763,24.85538579022468,11.902234960681868,2.5984647201665876
A_abc07e593b42,2010s,10.396868004893301,0.7441666666666666,0.7617090819540473,41.0,10.713554,6.813419246673583,7.402753,2.0454195,0.54257715,6.625919527961269,4.803265177409551,0.044379644567316225,16.687710581550473,18.518161041684294,10.413182497196711,2.4595425006478466
A_abdcaa187e33,1980s,11.4745308707378,0.06222222222222223,0.0797695508349765,10.0,11.209386,1.8528224945068352,10.551808,0.31132096,0.565338,5.573886431157221,10.180196452766607,0.0367320035971128,13.643706566592794,16.036448127541867,5.344718734374897,2.009895025805242
A_ac261d5d33b7,1970s,10.237767832318706,0.7334722222222223,0.6863241858855322,18.0,10.006519,5.661486101150512,8.080581,1.7571197,0.6792891,17.998688638854215,30.937007093677323,0.07393587990810996,15.42889434618981,18.401125076581806,1.8024113997258029,2.4399361959664954
A_ac6c86173182,1990s,8.789933779772369,1.8577777777777778,0.22952487327382176,58.0,8.724419,3.5138993740081785,7.4169755,0.4241328,0.6499739,11.18248401594082,9.193973930406054,0.057186654245152194,15.265590391908486,18.997114973311888,10.055139142058628,2.187066852367742
A_ad11b274b001,1970s,11.203650206335972,0.30486111111111114,0.8701853298404871,32.0,10.6116905,6.186001682281493,8.755408,1.124046,0.5973856,8.663691214093264,10.03271526194263,0.06182100840556768,14.363546361387787,20.810350222420507,5.003304492223226,3.105346242065327
A_ad540107fcb9,2000s,10.694435483262819,0.5445833333333333,0.6963910555228097,34.0,10.400354,4.7746757507324205,8.917884,0.5493647,0.61268586,31.134879756003546,24.24336254413825,0.08684968824510451,16.015156235402493,28.6951058111867,8.13958080702304,4.1947617951346725
A_ae06ab971e4f,1980s,8.958942912397829,1.6584722222222223,0.26677854426275394,11.0,8.998856,3.5737218856811523,7.39008,0.5307475,0.58779037,5.654023031588502,8.467814934868109,0.046082501564270406,17.03526714724111,15.215255326272272,2.9669562932462687,1.996208784812646
A_ae46d0253907,1980s,17.696682520976044,0.0005555555555555556,1.9189925668188863,2.0,12.776386,7.437602901458741,11.199179,1.4042387,0.6576738,21.645963190358827,14.743978574962952,0.0811641875001573,16.764110209901087,26.52766778162133,5.599175698481391,3.5230433759236743
A_ae8c87c39c78,2010s,8.605654799222828,1.8720833333333333,0.22710682514715952,74.0,8.322192,11.728119325637817,5.304539,2.9662116,0.7978993,16.20791362890055,14.336309330467795,0.062223818150777675,16.20783072716247,21.7686430578802,6.9178244333565395,3.986588930137077
A_aed0f7be74fc,2010s,9.291546102437684,1.955,0.8148388928722041,34.0,9.473952,5.908886241912841,7.047688,1.6901368,0.84231776,20.142985861418452,13.484243899337233,0.09350469050368641,14.747618321339516,20.851535680336898,1.8265578038847945,2.729147108420248
A_aed9784ec7ce,1960s,16.435390209356417,0.0005555555555555556,1.7927120919502118,1.0,12.470549,9.069414520263672,11.953253,1.3682506,0.7108134,9.626927777331048,8.294974212385942,0.06917550195476967,14.594765769515254,23.528822915573905,2.138034535777612,3.0613677674402076
A_af4cc7ce38be,2010s,7.071422003553833,4.7619444444444445,-0.22820127130884904,66.0,6.966624,3.987831306457519,5.4605756,1.4795415,0.617414,6.315466157393131,7.694542849603463,0.04907398170895046,13.021811299565792,18.24253735790545,5.7711600357564485,2.4024106284912405
A_af5de68a81e5,1960s,15.120739165706269,0.0043055555555555555,1.634994045383185,1.0,12.377543,9.099912166595457,11.649791,2.9799974,0.78806806,11.238146304957928,9.148539746556159,0.06228155048269973,13.037823849735172,20.97904936114225,0.751311016536941,3.197590649584805
A_af7e1fa18abe,2000s,19.0464947843453,0.017083333333333332,9.929833525705249,16.0,10.760177,17.272760105133056,11.1322775,4.745698,0.46696243,17.930343679566857,25.89554893643656,0.07006825570936327,20.054871202871418,28.077788268807556,54.32883279933019,4.779979771878053
A_af99bb20effd,1970s,9.922903321473065,0.17652777777777778,-0.11727874387116266,17.0,10.065779,3.9437712669372544,8.147879,0.5151472,0.7793854,15.38692498420354,5.845565781295889,0.07516952139990671,13.145049255332456,21.230967341165872,2.620836241173505,3.2997015251208066
A_afc55ae7087b,1980s,10.83930405484565,0.3627777777777778,0.4839760417222272,18.0,11.059521,3.248501873016357,9.4298315,0.8612176,0.5279285,9.857809687586464,12.985306375783972,0.05927411117553712,14.015951863914543,18.243964184787572,5.632557626850495,2.4706194106029424
A_afdeb040848c,2010s,9.011631020608132,1.3297222222222222,0.1945508332956014,37.0,9.187457,4.2138117313385,7.303589,0.72733283,0.6901441,11.953804848035338,13.556055762593243,0.057820037630678126,15.366633394185047,17.782217297968675,1.772914350908053,2.063752469362017
A_afe5b2492cc9,1970s,9.44274188571652,1.1706944444444445,0.32421992282143774,29.0,9.590099,3.0971636772155753,8.199086,0.36847052,0.62680864,8.37478941163314,7.165951834619074,0.06288065736944025,13.030113951712377,16.800952987696757,3.056415863669347,2.568158061054418
A_b0cad7ec2b94,2000s,10.07847855572733,1.0202777777777778,0.629607890275953,51.0,10.206636,3.0338537216186534,8.720201,0.28096822,0.6932345,11.870499211581482,8.026872683924301,0.060959264527326876,15.798802406537652,21.220620234754062,10.712982773422581,2.371922276041456
A_b1003fd633f3,2000s,14.644743865063845,0.002777777777777778,0.6364877128643385,2.0,11.679839,7.770141506195067,10.929478,2.149599,0.5489208,9.91152402645529,7.703555825969611,0.038087397761049524,14.094595552642193,17.231536753071904,6.270036863283503,2.152863754394984
A_b1163d7e1647,1990s,11.50781659803157,0.76875,1.526828539740773,81.0,10.918917,5.531249046325684,9.461144,0.9098946,0.66457546,16.483438929980377,9.9296311019527,0.07046154536519732,15.8270259378322,25.551896428700296,12.79963459008782,3.347724789752833
A_b1292ee430de,1990s,9.960197576745342,0.7875,0.5255217396315492,25.0,9.613358,7.035187911987306,8.144219,1.581541,0.5683861,6.695040620966201,9.78085904332843,0.04331455306642375,14.438122777639363,16.170348888832528,2.5058254033946836,2.2170796274231654
A_b133b73847d0,1970s,11.221881178122754,0.19208333333333333,0.5008719286716201,26.0,11.07849,2.3112651824951165,10.190459,0.30904898,0.7692025,18.649649437557223,5.018971829708256,0.07099502766759773,13.921099088551573,19.082359326032467,1.9231239882787534,2.760402184489883
A_b15cf404cfe1,1960s,13.866869911086287,0.026805555555555555,2.0384075058689746,15.0,12.037674,11.399523735046385,10.093608,2.41529,0.78545064,21.83251091845076,13.398993478054358,0.07603764312473807,18.286200487609097,24.024779848336497,11.155580105456957,3.3148396563288647
A_b1da97f278d9,2000s,13.121438546806944,0.004166666666666667,0.43461283539979867,4.0,10.640517,5.055367374420166,10.253827,1.2582918,0.7090905,9.793665259427156,10.197476933652501,0.04464812196415963,14.88304815608073,21.357236780532936,1.592766593386461,3.013958804640133
A_b278c4ba373f,2010s,10.657765574851286,0.3827777777777778,0.5865003271391833,32.0,10.600986,5.78121862411499,8.544189,1.5021093,0.6773611,10.99123757731293,6.052305718553464,0.05796964800931553,13.681462478695318,22.011214275550604,3.8380692002322396,3.359847110378046
A_b2caa4923e33,2010s,11.051003988602998,0.28180555555555553,0.4986513206910068,29.0,10.626184,4.439971446990967,9.133587,0.90541375,0.5833519,12.058325938923899,11.39018248728632,0.05022298670997304,15.776637893178139,20.325167172565966,8.429969816891461,2.2902988679851406
A_b34c51ecf853,1990s,13.034060566032382,0.0004166666666666667,-0.06749941295780859,2.0,11.008803,2.7073440551757812,10.102236,0.5340813,0.5673961,6.894434178565377,4.639057657775122,0.039715754169307345,12.155286723909509,15.411111189478223,0.5820461383761857,1.8773645897435698
A_b3ac592b2b8c,2010s,19.805110547411676,0.0006944444444444445,5.070797965050025,2.0,11.121307,17.81352863311767,11.340422,3.385724,0.3311293,31.966858761462785,24.38083237188276,0.08547609269618989,16.77063312075097,26.246675901005005,16.82139175481877,4.64369102814527
A_b416fbe3ae00,1980s,11.167039553577222,0.5168055555555556,1.367430475889753,28.0,11.016571,8.603835296630859,8.220514,1.8033787,0.68507284,9.380455860171878,7.052506020954732,0.07073423617680867,18.20821235319854,19.89818683983693,4.734396835148386,3.3783674964876766
A_b43cca82cabe,1960s,11.007470195347263,0.35680555555555554,0.7888883932447319,12.0,10.928918,3.7745696067810055,9.512554,0.3349544,0.7194895,9.672787199505972,5.984584271185076,0.06285707813042861,16.79664924031701,18.823137382330284,1.6367376188874143,2.649704311560684
A_b442c98fc507,1970s,13.839715952970076,0.17958333333333332,2.6515454291315868,19.0,11.791478,8.222080707550049,10.398962,1.9659888,0.7124597,16.72376428177093,9.910184760894802,0.06913466876115255,18.660175702074355,22.0945325117805,9.14940614337827,3.342742289988313
A_b47406d6d69a,1960s,14.914344617144195,0.004583333333333333,1.3752064029105595,5.0,12.576437,5.049873733520506,11.988318,0.73600185,0.62795734,17.777049693400965,8.393012924151439,0.07488720014983531,17.381657795610742,22.561609621935883,3.9198998890922327,3.3288652306924384
A_b4a322db99be,2010s,7.247448734555575,4.268194444444444,-0.20248290724316975,61.0,7.0755663,2.562775135040283,6.3663187,0.6926259,0.6413643,13.07900274241339,16.470008923286887,0.055224209861321885,13.24698568127362,17.420784814231563,4.434349496276365,2.257691181800675
A_b4c4b48af9a2,2010s,8.101163137481036,2.799444444444444,0.14477464256856587,67.0,8.258697,7.955999040603638,5.59643,1.3583701,0.6476798,14.206890486708373,7.675887209359686,0.04887278809882047,13.708809910445016,19.48041855544201,1.894527793630723,2.5132555696986305
A_b503e65831ff,1980s,15.342909495163324,0.0002777777777777778,0.585672099854115,1.0,12.413347,3.8460985183715817,11.530203,0.34234506,0.6430051,5.000410540219844,3.4107816833822424,0.055818876700826206,14.177744773113908,17.819591027447167,1.5775193325959211,2.085778526596673
A_b5456d37e910,1990s,13.020313154593964,0.2925,2.385527484033844,32.0,12.63378,5.617019367218017,11.028148,0.99832505,0.7459655,23.499921341038576,18.524871352721522,0.10988336996200983,15.2093772736054,20.830895599334056,5.683237138174258,3.629799413462982
A_b5492217291e,1990s,16.68436541989652,0.0002777777777777778,1.044185307904617,1.0,11.641722,7.544322395324706,10.770534,1.8943383,0.6063768,7.46102101792364,4.110673083738775,0.04647965722871058,17.38944390474584,18.080718335962715,5.10902728635393,3.142865155511765
A_b550b554d39e,1970s,15.6705659491305,0.005416666666666667,2.714631768919081,2.0,13.796073,9.02233257293701,12.490607,2.9446604,0.7752364,28.288968201381458,29.347294927901658,0.12048243424602757,17.216467997494014,22.751348149269475,3.425556967945832,4.01442922595962
A_b554f33ec857,1980s,18.86246837271289,0.0008333333333333334,2.3827185074637187,2.0,12.775199,8.19953918457031,11.959625,1.4316355,0.5950402,15.326173841748671,15.352073366800418,0.071172845683147,17.005042710629873,25.138309364255363,13.762638915795627,2.8502162897218377
A_b5d6fca33fe4,2000s,14.810385264183724,0.0005555555555555556,0.4843773242721081,1.0,11.959999,3.609051799774168,11.457895,0.87174493,0.6516896,7.096390941075915,4.220810237110899,0.04744963932531485,16.389101278163928,19.368621785713685,1.5997875378455646,2.3866672653492653
A_b5e1edc17e61,2000s,15.564106887086018,0.0022222222222222222,1.757479234414208,2.0,10.637732,11.807718658447264,9.706796,2.8979752,0.2883982,29.790863114610946,23.70489252649798,0.06589584883157308,17.135078108096195,26.729785845959167,9.540949429099959,4.4533035631126
A_b5eb7019ec3b,2000s,10.220603698003258,1.2015277777777778,1.145421247497409,77.0,10.285182,4.3698343276977525,8.56489,0.9742911,0.8125146,14.468605291986751,5.395288216226033,0.1003935202360153,15.23822022947786,19.80765131462015,4.260160495905337,3.958265986080512
A_b61918c96a95,1970s,16.012367930135586,0.0008333333333333334,1.0123602584555567,1.0,11.754267,7.2292163848876925,11.337971,1.1898382,0.56230205,11.565888396370296,13.01170124498405,0.05613190199800595,13.997918148936186,21.057839170996257,5.450060721009018,3.2281848146156675
A_b6323690c9c5,2000s,8.02864736171282,2.7606944444444443,-0.02885046863337637,77.0,8.190715,2.9786728382110583,6.613808,0.7055899,0.620371,10.018663539687882,7.168087136478519,0.049643841947828025,15.26360877090844,18.294773881713326,6.15117491369389,2.349762825524465
A_b725fa7a35e7,2010s,13.783924318426596,0.15722222222222224,2.9140897284257044,21.0,12.821108,6.845779132843019,12.231909,1.889498,0.7825725,13.736989223289312,6.998972441749146,0.09289298438363607,17.312675708269097,19.844750084002825,13.65418327628792,3.4676680541762512
A_b796c69e61ff,2010s,14.520187752256083,0.006388888888888889,0.5838288933472962,5.0,10.737375,5.729732227325439,11.1389065,1.6387146,0.4889458,9.250313143352034,16.25851100751019,0.038510258992513015,17.3364292144896,19.66845631884774,3.463982717528527,2.2893613947500135
A_b7ac3c78f135,1970s,14.819110559277355,0.05666666666666667,3.2371969001082173,6.0,11.953456,11.009236526489259,10.456956,2.1762798,0.64913434,5.840880963976603,6.490565259452602,0.06583861694268302,15.606757270636848,18.71403042179552,2.8844834973620532,2.8143500305101345
A_b840503bcd71,1970s,15.587352516169046,0.0008333333333333334,0.968933814736197,2.0,11.823342,7.012954711914061,10.841232,1.7233015,0.6304918,18.095369429260604,8.694992634035385,0.08018507045550936,17.79081089863512,27.445231321403682,7.644124830946238,4.331246590050357
A_b8d36a7233d8,1990s,11.470921121109109,0.2823611111111111,0.80903452699931,13.0,11.480141,2.7296767234802246,10.214026,0.73179466,0.7634184,22.980946921112025,11.754151338357465,0.07690979416305956,14.18640365750629,17.39249219250596,4.2217022030288796,3.331118867046945
A_b8e0603743dd,2010s,14.213768438966598,0.01375,1.1785637888135945,5.0,11.315638,7.270527458190919,10.373252,1.3445697,0.8931737,19.218646318993873,14.589800298584152,0.07234561033546924,15.344404387901278,24.572095106968163,5.17765732158373,2.9645740353808727
A_b9400537bbcc,1980s,17.420471672342924,0.0005555555555555556,3.3084543350455595,2.0,13.481762,5.889474964141845,12.933893,0.70191944,0.7539816,22.785463117192048,10.311356266160027,0.11739160321652889,19.44932008033361,24.674577438714856,9.126254152488979,6.163379068610997
A_b97f9f3ee67a,2010s,17.37057548646037,0.001388888888888889,3.5404585183801123,2.0,13.193901,10.073377990722657,12.178315,2.319622,0.7729433,18.042106951194693,10.854718030606227,0.07249904782024781,17.172748333771523,22.691593971500048,4.8587891598899855,3.610557045739669
A_b9fa13bf3d73,1980s,9.540912173943532,1.2606944444444446,0.5444728100791725,35.0,9.832638,5.040092515945434,7.6195593,1.0413063,0.66862,12.821476345268108,7.132041143872129,0.06990254976131298,15.776676080713752,21.52084279249502,5.402301623657815,3.7456525640943545
A_ba14b7f9acd9,2000s,8.06277084616151,2.760138888888889,-0.008652964960562226,38.0,8.166328,1.8872148990631095,7.1979117,0.30573067,0.5715822,6.093726400117468,5.6186947352110685,0.05341783434932769,13.384411715897656,18.200533906119542,4.9979309141614605,2.6066057200977615
A_ba2f4165d7a7,2010s,11.095570515578732,0.22736111111111112,0.7769680886391113,17.0,11.302526,2.923346519470213,9.702079,0.5475077,0.7182881,13.50527359337747,15.874340243638478,0.08785159662735363,14.090330077951984,19.608068150941186,2.7654204115793064,2.890827845473365
A_ba4160b3635c,2010s,10.34648220625278,0.6794444444444444,0.772848651339717,59.0,10.581721,6.556302309036255,7.892003,0.8777766,0.8045404,12.016820323873317,11.704830903433148,0.07817495653594748,16.450435866025828,19.169538506461716,3.0766800108075465,3.2580475324110716
A_bade2f86633e,1970s,15.124529869443668,0.003611111111111111,0.6631500906977696,3.0,12.829335,2.102686119079589,13.033093,0.31288037,0.7089671,11.473724510127337,6.9843423308369115,0.040720838513867604,12.846008081221964,17.424996376652235,2.4368931525112467,1.875826888821856
A_bae1ef5053e9,1970s,9.96349587521306,1.2131944444444445,0.963898040759037,25.0,10.11197,4.749336051940915,8.25675,0.59334344,0.72509485,17.43710517281817,6.54330225746382,0.09054901924008636,13.923048835404044,18.86302992571792,1.1779483435035853,2.8688685979392092
A_bae298e3ab93,1980s,12.49286139927269,0.044444444444444446,0.6235056973223627,7.0,12.104336,3.470117759704589,10.715516,0.8322556,0.7744845,12.557698356388551,10.433287417165989,0.06486737553377328,15.133842671595271,18.250130487653927,1.646919109008679,2.611438654536474
A_bb14d4503d9f,1980s,16.709994955214682,0.0006944444444444445,2.0708302255839683,2.0,13.309753,6.947368049621581,12.61829,1.2021035,0.7195717,10.421339472614331,5.124775392304777,0.0783932694011831,17.682113159816144,19.88034572969479,8.476373955438834,3.345985517542254
A_bb3adeb7b7b0,1990s,10.863788102504461,1.0543055555555556,1.4322706198693327,89.0,10.323612,11.129028129577637,8.503241,3.8001018,0.63980013,24.44332848913932,17.894580110445734,0.09273981345878851,16.160008539248192,22.951225798221728,10.253792322637796,3.852724516695891
A_bb924d86e139,1990s,16.126047119403992,0.0019444444444444446,1.1331279352093304,1.0,14.448513,3.2058555603027337,13.2402935,0.4232561,0.70811474,22.031825801193836,16.53150440308997,0.06796156483837681,16.302380230601422,23.71746473985143,9.629348385419556,2.429391515756208
A_bb9d9d899b4c,2000s,8.534633826509014,0.5430555555555555,-0.49556861434088884,14.0,8.047804,3.8353042125701906,7.4193034,1.1890672,0.7869581,21.323658552877014,17.518443806518643,0.05126770166250375,13.121155987692443,21.228397789945763,1.0898625474454828,2.574188770485294
A_bbf47653a7a0,2010s,13.095814244446448,0.059166666666666666,0.7135684507766995,14.0,11.265997,4.643237113952635,10.921202,0.95725214,0.7101495,21.184547420414805,12.201351506409841,0.06090850478205188,14.153600251601794,22.117431796990203,4.446599185957533,3.6909696055485703
A_bc8e7abc2bf3,1990s,13.026058434303481,0.02611111111111111,0.22238163605084127,5.0,12.424641,1.1321003913879402,11.999113,0.15252021,0.56349325,3.9630428036861103,5.625307066491878,0.03059498111021172,15.137504422204032,15.170046856137528,6.516848768550771,1.5909413037411773
A_bd17c5fe70a7,1960s,12.842645112807286,0.11208333333333333,1.1526901299125125,17.0,11.90537,5.881856441497801,10.658443,1.2964355,0.60422957,17.983466967064317,22.591937876619895,0.06623089596376582,16.854173120650497,18.458012419776452,7.972681519555978,2.7282438422560444
A_bd860297adaa,2010s,10.080308373400634,0.8687500000000001,0.6101721796080355,52.0,10.257168,3.645322608947753,8.405605,0.66317487,0.7623768,16.254777752994034,5.181953986132276,0.07444281698821428,15.287301573165115,21.507117916053076,4.498085816399507,3.956337387106712
A_bd8bf5eb44bf,1960s,13.54398084794451,0.09388888888888888,1.872551285008564,3.0,12.494303,7.719219112396239,10.192793,1.7303442,0.80142695,10.374407304371191,8.142546675419405,0.08155703417460124,13.84651310463932,22.384120677614717,4.713120463662455,2.937548818525028
A_bdf0b1a91164,1970s,13.695872236644764,0.020555555555555556,1.0805112053241173,5.0,12.907871,2.7408928871154785,12.177159,0.3844258,0.72004133,8.354103913393036,2.68614708108118,0.06866718218011675,15.417431237436112,20.251090586654456,5.039285171209649,3.5227295483468413
A_bdfd20685add,1970s,13.171311628622991,0.07986111111111112,1.5765043947816526,20.0,12.2278595,7.226674175262449,10.73496,1.1153815,0.7481569,25.652528531486734,27.02341620413863,0.09402693311852145,16.848641382240686,17.982650414330813,6.691055604180635,2.946026254728402
A_be8090039926,1990s,12.747624262905019,0.15694444444444444,1.5336541663870795,8.0,12.360296,3.628982448577881,11.262183,0.6341561,0.86281794,10.263939064741304,4.07520523183922,0.08551403232140115,15.231452157570224,20.759850277332216,1.9026900163743363,2.8985546338923593
A_becc00195287,1960s,15.374710721384659,0.0005555555555555556,1.0332307746261984,1.0,12.6538315,5.102626323699949,11.734909,1.1484519,0.7511052,23.17455517808717,7.413596801918583,0.07819615745544432,15.984410927685813,20.722115262257585,1.3771537875452324,2.837992246085602
A_bedd40532c95,2010s,7.020686745642543,3.3041666666666663,-0.4914714849323678,15.0,7.0754013,1.372663974761963,6.400436,0.17936082,0.5553118,7.114939379614042,6.7613050014785845,0.03129518873897599,10.757252401855178,16.374785147093913,2.4040443070739865,1.9272367652570168
A_bf4c406b6d4c,1990s,9.358188390740546,1.3205555555555555,0.5436911851515713,70.0,9.188171,7.704003620147704,7.0175157,0.5667292,0.9562134,32.67274111970645,18.132300128376407,0.10747820328783106,17.99955985643239,23.88197244269464,8.665989297337411,5.202042371272854
A_bf58b1785b07,1980s,17.180199577059565,0.0002777777777777778,0.8786523441823153,1.0,12.120754,5.767019844055174,11.592741,1.2465383,0.7407894,10.096675313514707,3.988047956654034,0.05613516011445419,16.75185480658832,21.422430887424433,2.6015700257741354,2.721215147654277
A_bf5cefde903e,1980s,11.428236933961102,0.967361111111111,2.0877262114396657,66.0,11.519306,3.98833303451538,9.703516,0.46309102,0.80937,24.782048640018353,16.108231169641325,0.11725023991128672,16.540696407222182,26.134165643893482,9.345869442860613,4.198039962906252
A_c016ff9e12e0,2000s,13.348292612126908,0.0025,0.3949586690407214,1.0,11.938204,2.904066944122315,11.425738,0.4045572,0.76160854,19.39897843147272,13.57977739509877,0.0626198488966863,13.860130129547318,20.361223453058148,2.7268609057259807,2.0781950319466143
A_c02326601bb5,1960s,13.669317378831682,0.03375,1.2548206769037842,3.0,11.663443,7.224500274658203,10.7123995,1.1908029,0.59391636,7.4514174522362,12.566288306770618,0.04526505763070626,16.861303882159287,20.28907770128388,3.046132490552396,2.211991853038852
A_c025ed79161f,1960s,15.481171877729153,0.08833333333333333,3.770107616244622,9.0,12.189243,10.977329158782958,11.029168,2.3722453,0.63569224,13.288101606981423,12.446110669115182,0.08151383640610169,16.373809891127287,21.41022508658979,7.414468652384038,3.2718350228313793
A_c0f20e8725d8,1970s,16.036295754156168,0.0015277777777777776,1.7635532559828544,5.0,13.095215,6.47648344039917,12.004256,1.8860959,0.80572253,11.396830790024074,3.633473325123248,0.08087133987465098,16.434033523532285,22.346172862797708,4.453245841169125,3.1831280725672593
A_c1333faa3944,2000s,17.78791592913447,0.0004166666666666667,3.283807818552993,2.0,12.044806,12.162776565551756,11.928548,1.3095905,0.56230885,27.42469573055639,29.591490388859334,0.08855214576721192,16.958910112400623,24.18187422659336,8.25250067983865,4.533175801531624
A_c13de3bdf7c8,1980s,14.040801809531795,0.04847222222222222,1.4302863588364838,10.0,12.468704,5.499875068664551,11.501087,0.90618914,0.7178463,16.19660665598547,19.538074808648084,0.0778284251373426,16.692420897649974,22.151613770971398,5.875038200305083,3.010939326280506
A_c1416da4bbc2,1970s,13.237510575672195,0.012083333333333333,0.6348968290257551,8.0,12.000914,4.13940305709839,10.949454,0.8458998,0.77311045,27.21615328596473,22.462703710984904,0.08873194331965172,12.692844678994119,20.838155798963815,2.7438637934952625,3.054315823304322
A_c17da89e0f92,1980s,10.312001089222877,0.4452777777777778,0.3949112683373097,21.0,10.283749,4.671410274505616,8.67296,1.3599873,0.62442356,14.129056947072002,12.44664130142959,0.05035024876361127,15.634812579649674,17.7291891972354,3.4589992807319048,2.4292235035724623
A_c1be897b8c37,1970s,13.03776595853796,0.009166666666666667,0.44879342317340765,6.0,10.909231,5.322404670715331,10.400349,0.79448366,0.60983,14.831535372561127,23.63000538885462,0.04680931513508161,15.847558617345186,21.70130843340693,4.680623206090183,2.6059352324854745
A_c21f1530273c,2000s,12.507103503221416,0.04569444444444445,0.8087850297238668,4.0,12.123357,2.1475022315978993,11.206216,0.2133491,0.66822046,12.861665830708953,13.902248764319811,0.0822995195093081,12.937080490907931,26.26897315856995,4.390785873455499,2.8759718089840085
A_c24482c634a1,1980s,16.97673712132298,0.011666666666666667,3.1568494458465706,7.0,14.967871,6.695306968688962,13.731564,1.4916166,0.7755288,18.438724767417067,6.771134511182549,0.09446737800057477,19.914665228608925,20.571120182995287,6.7907253838043005,3.9107299055069453
A_c300ba4a50c7,1960s,9.946555589736297,0.11361111111111112,-0.380857270391469,5.0,9.750164,1.4184153556823738,9.316873,0.38140553,0.63233614,9.388775568010692,7.315916680543237,0.022127463707978696,8.255645148560268,15.30882614438488,0.49586600995140895,2.049704013694265
A_c3472a346103,2000s,9.410230850102419,0.7702777777777778,0.13266863106248028,32.0,9.493848,3.802138566970826,7.872902,0.39446622,0.63559854,13.956182710986901,10.749818460106896,0.048483289426511464,11.969435388425692,21.009134371349568,3.094676274240304,1.9401834996361378
A_c37d299c2429,1980s,16.18524425147469,0.0008333333333333334,0.9483168434134579,1.0,14.029842,2.17031192779541,13.153433,0.3724211,0.64740634,13.776477542340842,17.334814475361252,0.06890715087940491,14.769924159332563,20.171746352406608,5.863970745603625,2.3319024932702686
A_c38505af367a,1990s,12.512007460124149,0.06319444444444444,0.42625400207047504,6.0,12.202376,1.8631537437438954,11.71013,0.41461188,0.58460706,10.017494428615837,13.067153527726191,0.05504987147002094,14.325677539132215,19.615325925321006,6.2375533630487165,2.090546236990519
A_c38dd33af58c,1980s,14.731430889967477,0.0031944444444444446,0.7188174322320453,2.0,13.305514,2.051782321929931,12.683898,0.68914795,0.5964234,8.36353866722556,14.763218644683153,0.05432070207595825,16.38688257039198,16.02474411960477,7.297053575321252,2.276403483835201
A_c3e562ee2801,1970s,11.623398153711886,0.08875000000000001,0.24740007594062297,7.0,10.363021,5.711317253112792,9.598566,1.6674583,0.6538435,20.588031299859658,17.36813782701659,0.03735528505149008,14.85123476912135,20.763623510417073,5.3907139084433116,2.5048394712794098
A_c4683e24a473,2010s,13.193955672905151,0.043055555555555555,1.2847352038454112,4.0,12.45336,5.197911930084228,11.068017,1.1012307,0.70043415,11.342243329004724,5.387262222079089,0.06571770554497128,15.81140875718307,16.637353579860815,3.296717541709775,3.1919766858970995
A_c4a5b0ce9a5a,2010s,9.17387246222538,0.6655555555555556,-0.11066880589287065,51.0,9.135713,3.5914642810821533,7.7193313,0.64426064,0.6638574,13.834076354733625,13.433099225961964,0.05574961884547088,12.349908549483896,19.59033558018474,4.513719317868798,2.832681231739539
A_c5170ecdbde2,1990s,14.411275764806943,0.2788888888888889,4.537056989258916,15.0,12.976433,8.74561986923218,11.983828,1.75571,0.685192,16.122928633906042,14.673176211573647,0.08575056802242174,16.60605384568415,26.7454508216095,18.26187701283382,3.1078427475006487
A_c57633bf46df,1990s,10.93875782070189,0.28055555555555556,0.5353922261704711,18.0,10.960264,2.464341259002685,9.84724,0.4161605,0.8041815,13.878092496603028,5.120983035711541,0.07301278265155091,14.27083430768048,20.394335223487182,3.062723319560739,3.2403213261745902
A_c5bc61d870c6,1960s,16.670229137234312,0.0030555555555555553,2.1612364134637794,1.0,12.615335,11.98812551498413,9.790976,2.5919697,0.7020718,10.72158304240406,7.03550774087382,0.06574236940893328,16.04349203359467,22.833460098151562,4.459149605331792,3.506329926914023
A_c5ca95a5f506,2000s,10.518911686466831,0.6775,0.8699864309465779,47.0,10.70674,6.326248359680176,8.236887,1.3508805,0.68967074,13.83830263145771,13.01650943865208,0.0776586951114036,14.41981207590743,18.59615707716755,4.66497695047356,3.67538585693626
A_c5e0fb831292,1990s,12.338899570130732,0.2811111111111111,1.4300593947010594,33.0,11.900954,5.196204376220702,10.448257,1.3525537,0.7140554,21.261375725830106,14.853615720094641,0.07484724409211942,15.96319160909849,24.83730010429889,8.890396070280218,2.8946925020907917
A_c646bd810c78,1980s,11.34310192958861,0.32861111111111113,0.8816394903430802,16.0,11.040541,5.521009826660157,9.407349,1.7955183,0.59664685,7.476371931265276,6.641588153247007,0.057810297655680826,15.542617791065497,20.623727491801645,3.8202956458707904,2.2369907379009963
A_c6b76b74cf36,1960s,19.04720814453112,0.0022222222222222222,5.645304273523102,1.0,10.463358,13.357995223999023,10.324978,2.5160763,0.50812554,23.364747848225033,32.24366555345329,0.10151948532691371,16.921838747581454,26.855616771325096,23.232906820986365,4.056268675860454
A_c70adc355b14,2000s,13.318273570585829,0.20888888888888887,2.3554822686418175,14.0,12.645468,6.167123317718506,10.754235,1.2222832,0.78755957,16.901167022776146,7.9312205604132675,0.08685861682891845,17.419272202485597,24.63956900694628,5.776655089872742,4.694945001459254
A_c7e0ad3502ff,1960s,14.650275170809053,0.009027777777777777,1.431313645695023,3.0,11.353626,9.29817991256714,9.482728,1.4797276,0.6406606,7.5100161483028565,5.277816613153547,0.05931623806188136,16.22793568374386,19.11786954215269,5.827307113429772,2.84749847036735
A_c8034884fb8b,1960s,9.889680392423182,0.4180555555555555,0.06112928753150326,7.0,10.007859,1.877229690551756,8.93071,0.22938816,0.61167306,8.831677665780676,11.425638426358953,0.03415719385222187,12.903094445340333,16.929535980991552,-0.07259807906998894,1.5707100008507788
A_c8483c8e15f1,2000s,10.551461169869107,0.9709722222222222,1.331508289231186,51.0,9.9449005,7.934421110153197,8.418803,2.531292,0.7484204,15.430003050427668,15.959994554563782,0.08722222114676859,14.642476458172414,23.264442456090908,8.91519259387213,3.533554029998642
A_c89b8d534da2,1970s,17.028891051732,0.0005555555555555556,1.5500416024503938,2.0,12.061731,8.984766387939453,11.594653,2.2184472,0.7115829,7.0135193354373175,5.754899477729591,0.05476442323214765,18.91159843058473,19.010562683297643,5.500023828635927,2.4500669315364556
A_c8a5030efa5d,2000s,11.141285435081054,0.53625,1.0285216942489894,48.0,10.99243,6.310369968414307,8.924945,1.6795645,0.64990306,16.01524073472971,15.841173381582536,0.07416981735744992,14.791892282447964,18.557277908060943,7.890281518852364,3.386153070126131
A_c900899dc9ec,1990s,14.174658470311076,0.030138888888888892,1.0649189245201987,11.0,11.994198,5.799544143676755,11.5601225,0.90423006,0.6509657,15.66138026779607,19.220594044147127,0.05462579273042225,17.24251202170049,24.152022347603637,7.4209080001688985,2.671249033872038
A_c944775042d5,1970s,14.931902033873623,0.0009722222222222223,0.5779660031865061,2.0,10.987993,4.804139328002929,10.642699,1.0591172,0.60148823,9.33683651304367,4.979445565368344,0.05045350000262261,13.14820206955888,21.525008951854744,3.3581965188943466,2.685983269535854
A_c95610bbc966,1960s,12.350321146798654,0.13805555555555557,0.9444305307610876,12.0,12.21256,4.2608050346374515,10.599165,0.5694496,0.69503856,17.412469395558396,7.352246426673071,0.07291050346274125,16.355215060966117,18.72793952510937,5.285439773841873,2.8104684004113465
A_c9940beb7cc4,1960s,9.692271088353849,0.7466666666666667,0.21660040560535743,25.0,9.970283,3.235794162750244,8.190444,0.6762008,0.64005524,9.561244631168327,7.683452958566571,0.040825938582420354,14.213170226809154,19.76953513061346,4.436766427026826,2.53250979739584
A_ca369b562ce1,2000s,6.8495149437883125,5.124722222222222,-0.3383392127302769,81.0,6.8852663,2.4106849193573003,5.7748632,0.59676754,0.7623804,10.249742989800222,5.554677715921354,0.047750845390000365,14.717330405637032,19.879721848849883,1.871703782688904,2.6955711728362033
A_cacd3b0e7bad,1980s,14.572059828904457,0.015,1.3287450458035401,10.0,13.641628,3.256954956054688,12.768777,0.7024104,0.7747496,19.779817520439586,7.666469193567234,0.07383549354361288,15.428314531536742,22.226235865901174,4.7195753081591505,3.1830408187437835
A_caf1955344a9,2010s,7.392637728262546,3.114027777777778,-0.3153304759108244,25.0,7.3216124,1.8534304141998286,6.613321,0.43371737,0.61472505,6.326642933582822,9.436456373371716,0.040624612162384804,12.619838539879217,16.4569343243082,4.0535726778492345,2.0304207060805517
A_cafddb105cd8,1990s,13.099434218352332,0.0004166666666666667,-0.14080071468550415,1.0,10.95294,2.394114017486574,10.722002,0.361884,0.6594398,12.736989573793418,12.335325337526912,0.0436857641607091,12.213053829976918,17.97930926039807,1.8154411242685091,1.9409507319311938
A_cb0f4e383013,2010s,10.472953193636613,1.1254166666666667,1.1939783747370694,158.0,11.098672,7.720848369598387,7.4891596,0.6115882,0.74627656,10.859355689385419,11.517849595359477,0.06456230865206038,14.963843275925804,19.541587034739983,7.106802900275259,3.284064715034849
A_cb5b36f83f97,2000s,8.114590227961262,4.060416666666667,0.4493263865573436,131.0,8.724279,6.269553565979003,5.917915,0.4428959,0.85801345,14.003168932318058,10.538258444109548,0.08916928696476556,14.667391353899365,20.13254640782916,2.9228278494996083,3.6758592518769095
A_cb7a5374c2f3,1960s,12.502151541248972,0.009722222222222222,0.3164355635250531,4.0,10.13687,7.247625350952147,9.497254,2.0232892,0.61917996,11.362327989609788,23.711200389752634,0.03974074312435683,13.648186698696222,19.4170194614645,1.4858868340665499,2.1450657691851873
A_cc35ede7ec44,1970s,14.519283507650353,0.004027777777777778,0.6176964052153142,4.0,12.044561,3.980219841003416,11.90648,1.0862733,0.8138156,24.11163856868943,10.573501370135135,0.08104040890205197,13.308962621355018,21.621105755695982,1.7427184422597435,3.699212042926874
A_cc8b46dee49d,2010s,14.927848686052837,0.003611111111111111,1.4392084863086296,5.0,12.342412,6.384028911590576,11.579861,0.9168868,0.9932779,49.33684569975917,3.447857263368448,0.1022037062412355,19.28403996365224,24.92473150710574,13.763033293687513,17.98590363407457
A_cc9a7d8c70a1,1990s,15.771596212538752,0.0015277777777777776,2.3279396437543776,1.0,10.633856,13.362837600708009,11.307007,1.5684365,0.87762123,14.014149366890184,15.344857428913226,0.12680555801002347,14.14082846620208,23.717812479308666,5.559398686400344,6.899098682598858
A_ccfdad6d3eb9,1970s,9.79244000383459,0.7940277777777777,0.46867485531873276,15.0,9.583165,3.9579215049743652,8.324837,0.59483725,0.6967256,11.386296404401055,11.372788648971973,0.07282868862152099,14.861335049999386,16.544921663314494,1.3006060376592394,2.250198049678606
A_cd02a7e09f66,1960s,15.357502200126513,0.0011111111111111111,1.4460722150160992,2.0,12.996343,4.638419818878175,12.038967,0.5186898,0.75739765,11.104809833936384,5.426721369340433,0.0947793414933341,17.16506245406595,20.11032799758911,2.777961814318532,2.6765565447964086
A_cd29f88708ef,1980s,15.558262080900079,0.0001388888888888889,1.0211474052696063,1.0,11.518071,7.594291114807129,10.95305,0.9843201,0.7269858,17.870570768256048,35.37345626620917,0.06186376492182413,17.189951252345633,20.461176443400937,2.3776087742127148,2.899887868068822
A_cd2b5d7e2d29,1960s,15.58861336350772,0.057638888888888885,4.711748381376052,5.0,11.972322,13.004292964935301,10.273725,3.6220937,0.67772055,7.578578533124336,7.679702024249016,0.06516351213326325,15.078955885891231,20.248875759428607,5.835239812188986,3.5883518714897717
A_cd627e3cbcf8,2000s,10.577824558787807,0.8038888888888889,1.2928221995122922,11.0,10.51426,12.416631078720094,6.975531,3.9309278,0.5899629,5.764197039698329,6.745611867885545,0.03836388394452523,13.068355046479791,19.68225605891884,4.283734935442786,2.51874769409005
A_cdc30c1cebe4,1970s,16.312334892997196,0.0004166666666666667,0.6255179422396968,2.0,11.485317,6.5793878555297844,10.818232,1.6487794,0.6484921,8.319093616509877,9.220979708026077,0.04746645131505522,14.239372570494483,19.51349038272595,12.159643244561847,2.5542467336225765
A_cde4d9ce4a35,1960s,16.91745636755682,0.0016666666666666668,3.3144932381038092,2.0,10.875023,15.64456672668457,10.561705,4.227033,0.5197584,7.514695315949158,9.480006480622766,0.05089619760294907,18.91167374888344,24.55820900783274,5.626400806399401,3.368559798440971
A_ce3b376bc6a7,1970s,16.57738860289367,0.0031944444444444446,2.729676138536819,3.0,14.447841,6.854680919647215,12.933491,1.1047448,0.7194528,18.44936987306085,9.27369322920966,0.10873526690436192,18.341380431108618,20.74778627320392,4.241115150942938,3.350076882210718
A_ce52381bcd8c,1990s,9.265090969491089,3.2825,1.4813253996057938,94.0,9.344515,9.814514875411986,6.6616635,1.3970602,0.7357715,26.48205606566112,12.084398335839543,0.11459585078926973,14.344517925942744,20.34263284143942,2.9108050237522853,4.179527858611523
A_ce78559515af,2010s,10.754897123240955,0.34555555555555556,0.44642094668560484,22.0,10.550127,3.684899711608887,9.539511,0.8623999,0.6582928,11.658901451926262,8.468484007958837,0.05341852430437432,15.20049941181392,18.313653142365762,5.28116517285676,1.920485131978321
A_cea6109d6762,1980s,10.030847508321727,0.5404166666666667,0.22378880296295556,12.0,9.8502245,2.3538423538208004,9.146192,0.32824582,0.57850343,6.542527442357178,5.3074901236784715,0.04455252580153637,14.710131408389424,16.015140810232154,3.2001704663205084,1.8423295903518053
A_cec359fe89d1,1960s,15.267157461865112,0.0004166666666666667,1.1960003882377492,2.0,11.67555,8.001351070404052,10.067043,1.4651338,0.5594378,22.909552177033323,21.35613767311568,0.07610134777269865,14.085117423961929,18.735895423121473,4.335509302862781,3.987598694054648
A_cf004af2ac76,1990s,11.921319451058286,0.23027777777777778,0.7076265813905169,29.0,11.878995,2.8475302696228013,10.603166,0.3398951,0.6359079,11.0731834705856,9.092075917204035,0.06267737038207777,14.579775558397927,22.949752124125947,10.253855071727795,2.503016573225719
A_cf6241bd7fe8,2000s,14.446329966757395,0.005138888888888889,1.4799436971561617,6.0,11.432153,7.455283451080323,10.209307,1.4793558,0.78462857,15.880603591542016,4.9285454706349805,0.06725584176033055,14.40033606108489,28.550068267059984,12.421585992617588,3.08881101810733
A_cfaa8d6bd20e,2010s,7.949998085994593,2.9433333333333334,0.012916241572264564,59.0,7.9657745,3.289090013504028,6.680389,0.6208575,0.70275253,8.581016439709344,7.036872441747688,0.0544368166923523,15.1228733938761,18.3962420944995,3.376467317598734,2.5161522688985034
A_cff479c1435f,1960s,13.012701340320824,0.10569444444444444,1.4008352739656207,11.0,11.638649,6.30997953414917,10.771293,1.151169,0.6469393,29.612336016503765,13.86480331143731,0.0945186495544887,14.886047764038656,25.971681042821746,7.601510085407854,3.8521904849953787
A_cff588fdffee,1970s,16.81943745478669,0.0005555555555555556,1.2576375577055998,2.0,12.672028,6.266275024414064,11.727964,1.5067114,0.8259568,14.21748043890158,7.000829229072801,0.08576159376005887,15.146713881528909,19.8373993390823,2.268482277744482,2.90414257539558
A_d006bb10739b,1990s,12.546902378985145,0.05833333333333334,0.5551130506162272,13.0,11.935853,4.34713077545166,11.014108,0.8289331,0.6727921,22.462754596886437,33.5126456995279,0.06407038895707381,14.975995976985944,20.30298266219784,3.9265588176700144,2.2951659158938162
A_d129994fc893,1960s,16.7390555618041,0.001388888888888889,1.8458763636859814,2.0,12.747286,6.357314300537109,12.580429,1.0132748,0.6956494,17.788534461026163,5.716220545211231,0.08630279272030562,17.557088696402374,22.56282025731649,3.657310505722714,3.574803557763165
A_d14b62f71931,2010s,19.085634465991003,0.0008333333333333334,2.4922871459844114,1.0,13.00855,7.199012374877931,12.738321,1.2993191,0.675757,10.96708970055761,5.256421145223822,0.07678239033306916,16.550403586987898,21.424111695478548,5.256590084190831,3.9029430110559
A_d15838bb7150,1980s,9.592013998356533,0.6241666666666668,0.10247363533871034,24.0,9.683995,5.134809112548829,7.7136545,0.87303317,0.635492,7.722852665777324,10.171956590071407,0.04304398540088109,14.506551934836018,20.003658272327435,1.3761803460937223,2.1576452717631467
A_d1c99239782c,1960s,14.784357864304376,0.0018055555555555555,0.7102815306362023,5.0,12.038391,4.43853359222412,11.837482,0.66911125,0.6195573,12.007200730678838,9.501905776479616,0.057805626121109836,14.446179223341709,20.070858682018844,4.6767166127901785,2.826199953301607
A_d1d56b5bfae8,1960s,12.76463053671898,0.08166666666666667,1.1169682590722365,7.0,12.027746,6.500896263122559,10.345529,1.1484851,0.661491,9.507794036485286,6.901472276874781,0.06242991532466209,15.870361195683401,19.86316727926931,1.6788762635327936,2.423542772353183
A_d1efe3d73643,1980s,11.60797515806616,0.05458333333333333,0.1499930306255539,6.0,11.507726,2.1967160224914544,10.533239,0.32169497,0.59209985,5.470144438325128,5.531927930868944,0.04091158628463745,14.117297977025501,15.018556979433779,4.352733894718565,1.9648544635590446
A_d219cdfb3d1e,1960s,11.786032976770317,0.1527777777777778,0.930667906719663,17.0,11.111679,6.295360279083251,9.24436,0.91402453,0.7423904,26.995953705965732,26.024645477752127,0.08592788121786463,16.6813172059017,25.94791637800242,6.211103583181767,2.945614165144937
A_d227b3622a9d,1980s,10.878840326024857,0.41833333333333333,0.7300447534012755,23.0,10.839595,5.049056243896484,8.994724,0.8707991,0.68318915,12.669403486935186,14.020624970739327,0.07559038423858912,15.21191171129416,18.795970988344116,7.164256581794708,2.378194347140909
A_d2ccc24ac70f,1970s,11.184917919492957,0.11763888888888889,0.2080928062882177,9.0,10.688406,5.052435302734374,9.178797,1.0490594,0.6386989,9.31528742126751,4.818367412736831,0.04399659535656237,11.308094539862566,20.713003845742538,1.8466228395271411,2.5355084543805413
A_d2cdb0269b33,1970s,21.79393239614527,0.0002777777777777778,9.969321399248134,1.0,14.304408,8.745179748535158,15.847538,2.7649086,0.6689386,15.440600526297233,10.763954730992637,0.052649146469546035,14.66519169878017,22.23622462520959,4.1209281558583974,6.187942948732068
A_d2e9dad8baf3,2000s,8.654770551318341,2.233611111111111,0.46714158159255215,67.0,8.204278,5.8999478816986075,6.7401004,1.6317937,0.93988967,15.219967994502072,5.727179867227136,0.08375829835956015,12.520465906734582,20.67819248299272,0.905177260707132,3.3328730336576164
A_d320f5ecb53e,1990s,9.712263668802102,1.0963888888888889,0.5083955973042595,34.0,9.513716,3.423225212097167,8.409444,0.53559506,0.6801802,17.57575258614094,8.639184801961058,0.054044629848556,13.84545645566371,22.468758048434793,4.485738258258403,2.369501063857329
A_d3603fa26d57,1970s,15.329016903766945,0.0004166666666666667,1.3995448194487938,1.0,12.909564,3.804443550109866,12.44237,0.81971025,0.8016939,10.334834511158075,3.572749369619407,0.07554401563218803,14.046983368438262,19.657262562869164,5.127376906818547,4.368870345010285
A_d36d77204f65,2000s,13.49223017484713,0.0225,1.401268289583279,8.0,10.339471,10.940549659729003,9.872915,1.3240764,0.5562638,9.964026214725097,14.156312783055704,0.04152128027266815,15.028859763077499,22.97125762151155,1.3966450318441774,2.7675541913439794
A_d409a10915c5,2010s,15.355408008375614,0.002916666666666667,1.704116856335717,5.0,11.387144,10.56545419692993,10.377977,2.882504,0.7075969,22.289233140849593,13.440183769003308,0.0795643330503393,16.179722339536447,22.380252723502526,4.709647746935443,3.57961027521982
A_d43c086d839c,2000s,11.097014656043529,0.9004166666666668,1.700750732182465,24.0,11.041575,8.836104011535646,8.304338,2.691781,0.8269135,29.838640388229667,7.617133653751889,0.07613906623752972,15.749632671185964,21.134394010504984,3.0841958098344415,3.758151200615778
A_d49482b0b092,1980s,11.781597001798826,0.15972222222222224,0.662037723201792,18.0,11.592819,5.159563159942627,9.903258,1.0817946,0.62880605,9.78442040760327,4.036878081974992,0.058541855270798145,14.175158029873591,18.487897967520436,1.0447692168704927,2.3340469478865034
A_d4986d766416,1960s,11.44359799481586,0.05402777777777778,0.21049200537855084,6.0,11.05563,4.952943897247314,9.443182,0.8454266,0.6663856,8.608695228406019,7.993532295868647,0.04587609496429889,15.336417172948314,15.551016846490349,1.5264823420047522,1.8010195683581474
A_d4e45e0078b6,1970s,10.839808082106295,0.7734722222222222,1.2650749899166662,37.0,10.826645,5.613582515716553,8.846109,0.568959,0.87031716,16.901688138353013,9.08308104734443,0.0796625765570759,16.487837854256306,19.865600944017967,4.549364823215784,2.6889936567956125
A_d51876ad4802,1960s,12.098202714259184,0.0008333333333333334,0.06051655933689082,2.0,9.035155,5.036066722869872,8.077092,1.1322517,0.7236581,9.017327120807625,3.8365165874291645,0.07989527598083744,12.130662771503719,32.67435320232511,2.4717367699407715,3.174103693500336
A_d53931551bb9,1980s,11.98923056064698,0.09236111111111112,0.36208854958082703,13.0,11.253598,4.121896171569823,10.173307,0.7410414,0.71609795,27.39962693837252,16.28885755080426,0.05237039904160932,15.028589698034788,24.630453823402068,2.7261162083161237,2.358765397194946
A_d55e292df0e5,1980s,8.131201497547888,1.627361111111111,-0.23141736283720116,19.0,8.124747,1.3613479137420654,7.520508,0.34139603,0.5802244,4.706565350165418,3.994316465543057,0.03456399250956415,13.697436716350783,15.441834720088973,2.5934984915500046,1.6198204082530556
A_d55eb68e8eae,1960s,12.921187426835296,0.11750000000000001,1.37801467604198,9.0,12.079278,6.316598224639893,10.569609,1.1287661,0.6831549,6.128693522233272,7.0152900648549075,0.051240054728036895,15.634609453335063,19.482302689557535,3.7608393553188364,2.396277079919876
A_d59687d73505,1980s,17.63752377725831,0.0005555555555555556,1.8383952644334762,1.0,11.814735,6.897235107421878,11.878938,1.4077085,0.65720206,28.561519760037136,23.471048689301554,0.055646780479785996,16.716896872140882,25.30992269443483,8.061909120261992,3.030539179772516
A_d5a7c85b2195,2010s,8.668387485818348,1.6481944444444445,0.10404282734061265,19.0,8.287281,4.828921127319336,7.0240817,0.97788584,0.4990244,4.680297186314516,6.448326769426247,0.02860844263869725,13.405201370164193,16.887601246120465,0.5837561664440494,1.9435810133129883
A_d61c3c935a47,1960s,7.535566086424349,3.698611111111111,-0.02651100422809005,34.0,7.409701,4.762042999267579,5.8414645,0.563189,0.76364636,26.20352133188243,13.73820757403676,0.07666436580222423,14.121298763087115,17.297622307235358,1.7840856737076551,2.5774434052686033
A_d675686c5d77,2010s,6.840876154636631,4.997222222222223,-0.36791883729267383,92.0,6.87577,1.2604460239410402,6.214968,0.23034285,0.6622527,11.630046681280037,39.07333278986028,0.04936389534814017,12.799454022848714,16.50097072038253,5.2123560067676316,2.5325430833079325
A_d68e5c65aba4,1980s,18.680141917120753,0.0006944444444444445,2.642170652784814,1.0,13.299266,5.6861679077148395,13.264847,1.2151072,0.6649193,9.508846502150599,5.461604366089906,0.06403257788804473,16.952851070444787,24.275421213253082,5.023914808598946,2.5687971534428264
A_d69784fee4bc,1970s,17.227690417508878,0.004027777777777778,3.40358929670323,4.0,12.643719,8.797175407409663,12.397871,2.2461674,0.64781976,8.549528615916154,6.5101349328097164,0.04818710629693393,13.313316007795434,22.771526373504997,4.917535838922827,2.5695045276859894
A_d6ca019c5c27,2010s,12.723020728971658,0.0001388888888888889,0.3144967776819403,1.0,10.681593,2.904971885681153,10.067706,0.5189583,0.68469936,13.308599851058744,12.634751065223455,0.06183239951966301,13.636212995495697,21.919945948237153,4.92304814040311,2.840294599857348
A_d70fab3b748a,1990s,11.791023517234136,0.66875,2.4020134714398234,15.0,11.177522,11.092423963546754,7.970752,2.5910022,0.694467,14.057839092737366,9.961466121432645,0.08183588542436296,15.612268860884079,28.47044964463882,8.245161844097472,3.93900053687589
A_d73e1a74846c,1960s,13.875209225132359,0.03125,1.4485062873622283,13.0,12.25161,7.239047527313234,11.155699,1.6006569,0.77972794,16.070589244808286,8.585222945309734,0.08481444168090822,15.67952430837853,21.169933099500916,2.1273849980929134,3.027318763616458
A_d78450a63f3b,2010s,17.51565721892538,0.0005555555555555556,1.5431099490034867,1.0,11.289581,7.076931476593018,12.287631,1.226683,0.5889486,8.311265686137475,20.47475226251414,0.05281015177807175,14.545706472723733,26.00506978272901,3.910479386118338,2.7068084344026553
A_d7a0c557d0ab,1960s,15.407665302547777,0.03222222222222222,2.7633304095542064,7.0,12.630206,12.309393978118896,10.903998,1.075225,0.65361816,11.706044188934186,9.422481563928969,0.06926922572742808,17.15033715958983,22.645004971830822,4.012894620556555,3.3314326276702695
A_d820264cd064,2000s,9.14937063751627,1.8322222222222222,0.4920330991153672,61.0,9.353565,4.956005096435547,7.2647686,1.0761901,0.63749343,21.931101579310372,17.12069921675247,0.06650874773661296,15.629947059498452,22.43020794129911,7.592576815189231,2.6678524336249914
A_d8343bb11062,1990s,7.48574307937001,2.26,-0.43228497712917235,27.0,7.508183,1.3380156517028805,6.8661118,0.24177918,0.53207165,4.5616955323078665,8.039086722570174,0.0346171913954316,10.649444104866902,18.748538294357026,4.034768926895625,1.9302394558086364
A_d847aacc8e72,2000s,8.177609075944677,1.51125,-0.26464078079702347,33.0,8.261751,2.3415916919708257,7.129561,0.45737198,0.55806893,10.768507034529204,18.729243919701897,0.033790614306926724,12.95783694854294,20.98581855825026,5.512445038355077,1.7921877878623378
A_d8a655a96c4f,1980s,17.567543416469842,0.0006944444444444445,1.7092899941184765,5.0,12.676305,7.67751407623291,11.564719,1.4559572,0.68413717,29.704226518567886,6.533703733098477,0.08410884171081104,16.492020591255624,21.201138986670323,14.880013346812806,4.4129052224164464
A_d95ad5acab74,2000s,11.19467726160627,0.1675,0.5723453527324409,24.0,9.842411,7.743338966369628,8.114214,1.9060478,0.5292507,12.240028972864794,14.215307903061781,0.06070574460710799,13.598492204168856,26.28732403318251,7.196992673742937,3.1748202544973068
A_d9bc3adce634,1980s,17.301740630715077,0.003888888888888889,5.184161972060771,2.0,12.724038,12.243599700927735,11.93596,2.5350447,0.75849813,16.71080678033056,8.276730297516949,0.10051053247144147,17.29050556230223,24.02081395105573,13.753342347776542,4.742677957289098
A_d9e5e59e5e9c,2010s,7.978061765279267,2.296527777777778,-0.2080917707968548,70.0,7.9657736,1.7960523605346674,7.213422,0.40460452,0.60690653,6.628048748796035,9.451674152386277,0.043466301371411574,11.534230576027191,18.607977007662427,6.458898988360948,2.063251255538519
A_d9ff5b1c32dc,1970s,14.52063198915356,0.006388888888888889,0.7854784283468228,4.0,12.133997,4.79844808578491,11.284196,0.7863304,0.6818529,8.89179751123556,8.203172124626771,0.06034296282294656,13.594084578820834,21.226248060292587,0.960015540933338,2.5417011840010093
A_da5f00594739,2000s,15.356304738176444,0.006944444444444444,2.2669695937989216,4.0,11.637845,8.827236843109128,11.148151,1.0784619,0.7640857,9.442183940002028,8.25618453838703,0.06737446827358669,16.43966610899252,22.285035423795087,4.013633608716948,3.6845223503500653
A_da9bda036e6f,1970s,15.927026482896897,0.014444444444444444,2.661179150546344,13.0,13.381899,8.287404537200928,12.747019,0.5536998,1.1121334,32.65610878309971,12.616541695867898,0.10886167778688319,18.45911508525378,23.983544300339844,13.126288985009499,3.234195054700361
A_dac589276c68,1980s,14.455896490451396,0.04597222222222222,2.1190792653842,10.0,12.541224,6.502960968017579,11.848565,1.4501971,0.6138133,16.35217110850197,14.162963103726241,0.07447120367878615,16.644242723391475,27.013168668647562,12.841935757655696,3.367123061371311
A_db09b0ea12f3,2010s,6.813692340497578,4.773472222222222,-0.4092531441226481,26.0,7.023988,2.130928802490234,5.744333,0.5372288,0.6292852,5.250792263176132,2.7960014301871645,0.04453325910266169,13.264454744703366,15.35939388083604,0.9804158648394892,2.047901108226694
A_db32456d1d03,2000s,11.055866795484521,0.17625,0.24038301254517602,10.0,10.997881,1.902788066864014,10.051486,0.2007952,0.5812798,4.4692226445432635,3.7003462254630355,0.03895957167378537,13.570627885049781,14.289007085230804,2.641480365323658,1.8698256537805404
A_dc5c44bfcca4,1990s,14.00500779323158,0.02361111111111111,0.6623126364168868,6.0,11.77054,3.8292678833007816,11.709261,0.4084886,0.7696114,14.39990163278308,5.9974562964053,0.04944086056835246,13.125708732233342,21.487728449376338,4.257186713822832,2.675420795462694
A_dc7a1d0317fd,2000s,14.77835863598696,0.007777777777777778,1.3055874433929198,6.0,11.383844,8.558275604248045,10.286275,2.1779552,0.58496165,6.40044622694645,9.279088914871384,0.05195056692246467,18.736548067557507,19.52484057567778,10.987672344862334,2.4457173505521705
A_dd73262cb86d,2010s,13.282445961095522,0.1225,2.012428900672581,11.0,12.269349,6.69357967376709,10.789053,0.64223385,0.57567215,14.691066203013865,9.259115191159385,0.06976614100091597,15.716099506167664,22.866748233761385,3.3198901683856494,3.223696127665514
A_dd8a94db9520,1990s,13.65409203175567,0.002361111111111111,0.36802032052745304,2.0,11.190426,4.474318885803223,10.522159,0.97805464,0.58143616,16.749496827472754,31.38830553070283,0.05462877303361892,15.12496814911828,21.263825442103304,1.5019087345078699,2.053246338883302
A_de288316f79c,2000s,10.592533482347129,0.6765277777777778,0.8403944400245456,22.0,11.17886,4.765408134460449,8.371066,0.80811864,0.6258109,8.54316791108647,7.61826346007839,0.056276834026459735,14.830157607643438,18.486803582267896,4.186975753778672,2.72782515881304
A_de7e1b7edfd3,1970s,16.676813721557867,0.00125,1.6679543682721887,1.0,11.882186,6.685678482055662,11.876949,1.9340358,0.7115939,20.290219838377183,12.152243631845122,0.06667614991547632,18.917264586270093,25.19846987832238,6.302776676614464,4.302875163190771
A_dea3a18a3ede,1990s,15.757662842885912,0.020694444444444442,2.498291993494238,5.0,13.2511215,6.230906486511227,12.89076,0.76406306,0.9272567,19.854305197502672,8.567405337006297,0.09114050705202166,13.41336322550757,24.247516119079556,3.3240761172348874,3.392618690169468
A_decd6934c011,1970s,15.843190011359903,0.0002777777777777778,1.5619555301725114,1.0,12.394564,6.644033241271972,11.399762,0.96020895,0.6976695,12.323943603712152,10.579211886562721,0.07135301984978851,15.849556491636513,17.815151202964472,10.297377593497037,3.4478395826933417
A_df3f88e2468e,2000s,7.176768838888926,6.708333333333333,0.10594742440624971,103.0,6.916319,4.565814352035523,5.755998,0.32091734,0.8675654,12.689271017675654,10.453175954097302,0.08069092419162487,12.188870773598104,22.556616530500342,3.344989525394012,3.5773929076513045
A_df4ffd68741c,2010s,13.753551805785158,0.07875,1.7988128025461032,11.0,11.188404,8.891348743438721,10.355364,1.9311305,0.63063604,13.825587884039999,14.069604022718853,0.0531044262702312,14.918936900692998,23.739455346658076,3.151278558826525,2.9494382538547534
A_df7f907b19b2,1980s,15.273561555606912,0.0002777777777777778,1.5073519281511993,2.0,12.440798,6.985826206207275,11.117857,1.0611463,0.68131536,13.516629021174653,8.374232891979178,0.07393840176190516,16.3271022996828,23.360655472291587,7.6364496313342425,3.578405386825205
A_df84af9491d9,1970s,11.748340641114693,0.12694444444444444,0.9796717888211748,14.0,11.36548,8.182516479492184,8.525041,1.9027811,0.7528922,15.970888254917705,7.541458357532129,0.06380175049423326,15.169034509846368,23.0882201291941,3.0144330268948725,3.4535415482757816
A_dfa1bcd54b3e,2000s,11.033279009736953,0.1686111111111111,0.2840510734167565,15.0,10.26347,5.7494670867919915,8.735858,1.2510052,0.6285632,6.87014327311169,11.612719901608777,0.04756499767303467,15.34783273429072,20.342114079516215,1.778622953575196,2.341863150714433
A_dfeb133922a7,1970s,14.929720558131551,0.006805555555555555,4.416252778690501,3.0,13.885988,4.198367023468016,13.007809,0.45324916,0.86806357,16.61213118856539,4.1458943451493155,0.12568899446232304,16.21678023598495,22.62993105060229,6.850803775938973,5.107584821377301
A_e011968b7d74,1960s,15.314526275426063,0.0001388888888888889,1.0288240160660536,1.0,12.086599,5.288611888885496,11.013655,0.8998278,0.8240218,19.69156422058701,6.201511902433538,0.07779238597766773,16.11985571209705,18.964931683923545,1.1473886425807578,2.753712694923589
A_e031378636b4,1970s,12.205033542454538,0.17625,0.9898489914622064,13.0,12.147927,4.821323871612549,10.127839,0.96260965,0.90431684,12.641618898543628,3.748005834373515,0.06275911618753807,16.28590887717218,19.702649301967853,4.410276862464577,3.0783265223619045
A_e0b0539171ab,1960s,14.157922308818833,0.0002777777777777778,0.11682485437674517,1.0,11.712892,3.015914344787598,11.1078615,0.6912249,0.73596865,9.547354162467327,10.14235679597373,0.03888994450335736,12.033940330261377,18.794026629758424,0.7560828804822886,2.0932107618592806
A_e0b09f6c95e8,1970s,18.136039643226997,0.0009722222222222223,2.458937859823167,1.0,13.667972,7.854254627227784,13.837642,0.99624306,0.7552386,14.94946791573039,9.472138616628982,0.050701578128972705,20.04604165312913,20.54006187293031,8.024710240022284,2.752786530395285
A_e0b247e81686,2000s,13.825849333570131,0.14319444444444446,2.653960625310165,25.0,12.601643,7.895438385009765,10.7465515,1.188018,0.67681086,20.669348351231886,12.749463447025859,0.08738119916712983,17.939420132926948,20.13217715736069,5.610748130311148,3.5877372918867145
A_e0b4944bd9fc,2000s,7.814278810646178,2.582638888888889,-0.21965349060301032,54.0,7.4052916,3.625751781463622,6.3463354,1.119928,0.5632315,14.824000229608034,19.57632070089996,0.039483449034171524,11.777162425331204,21.22205505105271,3.5112293724558175,2.2271649026597053
A_e12b24d5ffb1,1990s,15.590175917667542,0.007777777777777778,1.25042423406187,3.0,14.364971,3.8638885498046864,12.919619,0.79814905,0.65825903,16.638393253522967,10.647635774162637,0.06269406214481642,17.530798078738556,23.69264374675025,7.424703333550612,2.7520306995358657
A_e165e3552d30,1990s,13.550953038722767,0.023055555555555555,0.8703826849377063,13.0,10.773028,7.793740940093995,10.1414585,2.2384374,0.6148902,15.87256348282258,24.983568670854257,0.05102725634208091,15.18728334551166,26.01860457424136,9.210132377747206,2.6060004848340426
A_e1734e667f2f,1990s,18.9564251083318,0.0006944444444444445,3.067643717904116,1.0,14.043705,5.756283187866206,15.0402,1.3395431,0.74720275,7.872958226169686,2.0509257367750893,0.07525714671358148,18.3418543680444,18.196674292427744,1.5789809288621512,2.723264377061695
A_e1bb83350f80,2010s,11.658086659333154,0.47152777777777777,1.6543975773200348,22.0,11.60927,4.2967848777771,9.954828,0.69687796,0.81715125,29.716115460902312,23.51093943815038,0.1221269790493712,15.21699886581395,22.46380082888554,5.367699130386184,3.317097462032294
A_e1de2b5f5d44,2000s,6.868190974653443,4.18125,-0.44483285278902196,9.0,6.888044,0.6685051918029785,6.536696,0.119053826,0.55912757,3.3156906116913047,3.0077311895978616,0.01737815992854466,13.83025040343179,13.279211284070364,1.4932796036525078,1.3438639337121288
A_e25e7e521820,2010s,13.082754010373687,0.03027777777777778,0.38213892004495076,7.0,12.208913,2.4778476715087887,11.710048,0.3597778,0.5417882,7.277112057977217,9.675702654948058,0.045273972858082163,14.615493888037257,17.32978002810794,6.711896330248747,2.1274891136264436
A_e298c60d9767,2000s,10.190822301436226,0.5287499999999999,0.2689528128204488,29.0,10.138855,1.8057579040527347,9.388597,0.27792978,0.712932,10.169017502188247,6.9472800456775285,0.05703558045144406,14.947152347969126,19.044388573200333,4.387959360543773,2.6031797906662053
A_e2ba34d48445,1970s,15.954602797933777,0.0001388888888888889,0.6992435440270874,1.0,12.212269,3.7557391166687033,11.222264,0.87579983,0.6176259,11.639877555499986,7.7579183049947,0.05905337775625833,13.967750667585591,22.47199061561237,5.925767351681037,2.9024156547825126
A_e2fc23f2c210,1980s,10.392203676860863,0.005,-0.874771689452583,2.0,8.845079,4.501186561584472,7.633111,0.5258869,0.86478066,24.00117186253772,16.018782011292675,0.03899805510745329,16.094656775424927,23.13463667565661,5.941330708845927,3.6639362153292905
A_e39db6a910fa,2000s,12.097580308739058,0.04666666666666667,0.28895653505560226,6.0,11.683677,1.9444562911987298,11.145863,0.7196479,0.5942076,7.002589127606095,6.723841130971353,0.040441708483014795,13.775193470556152,16.459043196200618,3.8880347564081115,1.7964699813337148
A_e3bcb5f26d88,1980s,15.152106149551988,0.002777777777777778,1.8763903262012906,1.0,13.188513,3.6932475090026866,12.699896,1.2489903,0.66878116,24.681845518332185,26.92878810536635,0.099186034896157,15.290420243945173,16.87274493311284,8.456995785240226,3.662437326914677
A_e3ce76c41278,1980s,8.738655199469745,2.0695833333333336,0.2779243910074767,14.0,8.840352,4.543186140060424,6.8173065,0.52424914,0.66856253,14.732325205758075,26.354411987073036,0.07002627919603895,12.8000797095845,16.78875037361793,0.5940681344796337,2.1971616471676954
A_e4148d296069,1960s,9.890015824751728,0.5190277777777778,0.15999756981048652,28.0,10.069208,3.480867862701416,8.329707,0.5628385,0.67187876,10.026302348978856,9.697898998205893,0.05587564920288285,14.120997730304037,16.828056973532064,1.7884758431867072,2.3027390597905373
A_e44b685fe5b1,1970s,17.30975148876971,0.0005555555555555556,1.7247806968713348,1.0,13.099209,5.988970756530762,13.50832,1.1500149,0.6876328,12.692636635543202,14.310924002287596,0.07269205650397105,18.349943194233667,23.718620186609588,13.210197786131353,2.62053485105567
A_e4791250e5fe,1990s,15.771795603880985,0.0011111111111111111,0.7950448851461704,2.0,12.908962,3.9990955352783217,12.253561,0.54595166,0.64486134,8.249521543900336,8.87538341779161,0.06863467138107508,16.48298366355217,19.57522491974224,4.149663194348609,2.406730906704954
A_e4d630b0ff9a,1960s,15.379969586932273,0.0004166666666666667,0.7848705375364835,1.0,11.861421,5.935765457153321,10.813753,0.6634046,0.7427936,7.845008257939712,4.0548430569671075,0.05895482406187594,13.244998853255465,20.96125580004484,3.4133145014496735,2.4395756162979336
A_e5135bee6b12,2010s,11.951300793146823,0.8304166666666666,2.488579217450803,107.0,11.560188,9.655740547180176,8.6972065,2.505542,0.94073725,16.080814009765383,9.053274432067374,0.07517345858497852,17.40913255074665,23.754143698267686,11.112895876951065,3.8236560328794047
A_e55d8ae82972,2000s,14.03979688427825,0.06972222222222223,2.482746519780436,9.0,10.949924,13.275695323944092,9.555933,2.965778,0.58064246,8.617582216987438,11.616559951703689,0.0602268886151521,16.21535582800769,24.257288305669704,6.317015173828656,3.7722923645248554
A_e6064991be41,2010s,9.37574579424208,1.3593055555555555,0.507467533231341,63.0,9.460317,8.595560455322264,6.5648985,2.1633925,0.66553587,9.56707668382926,10.041240440079857,0.04904305170922383,16.16037154881096,24.767914584143895,8.577959391190515,2.4667316609204186
A_e6c2f4a3aee7,1970s,11.555946697570844,0.024722222222222225,0.004204471648979968,9.0,10.892458,4.42766056060791,9.392142,0.5944974,0.72566694,13.197472729363065,6.848806936884717,0.043960422306526005,12.58824979345241,20.848484362386493,3.3124763786330673,2.8152648986944184
A_e6d246abdfa2,2010s,7.351674405419993,3.235416666666667,-0.32860381542348627,48.0,7.327854,1.5331537246704094,6.6771684,0.28241387,0.5561485,9.791237795837622,23.15728838020235,0.044314631050072814,13.283947710215278,15.626670425796032,3.1015317028643876,1.948583553135181
A_e73238e3bb33,1960s,8.955254253166693,1.4622222222222223,0.20866307809917117,45.0,8.951794,3.009180116653442,7.7273426,0.49120474,0.65245855,9.107505154719814,15.645301492707706,0.06954094156852135,13.443961904126336,16.704502590625346,3.1596760276661753,2.7995701631446135
A_e7495110ade2,2010s,10.583555257459036,0.63625,0.7918595489347671,66.0,10.725045,4.110349559783936,8.810212,0.812856,0.6795951,14.903230408463264,8.348247647759845,0.07036323973110743,15.270105661162118,18.045687997593046,11.284290086195158,2.951532378994444
A_e74c52dd0f31,1960s,12.119707410174843,0.06472222222222222,0.48357230892231007,8.0,10.942234,4.703302574157714,9.817456,0.93003887,0.6384611,12.344714910448877,8.417056033063675,0.0554212423607155,13.343656645758939,21.02774638235831,13.86737258130199,2.601911936867329
A_e77b7a58caf7,2010s,15.540430042064113,0.002361111111111111,1.1147912675057468,8.0,11.022008,7.238094043731689,10.633867,0.7383264,0.54234797,12.116640440093175,8.867140039326783,0.06265784970036258,17.607893959587315,21.37364747804225,6.150293630165908,3.5877058951885323
A_e77f1bba646e,1980s,11.146082307509811,0.6759722222222222,1.4661487895967147,61.0,10.446306,10.511043643951414,8.535095,2.1317794,0.6673053,25.9137559707359,30.980852160765558,0.09026367909199483,17.000886332781185,26.2808923014316,13.255800957843263,3.363451143691133
A_e7a007d58ba2,2010s,10.604414763561708,0.4901388888888889,0.4402106540475814,27.0,10.753685,1.6524380683898912,9.639014,0.38654208,0.555939,9.379524317764657,5.017895680209934,0.04979615290959676,14.493819616147716,16.674008015543784,9.670984540478557,2.5043936079606404
A_e7d47fd93737,1960s,16.154729911153233,0.0009722222222222223,1.9975513667888887,1.0,11.688805,10.531414031982422,10.972433,1.5777193,0.6380862,10.414122337259212,13.94289861625673,0.058616187071599886,15.249374832046692,25.375046967807965,2.189674480492794,2.851271851510696
A_e7f071b9a041,2010s,10.898206823603758,0.5191666666666667,0.7855227097571453,26.0,10.277386,5.847863674163818,8.528515,1.3500471,0.702688,10.967870948136467,9.35880553244367,0.04940594319697027,13.977004104354299,21.33702779470283,3.031069479645377,2.9906226051855636
A_e7f8310c976a,1980s,10.172895467983473,0.3275,0.14139547987219547,24.0,10.252366,2.507632637023926,9.035998,0.36094353,0.69180703,10.124879965840545,10.983904570374895,0.049658738491011836,12.677223115948669,19.463092860615834,2.330075207770827,2.06026299352878
A_e82c47136a94,1970s,17.034814716468457,0.0006944444444444445,1.6581862710938697,2.0,12.903582,4.312712001800538,11.960332,0.66196394,0.66169804,12.32112412400863,7.465726664865912,0.06336644716789386,15.60259822708447,17.994648908464516,7.1888283387942185,2.7819051074294148
A_e83edfce0bd0,1960s,12.388625120194416,0.1565277777777778,0.6919467399260051,31.0,11.473994,3.634078788757325,10.796563,0.43497005,0.59226435,20.799296391047594,14.917235091417435,0.05717185905244616,16.738356011375583,19.458490577628684,21.913994813725616,2.42759916325641
A_e8a517fa29a6,1960s,18.878895218964693,0.0004166666666666667,3.137848756726001,1.0,13.176898,8.966598510742184,13.036106,1.286164,0.76039153,15.335588296639708,19.103991036886992,0.08007763406063648,15.084655320911136,22.044536665940267,2.158366362131397,3.2489849758595466
A_e91603efccdd,1960s,15.367254764482361,0.0005555555555555556,0.5040664469552176,1.0,10.551633,10.276075935363771,8.708407,1.7703749,0.7430478,22.93379589839531,17.7888460926601,0.09132037896376391,11.595477954848336,21.07272527354132,5.514194416249529,5.3894355515556205
A_ea065c4b2fe0,1990s,8.709066986996117,1.5883333333333334,0.016861997928721006,69.0,8.629747,1.944703149795532,7.9012847,0.27956405,0.667001,13.725597020861178,9.061238221559565,0.05795989080575797,13.669704880090496,21.693570651360417,6.9320838693621365,2.5431740688779665
A_ea11052083bd,1970s,14.059965195182555,0.01125,1.1423698445400348,8.0,12.616751,5.615792846679687,11.123872,0.8713965,0.7842033,18.764801839743704,14.898885404389016,0.07525732246013957,16.24761209062107,21.66769767096839,4.840223261049119,3.6184205958792806
A_ea378f9fc341,1980s,11.61355830830135,0.08652777777777777,0.3315600910752625,41.0,10.40774,3.7544331550598145,9.393468,0.5769618,0.7418575,24.541735448283152,13.848836059865146,0.08856413424389915,13.269494811247217,26.493031792936243,6.36219109677821,3.8279455771671804
A_eac8ebed15ea,1960s,16.103980677306215,0.0002777777777777778,0.6453820898762279,1.0,11.891724,4.434375286102295,11.851283,1.0428547,0.6810349,11.38606857022996,5.63950780023122,0.06700794189207014,16.453683473056124,21.164617467218214,3.9467665212599155,2.5803385831720385
A_eae5865803a7,2000s,10.362738026439885,1.6406944444444442,1.6559446326173646,69.0,10.817484,7.389090347290039,7.6517434,1.1899041,0.9450161,28.878942890698557,10.911485478704467,0.09844043162133959,17.084027846239643,19.01394344766418,5.05346715084751,3.6630207025495167
A_eb2d122fe394,2010s,13.13317679934114,0.07708333333333334,0.8729041222688476,23.0,12.072197,3.6845411300659183,11.574454,0.48785827,0.65210146,25.200861671925992,24.881698824567675,0.0657151442431332,14.993566763324752,28.02666177671581,13.056609826336722,2.3074767938222873
A_eb4f2f16316d,1980s,17.3238953782022,0.01,4.904199191013783,5.0,14.137843,8.496514701843262,13.430955,1.9630855,0.8837839,19.373222659953665,10.853306211101645,0.10409762750972401,21.19418450078448,22.428433246912334,8.121731596354373,4.51220044509772
A_eb548a7aa047,1990s,18.14167369038688,0.0005555555555555556,1.6059465589398583,2.0,11.294953,7.981643104553221,11.818589,2.265378,0.5925487,17.23923675535891,22.228456180059425,0.05220585974779996,16.167548395243948,23.23378984040362,6.621982800027332,2.8574959425959516
A_ebe4d52437d0,2010s,14.513988098588152,0.0030555555555555553,0.9150575401499643,2.0,11.289743,8.40426826477051,9.593073,1.105348,0.6852222,8.874217736141983,4.9006658131047915,0.053152836090760214,15.556663849762765,24.58365217083151,6.705921988415488,3.8676403421630723
A_ec045a185aa2,1970s,9.95887192726764,0.39388888888888884,0.08699036847171326,11.0,10.047037,1.9406618118286136,9.108976,0.26398963,0.6780628,9.254017407654882,6.1827101330322165,0.05399695901494277,12.5601827728096,18.80040386625481,0.878386199590409,2.2519762398383514
A_ecba6ec8397f,2000s,9.54054802943691,0.7620833333333333,0.09069926688746976,44.0,9.847251,3.5400334835052485,7.865904,0.921446,0.5849859,11.80353701269926,23.574346434316954,0.04381355080649118,14.368360917388127,20.904717711507132,8.643901475294639,2.2805089661057605
A_ecd14f2fda7d,1980s,7.537831547986664,3.183333333333333,-0.2221744042717284,23.0,7.3424845,2.606245994567871,6.5304675,0.48355132,0.5239306,5.344754491370212,6.373407652831585,0.03519723380569124,14.506490827131401,15.423385923329644,4.238152834822846,1.7149550006018477
A_ece2bd3347a3,2000s,8.001533344384663,2.100138888888889,-0.1984913138822706,44.0,7.879007,1.652733707427978,7.3031607,0.36046866,0.55580586,9.514885012011751,33.97744770821028,0.04777506274836404,13.797256183175124,16.781734196080148,2.784032809841573,1.8546011439319967
A_ed831bdcca3f,2000s,12.548167354420338,0.2825,2.191066276821986,11.0,12.458155,8.04006538391113,9.545466,1.4809223,0.80008996,25.840393955918643,10.279438883483849,0.10218104616343548,20.544018145644827,20.056932870852354,5.335422276702545,5.266054899438244
A_eda523980775,1980s,14.067868344859146,0.010555555555555556,0.8253494227789657,4.0,12.6085205,3.784133720397948,11.955186,0.56469816,0.78844595,27.55304017970825,11.461952818466393,0.07826584185086764,14.492908922488393,21.182052190222116,1.1040424174524297,2.4292190108587293
A_edd613c93d12,1970s,17.658940202995606,0.00375,2.3753420106625827,4.0,11.193852,8.787701129913328,10.867427,1.9722242,0.5257501,7.256837027960315,5.1709055573795055,0.05514256887965732,15.797272814405682,25.355005042322663,10.897822529447591,3.3967651022429997
A_edd8ac3ca50a,1960s,15.627974524019315,0.0004166666666666667,0.69731092794779,1.0,11.397799,5.516405773162839,11.075907,1.4577234,0.79842544,10.310102624732053,2.7728330668255285,0.04224060781074293,15.366988687365915,19.554958187471847,1.9006108916950408,2.5227561614220124
A_ee2d504f8ed1,2000s,17.98130399187757,0.03944444444444444,6.615004133158303,2.0,15.225123,11.131056022644042,14.119524,1.0848031,0.83191276,14.126285361320567,16.79785494729345,0.10868629214919616,13.66714225324646,22.76266570495976,18.758720368798514,4.735194459750517
A_ee8e6e2427ee,1980s,17.47662009731501,0.001388888888888889,3.034155009652584,1.0,13.019961,15.27796230316162,12.401173,4.5886674,0.868772,19.811297550685605,10.065864141365438,0.06847712418839738,19.05775984346314,21.219208422290688,6.989143858972993,3.447869654644797
A_eee50d2ffebf,1970s,10.64605186808825,0.22833333333333333,0.1872297568843999,5.0,10.668436,3.672185611724853,8.657715,1.3439573,0.5904042,16.56344508675998,48.13746064837167,0.039268399282943366,12.878386098867976,18.5304781580841,1.3082333664156076,1.8586005138693542
A_ef5ff3ff7ddc,1970s,13.262450939143974,0.06930555555555556,1.4632719885530916,10.0,11.792299,9.53098850250244,10.060612,1.262475,0.6988717,12.497900097412098,5.411183933926047,0.06558748895243595,17.68446878609688,21.28959655190055,6.549937310053693,3.3063551145167347
A_ef7b722091ce,1980s,12.594675442762902,0.08930555555555555,0.7432328543515299,5.0,12.675537,2.859782409667968,11.312029,0.63785267,0.5769909,6.178470647074561,9.865816610808238,0.055067905648188156,14.637364853512727,19.633727849561552,6.5527039020034845,2.3458332142739162
A_ef8e9cb7462b,1960s,15.146173423264932,0.03333333333333333,1.806046397639582,6.0,11.595445,6.905104541778565,11.099601,1.4327345,0.70406085,12.932473262807532,6.945043496757737,0.06783531145310737,14.034280447462507,24.890606684987237,4.958271430776588,4.789611138002994
A_efcc06cb3652,1960s,13.518780515813312,0.0006944444444444445,0.4877460525033124,1.0,11.467701,4.359502887725828,10.427011,0.71450454,0.7392801,10.099814329074674,5.702289117430714,0.06089019029036812,14.212358192749008,16.805059301680814,0.7158302355966826,2.350943937855698
A_efe20efce1ba,1990s,15.565551284375832,0.11291666666666668,4.680490105389289,35.0,14.461802,6.1224084854125955,13.225409,1.0146312,0.95234513,24.829361351446536,7.3275423376625355,0.1035034204434745,18.777634312135365,23.892295121869527,10.481062157304962,3.9500965395972094
A_eff6e8008a15,1960s,13.929989805790658,0.018194444444444447,0.7496075316806174,6.0,11.497797,5.761297130584717,11.496511,1.095663,0.6298278,14.145630026447499,13.74860532425581,0.06560625441178032,12.90924661848144,17.61380067270353,1.8274396583758632,2.5701488700105246
A_f033710d0c21,2000s,8.147466951494515,2.84375,0.04342554876548066,64.0,8.0683155,1.7642004966735838,7.3683524,0.19616489,0.63287324,7.65915258130082,14.378309560183045,0.06154718755906629,13.219021990384654,20.06165506651447,4.320324974162903,2.7306937183805324
A_f05aa2e0ffc6,1990s,16.775103351642347,0.0008333333333333334,1.6086059306098415,4.0,12.581106,5.138584709167478,12.370218,0.96568435,0.7302393,11.573656821886082,5.166853983476985,0.07129110342417008,20.64631382639296,19.86370455150275,5.115615717883285,2.347434665464536
A_f0920b23a288,1990s,12.885931288381192,0.007361111111111112,1.0362934370069974,2.0,11.131922,7.297102451324465,9.642142,1.8022821,0.5773778,8.3175083643643,6.293035698534911,0.04039317264395244,13.942716829400428,21.7089897273528,1.7331781331226441,2.1838971888354033
A_f0ad6da3730e,1990s,10.177313972653018,0.765,0.6173485576277686,27.0,10.363453,5.6850756168365475,8.104243,0.66147196,0.67044085,13.14523763334063,16.61351534635531,0.06292884632549454,14.777723128082123,22.032836976259702,5.256256464856737,2.8344919815485836
A_f0aefb59d0ff,1980s,10.920562115528291,0.3929166666666667,0.7150432011319974,15.0,11.047104,3.3035034179687504,9.508549,0.49500707,0.62708086,6.813237626838306,5.109126435529278,0.06585189090980277,14.63081131056138,17.731269188050504,3.6954275550160354,2.450336336785797
A_f0dc3a60fa7b,2010s,7.314566798109001,2.922222222222222,-0.3705682897212421,33.0,7.26219,2.301115942001343,6.336906,0.33480045,0.5375871,4.900746281091041,8.636500746687714,0.034320654808336,13.018143871534953,17.764921658549536,6.604202122759011,1.9371170974223448
A_f0e9c5500410,1990s,10.283891725423137,0.6111111111111112,0.5290169387161039,23.0,10.076165,5.229643630981444,8.554971,0.71388507,0.65218955,11.23645197750046,16.197129716580303,0.05332092269897461,13.827680491769048,20.08907770565277,2.4008561373371293,2.1456222330425034
A_f14717b524f7,2010s,11.164286322997619,0.7059722222222222,1.2022125429687556,47.0,9.439722,10.767343235015868,7.4747233,2.7085571,0.5494036,13.314196729188863,20.898058136938463,0.05799948884729753,14.799424969670179,25.567521175610096,15.819463949374843,3.870942957189487
A_f19b47be1327,1960s,12.361100274955012,0.03805555555555555,0.9238223522389082,29.0,10.989314,7.161641311645507,9.541735,1.3168838,0.74078226,18.74816406773823,9.986885996370708,0.09199001808727487,12.837661172096245,23.199229555665163,1.8879324888682865,2.9433224908811018
A_f1eadced48a5,1980s,14.372137012708354,0.17722222222222223,2.8302247756129004,19.0,11.275064,7.773566246032713,11.348453,1.6958421,0.66960424,17.833183488521993,21.23198640048426,0.060409635907127744,17.56268282036936,27.100673463211304,13.777773785538486,3.6068082656000873
A_f22fcb5d4f49,1990s,18.20314871457273,0.0008333333333333334,3.37248061501687,3.0,14.7197275,6.213878059387206,14.187621,1.5607285,0.6246915,11.358871523336015,11.259546920922537,0.07409678572541352,16.532762752136023,20.158846971894597,6.638607489162892,3.042521618138186
A_f28e8cacfe24,1960s,12.423346616019444,0.008611111111111111,0.14738248391127984,4.0,11.192968,4.9097637176513675,9.677922,0.857831,0.6694661,24.264339523053348,7.253771068767215,0.05928940599936025,12.814775888335255,19.74387565280594,8.29145143360554,3.943473404805531
A_f2c902505fb1,1970s,15.685255361668972,0.015,2.0653543935219822,4.0,12.894365,6.1123576164245605,12.165816,1.1467308,0.8242543,10.461924257775188,3.893447348050459,0.08195855399937306,14.34162659597937,21.46220261138755,9.974840280917459,3.3160736993688684
A_f2fc1719493c,1980s,14.870840872586033,0.0022222222222222222,1.104300061035742,2.0,13.264204,4.239815711975098,12.12615,0.796227,0.7644228,9.369979422116929,4.65915568991922,0.06541887473134161,15.713739376251253,25.044648403844544,3.6975235332876366,3.11640819129518
A_f3148908966b,1960s,9.23555668679029,0.8256944444444445,0.08907577310195425,9.0,9.215802,4.08843126296997,7.581192,0.49015787,0.63773715,15.995669592730525,15.297252567940198,0.05087138831130857,14.856546650946866,17.24215808456202,0.8425250127754951,1.8730845573663788
A_f3701a0cfe9c,1980s,17.444292757775603,0.0008333333333333334,1.9453029721726791,1.0,13.029243,8.595023918151856,11.914258,1.4141111,0.78553134,38.4213794745326,16.579484146273586,0.13093357533216476,15.594896617481108,28.312935009259242,11.374270611721224,5.136287034199896
A_f38dc2046ca3,1970s,17.573581608589485,0.0001388888888888889,2.0486850620006543,1.0,12.948898,6.5546190261840795,12.245814,1.4299753,0.65079135,15.826441283994614,6.975440582808183,0.09216837708276646,16.585136966135977,25.79582233026943,5.074609915086057,3.5204356472470737
A_f3c48498ca32,1960s,12.814844874929273,0.0638888888888889,1.1806889561045208,9.0,11.015354,10.286421108245849,10.113965,2.8895562,0.5969413,10.62819816452082,14.801478098422212,0.03752805357394011,14.837204249468998,18.940574754910088,-0.0797976434643144,2.2073339178559164
A_f3ca8a6a497f,2010s,6.758128352886794,5.25,-0.3940210300359599,60.0,6.717724,2.1754708290100098,5.7602167,0.27732068,0.573444,5.578375803289454,6.736021936718389,0.04678816126053592,11.904467100595504,17.417906492003258,2.493686811190705,2.0800608777507965
A_f4cefe8d6a1c,1970s,13.849656748705518,0.05541666666666667,1.6380519345475504,4.0,12.7446995,6.016219520568848,10.887777,0.95243984,0.6590579,10.94908560262139,4.878376960333487,0.04749510236125174,13.708469744398796,18.522725575868968,4.706598740841563,2.227383010233344
A_f4d725d6c8db,2000s,14.918972998212716,0.0006944444444444445,0.28236352935362286,3.0,11.505393,3.5997847557067875,11.03275,0.6827142,0.8551458,27.57086698122174,6.657405685904301,0.07286601904850856,12.949007803635968,26.415381273309617,2.5542477664856458,4.334928535766758
A_f4deec7360e9,1990s,15.617155656550937,0.0001388888888888889,1.4274117520096468,1.0,13.319344,2.860904884338378,12.875183,0.62298423,0.62711644,9.849370340232419,5.600604870505801,0.04719263061724212,16.865732842562085,16.96275607895495,1.3381181098413117,2.113855906210402
A_f575a7fb3ad7,1970s,14.171247242459383,0.014583333333333335,1.1070517946528327,11.0,13.197658,4.781207656860351,12.044846,0.9036256,0.75394094,11.896205027132153,8.635397748150414,0.07768454681468916,16.56037660124683,21.561463384284245,4.199829451291955,2.600637476541157
A_f5c414da4149,2000s,11.374558610566469,0.11583333333333333,0.1951906509670236,36.0,10.634293,3.1145112037658684,9.9848795,0.6756254,0.59936965,8.388602692400527,15.742079161812324,0.04015938067840317,15.76734808780089,18.029345189757546,7.652939593018603,2.082919625285342
A_f5da4927f5e9,1960s,9.440870391788899,0.800138888888889,0.20026801386108772,20.0,9.599184,5.095230627059936,7.197766,0.9083384,0.610861,14.32414309799798,23.47308787625692,0.05140608456555535,12.966103494570945,25.57196945548125,5.475345220644407,2.4197473263064126
A_f5e4cf0297ea,1990s,14.413936879419753,0.014583333333333335,1.1888855000520557,8.0,13.276621,3.7941683769226078,12.172792,0.95877355,0.744983,17.4602717985189,14.362124739410923,0.07389224855162257,14.6391082792673,20.21155644154799,7.2747587551269355,2.907134527719799
A_f618632400eb,1970s,14.290935474034491,0.029027777777777777,1.7884215255643676,14.0,12.706838,7.395366573333739,10.823752,1.2795658,0.76668966,12.88995774219688,8.079814992849425,0.08413415856659412,16.29726255111683,21.39313441988827,5.284123131960451,3.527500758078664
A_f6a326689c66,1990s,13.429465559151184,0.025555555555555557,0.9577504046146466,6.0,11.409217,6.425284576416015,10.517116,0.898332,0.65353376,14.301924742534343,12.148875576690923,0.06704372445742289,14.757467731007091,23.5069507051452,3.7420958595510116,2.795145327049885
A_f6d76f8e0949,1970s,10.986002630610306,0.28833333333333333,0.5508127563073151,28.0,10.942013,3.0952533721923814,9.5922785,0.5337914,0.7831033,18.731591924419433,9.70880021784319,0.07835998909532531,14.012908429210933,19.835462472667533,1.0993012393193338,3.0036231454345246
A_f6ece4cdfa2a,1970s,14.149482688102623,0.01375,1.0296818123858564,6.0,13.178623,3.162846088409424,12.095204,0.8882392,0.72745633,9.939688203809123,3.661802024274463,0.06460949122327045,16.970186682993422,18.52299001633319,2.253065779537753,2.5171386445385435
A_f78ac21ac06d,2010s,10.821560028743715,1.79625,1.8319769845862979,200.0,10.28039,8.150247764587402,7.3719926,1.1592441,0.6409713,18.53338910090027,20.747135257181352,0.05780018640118976,16.16309730951341,25.31445768319786,17.17022817333407,3.6172231928860197
A_f7d1ebb04f85,1970s,12.320933929511066,0.09847222222222221,0.9342422153177612,16.0,11.548356,6.4160720825195305,9.539992,1.461234,0.77535975,8.73143548036441,2.735197251691484,0.057580453900323396,14.789877340003356,22.13303586597164,1.7890327277549796,2.5609285029216986
A_f7d3f850bf52,1960s,17.188232135427768,0.0004166666666666667,0.8971319994712235,1.0,13.632832,5.063572597503663,13.047253,1.0914788,0.627184,9.877340986379611,6.047240372087412,0.04887043712985131,13.883494843744465,18.034177256131848,4.911037635372326,2.011224395182108
A_f7f29e9f92b2,1990s,8.245324639248537,2.2116666666666664,-0.00891389953513233,38.0,8.204069,2.4308829307556152,7.2444386,0.59670544,0.62806284,16.555909220691166,12.303956844631522,0.06425638046631446,14.358444439769954,21.117529000714995,2.030682509288704,2.741979985775634
A_f8089df70339,2000s,13.152458928142828,0.035694444444444445,1.1131857036138744,7.0,11.090875,8.02491159439087,10.103665,2.1684172,0.59798795,7.778683696371675,9.315219721632936,0.0720797019708352,16.575106057998735,19.622267402447864,1.1366353070913728,2.3242297209617053
A_f84d52d3581c,1970s,15.793788558316853,0.0004166666666666667,1.0867152501030422,1.0,12.673805,2.8752094268798842,12.519274,0.47712997,0.5869369,11.13518505796145,7.477173518748209,0.07628248394045056,16.05557046551698,21.315794234769182,1.1856218617628445,2.692515254918991
A_f887ac51b14e,1990s,15.833835053616252,0.11097222222222222,5.0074966168097035,18.0,15.47871,2.7836622238159183,14.646121,0.25403553,0.8397779,22.150524406316514,7.23429447781473,0.09874658861467916,16.347632130253672,23.393727025051824,10.307429553973193,5.278945792017641
A_f89e82002965,1970s,13.411198226426022,0.1776388888888889,2.4384201543560913,35.0,13.093643,6.078019618988037,10.98935,0.81483424,0.82748866,12.220703371587843,5.126935376599752,0.09030357410510381,17.94881286214543,19.989121145538228,7.643049634627843,3.6563730168332707
A_f93bd0c9779d,2010s,9.260778316004275,2.2029166666666664,0.8265840192716856,80.0,9.460527,5.0448659420013415,7.322211,0.555342,0.89637566,14.015910224324855,5.418991436462612,0.07846222822376758,16.87000021040283,21.1625015676251,6.391859882432348,2.6314194683310768
A_f966b42c6685,2010s,10.04121525444343,0.4973611111111111,0.2750944515535205,32.0,9.900562,3.774433040618895,8.639828,0.53223944,0.6856909,10.699114796787144,6.855510013632076,0.058949042779427994,14.332856618756361,21.847883300490476,1.3831882118521133,2.3687262125059383
A_f9695c47e975,1960s,7.430958609237586,3.2890277777777777,-0.2385327321150994,34.0,7.2939105,3.916496229171753,6.0419765,0.53118885,0.691163,11.080205732931788,9.62585730849452,0.049620742977113656,13.894796024159177,18.949627342147924,1.0790430524513308,1.9558330112267668
A_f9755779c40f,1960s,11.617991121686456,0.2594444444444444,0.9882332810773584,20.0,11.728739,3.883528995513915,9.892325,0.45863092,0.818801,14.511893165042732,9.090674558918423,0.06577931651943608,14.494622486655139,18.861629106055204,0.3165807512757053,2.240957598604399
A_f983a5faa2a9,1960s,13.823626828573119,0.018194444444444447,1.3413032424276503,7.0,11.129177,9.15310821533203,10.467775,1.8979648,0.6051977,14.512310516969551,19.845357210881176,0.06464166938617666,16.955967832314933,20.213604889224186,3.9737773761309265,3.4033817526325367
A_f9a9a69e2ddd,1970s,16.760859330771467,0.0008333333333333334,1.6601038074969523,1.0,13.79897,4.456307029724121,13.083369,0.74849105,0.7203509,14.539452978655198,7.228428399143638,0.08476741017717306,15.654554043731405,25.67478353263244,4.994452382727909,3.216289810329812
A_fa863129fc07,1970s,12.048635361396553,0.11208333333333333,0.6435586488621876,11.0,11.405674,4.566311931610107,10.107037,1.054451,0.69428605,12.898366217801316,8.530476315344794,0.06610718115108219,14.60411870745071,19.241210718784956,4.842453648285835,2.4304394926540747
A_fa8e4ffa4b1f,1990s,11.224679119546527,0.40861111111111115,0.6447271565181709,46.0,11.053867,2.4874530792236325,10.113409,0.30177203,0.62704134,11.39041086420629,15.131541996743579,0.07123979466302054,13.672935549851601,20.902192938984047,10.839440258609127,2.1688747199781577
A_fab351e03a54,1990s,14.202447005595568,0.0005555555555555556,0.13158646335528834,1.0,11.785959,2.4082132339477536,11.451206,0.32136306,0.6770506,7.355488435048461,6.140043247184293,0.04134493961849728,13.485911367368788,18.688254815714288,1.1782128814470934,1.949394243516801
A_facc2b66df83,1990s,10.659483147983856,0.7968055555555557,1.164833692794807,36.0,11.297663,6.796605110168457,7.6782217,1.7647886,0.65277225,18.8783326189275,27.80448776214877,0.06482956104064255,15.253130661012543,24.828186135826904,8.328804563322725,2.927166636595534
A_fae70616a0c2,1960s,15.730000469203796,0.02666666666666667,3.086509225916771,4.0,11.747768,12.705441951751707,11.207182,1.5761591,0.69334114,11.55012462775971,22.497128927328,0.08481575301930873,13.556486283132998,26.41134414569096,4.974622564576519,3.691370432989646
A_faf92ffbaf47,1960s,12.069501428451048,0.04819444444444444,0.5104675054511021,8.0,11.027717,5.887355804443359,9.806686,1.4226354,0.6541932,14.977813547154824,23.573857240884067,0.05681350165225089,14.131719956071292,18.831690949231195,1.913475891006331,2.415985945279143
A_fb8a02051a04,1970s,17.24416714289084,0.0001388888888888889,0.49665094321732717,1.0,13.219088,2.106897163391114,13.043507,0.38998115,0.55856943,9.023242128064702,12.263637211733323,0.04752721811817811,17.18943175302836,17.780892440925875,6.098310774565631,2.0244291228110307
A_fbaa59f2add6,1980s,15.550597601235934,0.0006944444444444445,0.5269815402429825,1.0,11.835205,4.349411296844483,12.059368,0.94136053,0.59286004,9.979506994736933,16.107654172119577,0.04551567199382377,15.885992785274635,20.113313126680104,5.7409943531398575,2.0040935524002452
A_fbd2e3aac7aa,1990s,10.925942514792494,0.20263888888888887,0.21778239709514935,4.0,10.97614,2.0995226860046383,9.960515,0.466224,0.60108536,6.7283016175806765,12.279806548470564,0.03790765232510037,13.540182740755354,17.533281189919933,2.308293107744122,1.6119886882556986
A_fbddefc36949,2000s,20.668552437125246,0.0004166666666666667,12.542949139775782,1.0,11.364677,24.120744228363037,11.085009,4.5689335,0.56712073,17.797027896320365,13.32651048063489,0.08935507764521332,18.48166007348054,26.820189767928788,16.75733083120015,9.028689612746447
A_fdc4acb82839,1980s,13.977139077521604,0.24527777777777776,4.31194480739847,26.0,13.031568,7.9067393302917495,11.281073,1.1988798,0.99259734,23.47330942445948,14.660053541254548,0.11975541219566807,17.96205119415777,25.57846766839079,8.424113477090122,5.110245251239516
A_fe188e8f61d3,2010s,9.80864485930157,0.6769444444444445,0.17856756918907601,18.0,9.781934,1.4435837745666493,9.087147,0.24904753,0.6105988,14.38714292789853,18.522544913810496,0.046396071207829015,14.240631951909764,16.402353966604835,4.3856280151365254,2.3028057903714965
A_feace0c2d391,2010s,13.910570779073725,0.0016666666666666668,0.6936416701864321,4.0,10.47168,6.641832447052002,9.420252,1.016605,0.47712678,16.829933732981377,26.97225529312291,0.08291754199612525,14.309880649751687,22.87473733933594,5.554675411876866,3.9686508006561168
A_febd1705a2a1,2010s,19.943961804840505,0.0020833333333333333,5.760519977110633,4.0,14.887437,13.17995090484619,15.020733,3.5629623,0.6569779,21.178720587382948,17.72270055556896,0.08569991103006068,20.024729422260158,20.562808420829164,9.847509645005456,3.229453428644522
A_ff26ac64ea88,1960s,14.181835355005923,0.004166666666666667,0.4410205118357027,5.0,12.0114765,3.166996955871582,12.035911,0.52930355,0.6046038,7.612330243882993,5.878865167486309,0.046754996196643736,17.881857975718415,16.051922910608436,5.3921132889476535,1.8562495619110762
A_ff8c9cf9b8c1,2010s,9.858027864592424,2.863888888888889,2.029447834393432,98.0,9.696615,10.066354084014892,7.032824,2.098841,0.9963483,44.61032459219336,27.73546113740462,0.1337781610294264,16.328671895692594,27.020199882152024,12.52013954357618,4.740517697258657
A_ffafafcde481,1990s,11.191307753760368,0.06152777777777777,0.03888994624667452,7.0,10.702832,3.3965158462524414,10.067717,0.95977277,0.58616143,15.633529674896105,37.44976101622801,0.05176595168167285,14.837904906508953,19.748349068241716,2.632978564101119,1.7394122926306224
