sample_id,label,sub_20_60,bass_60_120,low_120_250,lowmid_250_500,mid_500_2k,himid_2k_4k,high_4k_8k,air_8k_12k,below100_vs_rest_dB,centroid_hz,rolloff85_hz,rolloff99_hz,rms_dBFS,crest_dB,dyn_std_dB
A_005851d35e74,2010s,-9.945257821619325,-8.676944950239736,-8.75990488769728,-6.806585521783167,-5.263197991517511,-14.087224162842865,-12.909237323507252,-14.733120242363992,-5.627587808529616,1162.5822349428313,1652.34375,10500.0,-17.14470387346571,12.438163100317503,2.1179275512695312
A_00da4bf97034,1970s,-13.226706115592545,-4.840051363602858,-8.754836624083847,-5.557444008154883,-7.823135868588157,-16.055601147067502,-19.02664235633329,-19.742097045009164,-3.3617225053658055,545.1227703162238,744.140625,8197.265625,-16.70511420314223,15.632086654450054,2.1024041175842285
A_00fe7d91fa9e,2000s,-38.87023240143271,-20.903931965135946,-14.998715243429046,-4.642400381585948,-2.2028398671205722,-18.555300807043235,-32.149292588011605,-45.65083139785837,-23.56235307886977,776.8217441569833,1183.59375,2214.84375,-12.196885232602572,12.196885232602575,3.3845348358154297
A_01187f95b6e3,2000s,-10.23786847344195,-5.5124598215070195,-7.97288239353213,-5.558359911634558,-7.613527438656399,-20.83602192670385,-24.123418027747604,-28.59311000886018,-2.553539862423761,360.53804287036445,603.515625,2619.140625,-9.755270269726108,9.755270269726108,1.1669141054153442
A_0150a99e15f9,1980s,-15.212515842226953,-8.335062500131055,-7.713773568764272,-11.080541336760731,-5.263628094065514,-6.71968265580076,-12.270472893674365,-22.084932556585933,-7.789998184265404,1375.2077968622248,2988.28125,6925.78125,-11.292585975239165,11.292585975239165,1.4338665008544922
A_015eea117945,1990s,-35.161798267434115,-14.993953557901216,-11.270185814042007,-3.2115374902203886,-4.608483623453678,-14.257845753889542,-14.89247800381949,-44.55321911169973,-16.90057259569454,763.5677552379298,931.640625,5994.140625,-13.08445033088525,13.08445033088525,1.5661952495574951
A_01e71b223d20,2010s,-21.26796987349938,-6.768115702022802,-12.709286537737004,-4.015071046406602,-4.852867220489228,-26.229278161119723,-27.245880951687994,-34.51597727129692,-6.835310996948632,447.0100159710662,785.15625,1242.1875,-10.07142228317587,10.07142228317587,2.771636486053467
A_02124fd24618,1960s,-8.433214876250862,-5.322871192436786,-9.619810627909692,-10.35804940161863,-5.943968948375132,-10.924439126548114,-15.98645718143887,-28.93886925718885,-2.2158727651928505,702.0499368286924,1417.96875,5062.5,-10.596012511570068,10.596012511570068,1.9397622346878052
A_026786cd4e65,2000s,-10.026562345872222,-8.612459345706391,-8.340184615083642,-6.8342637569560205,-4.8690544844506505,-12.078301272121712,-18.46793029385584,-21.533913166717177,-5.840083041318723,730.2737711289532,1318.359375,7154.296875,-10.226626856152258,10.226626856152258,1.0837867259979248
A_026d5f06b246,1970s,-10.046741440876641,-5.889089430521711,-5.635652058514372,-9.221758504515257,-6.9249026671059175,-13.816211030749503,-23.029410694660996,-29.699692247563647,-3.2486739691899253,495.12663183529685,978.515625,3662.109375,-15.691757721535282,15.691492645174902,2.2376279830932617
A_03420e019421,1980s,-10.584302770197331,-5.676953248852582,-6.298195290734836,-10.706287329631703,-6.832579148467745,-11.196615272060304,-14.650994485651715,-23.06478208283631,-3.6229227731682316,793.0919655432393,1681.640625,6767.578125,-18.132308012447574,16.173075327359772,1.981472134590149
A_0342d96f41bf,2000s,-13.505770137797208,-1.6206429469146961,-7.392431483441989,-12.358874731482395,-16.93350723943706,-24.502893870134944,-27.104236762857102,-31.5029515289099,0.8560518249489756,165.85515748080266,169.921875,1330.078125,-12.818058914550608,12.818058914550608,1.6903789043426514
A_034713407b89,2010s,-11.056187268671916,-5.782798002963077,-8.548700418166653,-6.895874635593237,-5.714180231989277,-13.673165685230156,-26.592631771530005,-40.90816193250185,-5.104604422506246,498.28456312357355,878.90625,2783.203125,-9.11657230254585,9.11657230254585,0.5043514370918274
A_03c848a771d2,2000s,-10.557661862313488,-8.030183871473382,-7.320982659095754,-7.776062269356369,-5.033324913330132,-12.209463311662676,-16.421323138683636,-22.411070679012703,-7.019801688495314,747.1000471858015,1341.796875,6134.765625,-12.960171438865643,12.960171438865643,1.2356889247894287
A_03fb0aa71026,1980s,-32.90098319797903,-19.53244516820311,-6.855931846998305,-2.533194837922279,-6.948240859691726,-17.59974638629269,-24.56739780478695,-29.052158584507048,-23.67004874178358,497.25556716766556,615.234375,2800.78125,-21.13496346588938,17.59509463878712,3.5079116821289062
A_0432a0619fed,1970s,-35.306877152723104,-23.274558274841304,-11.629041958625791,-8.072502787118779,-1.9646862629874713,-8.904020841422007,-22.52743263192493,-49.77005747674205,-26.080239591909866,1061.2806302698118,1910.15625,3837.890625,-14.886184456864314,14.886184456864314,2.2546162605285645
A_049ee9e1f448,1960s,-11.09659256169101,-5.991859803889035,-12.006216434685813,-16.058954399892976,-7.31251562806757,-5.954326505386202,-9.013614530541268,-17.48287272180354,-3.8160832596385212,1829.3512312549851,3867.1875,9181.640625,-14.943501651153873,14.943501651153873,2.8437769412994385
A_04dab7ec8f2f,1970s,-16.70060148321109,-8.999027746583907,-10.091674882025774,-6.02612334806011,-3.659205767014773,-12.05750984109429,-19.36312548945222,-31.814481686805788,-9.42438221406585,812.8169880370594,1458.984375,4183.59375,-11.121408110292881,11.121408110292881,1.81850266456604
A_054e7d84888b,1960s,-30.423213496860612,-6.318495157678012,-8.693310244775796,-11.442682080312654,-3.3434404163667644,-10.530461603458786,-21.807049473060257,-31.881360645352682,-5.968397971390021,796.8000019502712,1582.03125,3937.5,-13.57368117923593,13.57368117923593,2.297315835952759
A_059ba5dbf9bd,1970s,-10.89828878124155,-8.8213004391289,-8.4967772176821,-11.897673932806574,-4.647646811588849,-6.745958472466662,-15.96719737587543,-27.60212126504007,-6.082262124264284,1247.6656718492977,2630.859375,5074.21875,-10.664900355165322,10.664900355165322,1.2888622283935547
A_05a5dd80637c,1980s,-27.93560131941597,-8.952548434277826,-8.32802779015001,-6.865521205768411,-5.540586922470114,-8.392537629975731,-10.645213445731027,-20.88764624413219,-11.574856054716456,1351.7658997167496,2683.59375,7681.640625,-8.312869169855476,8.312869169855475,0.9577704668045044
A_05b1b464bd73,1960s,-18.846999334023007,-10.66194498563149,-11.012146449534345,-8.235234525724255,-4.10961923401537,-6.997147281794504,-11.539620671911488,-18.61417502274437,-9.947835208375633,1504.6411697298681,3023.4375,8636.71875,-15.089344388680834,15.089344388680834,3.2277755737304688
A_05d549ab5037,1970s,-22.866937542961495,-6.8874770455336005,-10.33873198819328,-7.166886559305777,-3.4244530574688574,-14.870104938273707,-18.588872563643683,-23.35023305035036,-7.69835951179898,698.5737054479633,1031.25,6158.203125,-18.862997438394487,18.21089895246924,2.7898108959198
A_064b4b2bc9c6,1990s,-22.793192514850208,-10.327630581888403,-12.482331609197699,-7.881286940327525,-6.310476502956027,-3.6798430091808036,-17.10599052317755,-31.125427872898825,-9.921962424413866,1546.7215044740985,2830.078125,4593.75,-9.050773923401497,9.050773923401497,0.6604526042938232
A_06b19c8d2019,1960s,-24.812651624264596,-6.814658614054386,-9.289909002757899,-3.156337685804049,-7.3709165943230515,-26.273432132481048,-29.138364882789126,-33.25692796605776,-8.754889094494777,364.78669231305156,626.953125,1119.140625,-22.463827856140526,15.902987205397235,4.424849987030029
A_0706aff17cdc,2000s,-8.441220328397534,-5.4002301839309785,-7.6983503695896776,-10.05288008613606,-7.497711593482857,-11.072764084730917,-15.325825604756346,-18.42152562661252,-3.419615109653823,809.2402896361752,1640.625,8994.140625,-9.826938806504266,9.826938806504264,0.9748887419700623
A_073650a2501a,1980s,-8.214550773536903,-7.645281299567542,-6.2592096590842905,-8.8465049690298,-5.9743803837786045,-12.853611310413145,-23.638356676842406,-28.936763510730856,-3.5573708652028295,516.1403204472981,1048.828125,3164.0625,-19.35382951206548,19.35382951206548,8.182324409484863
A_07861f0345ff,2010s,-14.176866341275037,-5.295153456941022,-9.909111013977586,-10.235145932202217,-4.151507885200689,-11.509001304228653,-19.822851598721314,-24.02253811371983,-4.258128231865102,768.3295947408075,1541.015625,4576.171875,-7.36241537289557,7.362415372895569,0.8755016326904297
A_079911a1ae22,1990s,-30.380064603484975,-12.846326881021131,-6.139303419451611,-5.146323313881189,-5.019913519283104,-11.383531682148512,-20.864286474489994,-26.10073474506873,-14.246317371188377,707.6937014345718,1259.765625,4347.65625,-17.989778867110083,17.74324160945252,2.786830425262451
A_07b87773aaec,1970s,-12.918297937610948,-8.384400948189022,-6.985316461484747,-8.708990318622776,-3.906077590244044,-13.64699714498463,-18.460205125433127,-23.18914490100952,-6.919708023751289,671.3830930195039,890.625,6105.46875,-11.491429917891105,11.491429917891105,1.9021316766738892
A_08891db167cb,1990s,-9.223327626568082,-5.147807297033565,-6.312082648694352,-9.520575057449266,-11.324334557595392,-12.057019043037451,-11.766910723697116,-15.72453666328457,-2.3598123896419425,989.2172248570067,2103.515625,9210.9375,-10.904071158367127,10.904071158367131,2.130861282348633
A_08f477a3e6be,1980s,-17.008566631444815,-8.034375317990168,-10.622882771728474,-7.561904290012794,-4.422057434479903,-11.582933302889739,-9.46558567745467,-17.667922266473205,-8.259976460691647,1424.6835500763812,3146.484375,8718.75,-15.3053003599086,15.3053003599086,1.7408623695373535
A_09298e6b818b,1960s,-37.600443076359205,-14.865285209586714,-5.74616694716625,-5.739006053083705,-4.444924769299545,-11.667055358630677,-21.840710831946414,-38.45034829101633,-16.128556177255987,752.878402870469,1476.5625,3421.875,-14.403783847168807,14.403783847168807,3.2797093391418457
A_096fcd1997b8,1970s,-17.50689895570144,-6.114624398886635,-8.750056218283241,-7.119548106025572,-4.449721854281866,-13.376575263105863,-23.01083438829004,-36.194577878776236,-5.8741342932120855,616.2692870276688,1066.40625,3492.1875,-19.854491454630985,18.870979191222467,1.476991891860962
A_09ff15e196ca,1980s,-18.190739462223355,-4.454586333371719,-6.0863699992926135,-8.948578137492394,-6.35969860083187,-17.763343440189608,-24.441477107813615,-29.589554828722825,-4.714148131758968,420.2631148414498,925.78125,2835.9375,-13.902602825439772,13.902602825439773,1.3418091535568237
A_0a1281ebc9da,2010s,-19.003188812727206,-7.118857699618956,-12.371192325185536,-9.633222680283428,-2.642860326217964,-11.642464360703768,-19.21332357640801,-27.209504056571205,-7.24315754588464,805.0630625752445,1394.53125,5027.34375,-10.283770770596517,10.283770770596517,3.147488594055176
A_0a2f0a3f2bc1,1980s,-34.58489586404898,-7.094533634679049,-5.424754217414574,-6.440759632270328,-6.123563164904544,-14.77947034808002,-19.616640629630563,-26.242093302250975,-7.75026138544588,568.3760349397844,955.078125,4365.234375,-13.824967502129494,13.824967502129496,1.4808859825134277
A_0a7b59de1a3d,2010s,-11.29103616919252,-7.575715571441163,-6.411317355618829,-6.566196266905996,-6.317773842342225,-13.00959585057986,-18.07389651700309,-25.331460866765475,-5.330146531427897,609.4523831216678,931.640625,5361.328125,-9.770790351100656,9.770790351100656,1.1428788900375366
A_0a9b899cfb69,1970s,-18.000736849706186,-6.5909704223040055,-5.070249749535126,-7.8418397960224615,-6.730666749596409,-11.689960059535256,-20.701271414713162,-30.781030991675284,-6.684226127632299,584.155995068913,1195.3125,3861.328125,-15.838637800817306,15.838637800817308,1.3909947872161865
A_0b4f0f57c755,2010s,-18.111711441319514,-3.7020167870974507,-3.899632685673052,-9.5294941965034,-14.663502169096812,-25.30072715713123,-28.064194460948784,-31.992091024197723,-3.0120613361914406,196.5135363257492,251.953125,1083.984375,-11.762258184364951,11.762258184364951,3.077683210372925
A_0b5f56bdf87e,2000s,-26.68866577211485,-7.919074040532301,-9.245613172266127,-7.53162077645797,-3.285156055341651,-12.948888734343228,-18.438813314179438,-21.86849276343311,-12.890861577324335,895.4971749806788,1441.40625,7130.859375,-22.73928926408944,19.65993648139791,2.6216025352478027
A_0b70dda3bc5e,1980s,-30.140349041173696,-14.835725336299337,-9.503491963617108,-5.491437223265411,-3.5274784391900904,-9.245909367751738,-21.04885068646063,-29.996952179615914,-18.415514058378978,878.8128067349273,1822.265625,3796.875,-9.99542861161462,9.99542861161462,3.031740188598633
A_0b98cf841e7a,2010s,-12.378031225719885,-6.024713588109649,-6.149223388313719,-6.377951877888421,-7.471265302851188,-15.35311772109299,-20.415036303618166,-26.58922466776906,-4.418933155461108,453.87493659178006,656.25,4347.65625,-9.11351089094582,9.11351089094582,2.636026382446289
A_0be7ffd60b3f,1960s,-16.01185370319445,-10.330672217015021,-9.293424426450215,-7.434674383121207,-2.8355041845478657,-12.754124252756194,-20.682676690597145,-27.050907565000184,-9.514563602522738,794.0867007463826,1253.90625,4083.984375,-9.020483862428865,9.020483862428867,2.6539788246154785
A_0bfc2e0dc317,1960s,-23.204443861566062,-10.698671660143953,-8.66888682435227,-9.340828128228685,-2.05557394026462,-16.007080609717065,-21.150790048160538,-26.70172771202075,-11.037445923640261,1116.1706993336327,1798.828125,3908.203125,-16.202182471346568,16.202182471346568,2.4521095752716064
A_0c11c7f15411,1960s,-27.749588547229138,-7.932669497126281,-9.86150005723782,-9.716167324251854,-2.815096440873994,-10.217895400949232,-20.657895073301503,-31.713269694282037,-7.961765225791448,898.5640216576396,1494.140625,3937.5,-17.955117715295856,16.304222688832972,2.849583625793457
A_0c79a6949eef,2000s,-15.010733897009752,-4.658022911638769,-7.509529144634647,-10.303859694173001,-5.709893848609603,-12.374512739813897,-16.30718476438384,-22.356643022716316,-3.137081333805601,714.3972590533119,1347.65625,6574.21875,-11.560379580542367,11.560379580542367,2.82243275642395
A_0cd736a88827,1970s,-9.090475482825989,-4.360405039321191,-6.689669744759414,-11.028691833551267,-8.475305229685185,-13.907924648596044,-15.364780721206323,-22.768502525220878,-2.0573279094365464,562.936044595984,802.734375,6890.625,-13.28397027011727,13.28397027011727,1.7006410360336304
A_0cefa767424e,2010s,-10.552604217779917,-7.475785917476814,-8.193751154782737,-9.734960038700466,-4.842602511498996,-10.086051483634112,-13.798393290266631,-21.18075587673455,-5.377369550138535,987.2549420959059,1974.609375,7458.984375,-6.52354212102419,6.523542121024189,0.3910326659679413
A_0d788060bcfc,1970s,-28.240345784417975,-7.397933450447395,-7.501533863783729,-6.050931857735414,-4.485084771009047,-15.836757687831417,-21.225625093975374,-31.178672576270024,-12.112698736280088,604.5500337271782,1066.40625,3785.15625,-19.11096776822412,14.124250059663284,1.498104214668274
A_0dc01c3d2b25,2000s,-23.5065213084231,-5.314489317702447,-7.441992578781171,-7.882439699226518,-4.900353336385789,-14.70658046279027,-30.837968040461764,-39.220031812690074,-5.505430553373014,532.1220772458278,990.234375,2472.65625,-12.434205423242988,12.434205423242988,1.3326542377471924
A_0dd5d2139f51,2000s,-15.058902226988874,-10.378640626972269,-7.0688035968677045,-6.173937325305291,-4.514635185224109,-12.072184808267927,-17.42490910582727,-22.46662447887596,-9.85123458424747,800.4352918464939,1412.109375,6878.90625,-10.446197337580891,10.446197337580891,1.4990863800048828
A_0e0a3ef243b4,2010s,-11.91645475782676,-4.731170783269114,-5.146556145030578,-10.506059502134589,-8.495542230812102,-14.992672398224798,-16.125188878834827,-21.522759754538182,-2.686372278704045,530.2552621573416,626.953125,6750.0,-12.43961472223825,12.439614722238252,2.0232889652252197
A_0edeb8084c08,1980s,-16.746202828480442,-7.032229481262659,-9.513419065505456,-4.503991734558828,-5.225516957000834,-19.189513969847766,-27.243939690237816,-35.39753886874635,-6.019896389629054,444.1889670726265,638.671875,2373.046875,-22.210456008952004,18.082130659840455,2.7642898559570312
A_0f87650b6e80,1990s,-33.290026184393426,-9.954412491059442,-9.421453043116202,-5.057275571836991,-3.836599979764223,-14.146749432208612,-17.1447478143438,-30.06984382171291,-11.94025220371029,757.3118615435864,1359.375,4921.875,-20.137001146542467,20.137001146542467,5.926002502441406
A_0fcdfeb474be,1960s,-27.690763199224943,-7.762918995843854,-6.777708267977838,-8.069472902713352,-4.409290121283249,-10.7942343796584,-17.48414659513849,-28.237411171409235,-9.922395624153028,873.8399698406123,1628.90625,4869.140625,-16.641539323091653,13.579927873918267,0.9425578713417053
A_0fe5fe9677fc,1970s,-10.724260464409326,-5.996521390076104,-5.847774874401823,-8.45855696834091,-7.050100699486899,-12.771344609425588,-20.657891778935678,-25.929749108988748,-4.2200482145586395,534.7236235637221,978.515625,4189.453125,-15.212496807220003,15.212496807220003,1.4507840871810913
A_0fe74a88aced,1990s,-21.39799463144142,-9.371830208690584,-9.56841927806118,-5.189611793379364,-3.4875635375713516,-18.086257200949213,-32.8536534759814,-55.11102519967396,-9.481612767106464,638.8427503285639,1236.328125,2121.09375,-14.354487170742647,14.354487170742644,2.241365432739258
A_107c54306062,1960s,-35.65538118595369,-10.220978577383208,-6.9644689084611135,-5.936608203656927,-4.185943818214929,-12.781971374748842,-19.427765797618875,-25.069172058102613,-12.488847428206531,720.4758792333245,1171.875,5291.015625,-9.112811671310254,9.112811671310254,1.737496018409729
A_118f744ac146,2010s,-8.486491046838806,-8.241808272814055,-5.74906943602861,-7.48156561160598,-7.793701174151629,-10.273481110783793,-24.55184377425685,-40.77905443950546,-4.8858811505003255,560.8558434966798,1166.015625,3351.5625,-9.907166790430173,9.907166790430173,0.7701669931411743
A_1193651847bc,1990s,-9.812220797788274,-5.604996351168738,-5.915213928076356,-7.549441090143761,-8.130038310512123,-15.838398760939832,-21.216031843582325,-29.680219702535645,-2.849066705581828,403.3943242290432,615.234375,3826.171875,-16.582063578908596,15.250899762738634,1.609583854675293
A_11cf9bb0e37f,2010s,-15.320303873648047,-6.8567370298543135,-9.607796023613995,-10.490535484850517,-3.0178421661987445,-12.225011440513926,-22.338765584470682,-31.20016978787926,-6.500924328126642,772.4690771442699,1376.953125,3492.1875,-10.889742375109703,10.889742375109703,1.1933822631835938
A_11ed811d5509,2000s,-10.421048351614372,-3.8902117753439707,-8.962688844477121,-10.239072771905919,-7.480339499917577,-13.850329613530654,-13.490726580937853,-18.32326378924813,-1.2262411772322293,787.972055872293,1142.578125,8724.609375,-7.728800797211639,7.728800797211639,1.0598875284194946
A_11faf9dbd03f,1990s,-4.242539151862243,-7.155489047950949,-9.556198736421882,-15.089540959342166,-8.473903276657214,-11.273861314478939,-12.4367830180368,-18.08884739190452,0.3937493338115523,895.8012159613046,1933.59375,8742.1875,-9.623469658836157,9.623469658836157,1.2180582284927368
A_1213d50f32c7,1970s,-53.498692305806294,-50.19012958090918,-23.521230395695333,-7.003141662252892,-1.129751193899693,-16.07422029952453,-32.89837493009356,-52.93319202725598,-49.77013090275982,828.0662612374572,1160.15625,2513.671875,-26.14042203559297,22.173459584358714,5.844418048858643
A_12408e5bd014,2000s,-38.526894080521146,-14.365806142918423,-2.642838918918155,-9.17146419306206,-5.492494718965759,-19.914374455626646,-23.09938235469581,-31.702732276891954,-17.60347078941721,491.3684644423409,1001.953125,3011.71875,-15.382725133858173,15.382725133858173,3.266571521759033
A_1246d08c81a2,1960s,-19.276743162501393,-2.2049588382788397,-9.383609232146306,-7.1930731671858,-11.421286106724164,-22.338353589173355,-27.35203737461149,-33.4648351763926,-1.3078097297384068,228.97438786220394,375.0,1857.421875,-15.287933372331707,13.134568245804294,2.2967636585235596
A_126bc2e3bb3e,1990s,-13.472878596270965,-8.280825073880568,-6.37841452789747,-7.449658017738701,-4.834139568620972,-13.353674119534737,-17.482371160235115,-24.24271999672638,-6.940677871471037,714.9050135651182,1189.453125,6357.421875,-18.8676752238728,18.145287078831984,2.6987905502319336
A_12ade0194de1,1990s,-37.87414880413883,-49.721445725693215,-24.69960273071333,-4.241216464322915,-2.6278374462334004,-11.851905750955062,-20.86702099492267,-34.751315919931876,-37.670389809061156,905.2998453259041,1330.078125,3837.890625,-21.337827173863847,16.705703630586363,1.8522390127182007
A_1381b89f12cb,2000s,-10.812392601363534,-9.808183361740838,-8.357693726135038,-7.130097527701707,-4.265375259316223,-10.823226466857896,-18.66383708440569,-26.770147364674877,-6.96349008510169,803.463241372705,1488.28125,4576.171875,-11.031415849856357,11.031415849856357,1.8762105703353882
A_13cd859b9c83,1980s,-34.61596749841937,-16.32531371910199,-8.927972396507531,-3.973971246081725,-5.722369820823826,-11.904388534047786,-10.383823341861344,-16.1910254352252,-17.472126525934726,1392.5040757753968,2560.546875,8753.90625,-14.851264029269526,14.850998952909148,1.5472091436386108
A_142dffd4106f,1990s,-11.767679695522668,-7.64804157388996,-8.746368535854456,-6.142401142757849,-6.138450602857102,-9.579770102357092,-15.927099726372354,-22.21263335649157,-5.668313122118043,877.3773743075608,1763.671875,6750.0,-12.536607768383572,12.536607768383572,1.8984742164611816
A_145c20809e66,2000s,-16.533370164128964,-9.20986947156542,-5.795025892281598,-4.9266795579865335,-6.590964518510393,-16.876912748632165,-15.693659287046573,-22.091563180017296,-9.447039914324659,644.9885908807619,802.734375,7546.875,-9.427306817714726,9.427306817714728,2.035454750061035
A_14731ac48d58,1960s,-16.739733366503145,-6.408896431247438,-7.117548529111996,-8.373629544066626,-5.366239576491461,-10.532069497577112,-17.544609529544232,-18.585422909559924,-6.690368269764349,885.3391619480408,1746.09375,9246.09375,-10.816022662263089,10.816022662263089,1.1691720485687256
A_14f7c95c4673,1980s,-19.39263648059988,-12.449331571577646,-9.036925642238398,-4.964399096559796,-3.3846163691715976,-15.762902021235929,-26.810529834407323,-32.04236939187742,-11.815048804924064,663.9974074339294,1101.5625,2988.28125,-16.90529782288238,16.90529782288238,3.9358394145965576
A_14f918d07bea,1990s,-15.096820769331032,-4.594426431644848,-5.9842655400600195,-9.543088214055668,-7.534894085720091,-12.385917130820454,-16.7569727355859,-24.607995637190562,-3.1630820395015697,634.341588887118,1289.0625,6123.046875,-15.467373985556614,15.467108909196234,1.4340165853500366
A_157477c1c60f,2010s,-9.231259280761027,-5.168590952635567,-7.30911901391012,-8.358814286005297,-7.3738252620378395,-13.866795658043605,-18.079434068408407,-22.98725162258018,-3.536987889330299,559.9596990697908,978.515625,6240.234375,-9.078446409972718,9.078446409972718,1.3084810972213745
A_15982acd1459,1970s,-14.351358349105361,-4.0594280486085195,-8.012541443849411,-13.570749993602602,-6.728944138982538,-8.612646475434737,-17.46505956759292,-31.75118784923463,-1.9694305473325042,799.7865592012822,2150.390625,4828.125,-9.432463615450722,9.432463615450722,0.5996623039245605
A_15c1705e2dcd,1960s,-25.880381052676658,-9.40921803131365,-10.222660799519062,-4.08528492945972,-4.253033515958361,-17.4321263866447,-24.646738308920533,-33.86977279732935,-9.6342719272786,615.4220412544119,1083.984375,2660.15625,-18.60789945101024,16.492153976705023,2.5399422645568848
A_15c534debce7,1970s,-13.145227262316997,-8.373540543468756,-7.297007408048253,-6.8968468876594375,-4.684687385922956,-12.628582935718695,-17.610924524583716,-24.59147610708879,-7.327812540274329,714.7076951129777,1177.734375,5730.46875,-19.232504483304385,16.82059112971084,1.464071273803711
A_16090d382393,1990s,-21.130768165346158,-7.09267707864769,-9.243746707938955,-11.735804507679768,-3.3813913449310906,-9.089070894712762,-16.219332731216507,-23.339940137643413,-7.429657406489218,1106.9958059374085,2074.21875,6263.671875,-13.332238453314485,13.332238453314487,1.7652859687805176
A_163b6c4c1599,2000s,-14.82015478523871,-5.232237524081613,-5.952568288888478,-12.523280497861132,-7.1904145181134735,-8.60738124183355,-16.409870513908153,-22.388269083147335,-3.8809994667129595,860.4273577087117,2150.390625,6421.875,-6.696414125250295,6.6964141252502944,0.42279696464538574
A_166bfcbd0997,2000s,-15.841240307204071,-2.956598968341449,-12.026047276804155,-9.08903049295889,-6.085341746593422,-15.701878667978498,-21.77887886458713,-27.38781919284186,-0.12890772354643285,436.14125262627743,832.03125,3609.375,-12.189664041032078,12.189664041032078,3.482203245162964
A_1690b1856d70,2010s,-12.713155084209449,-6.5209538351184,-5.574616720373578,-11.523456758735007,-6.542829742032423,-8.555181904427151,-18.49961213763221,-30.25961166859676,-5.490237023247062,781.4285996472073,2015.625,4728.515625,-8.136538237498485,8.136538237498485,1.1870349645614624
A_1696e5dfb8fb,1980s,-30.714602780250175,-9.71223330574188,-9.271229597774258,-3.5701629150173297,-5.0107314352986885,-18.377287822423344,-24.28158733430328,-30.986600576027644,-12.261104506272245,493.80942009765056,615.234375,2654.296875,-12.692780388803717,12.692780388803717,3.050778388977051
A_16ed41a745c0,2000s,-10.460839029441162,-6.612998949125127,-8.026282375144177,-8.033076602522554,-5.379301762592284,-11.767199922789967,-18.012528851360155,-23.035678402371328,-6.062034062911515,683.6313870511,1171.875,5730.46875,-7.859407034523321,7.859407034523322,1.2062127590179443
A_17372fd3b204,1970s,-19.804471056855363,-7.069086006643524,-3.1869182451113813,-8.087653582330647,-9.09113267012288,-17.2802729865303,-19.636850171737237,-23.089555668863092,-6.493934396303713,422.3274056537269,515.625,5865.234375,-19.022020586456293,17.700429700907097,2.423807382583618
A_17bba0528727,1990s,-22.127387952327993,-5.849730574415729,-5.654683326225559,-6.181559290371492,-7.15450049730353,-16.307659363779074,-23.693553185111167,-31.343697594637007,-6.50800227272144,428.84269503666354,738.28125,3005.859375,-15.432644376402394,15.432379300042014,2.7985482215881348
A_18031d34c59a,1970s,-6.722022795980083,-8.305730724721913,-8.773781694613547,-9.182758349043919,-4.429123372951245,-17.82989912086835,-22.98256020367315,-23.898475172281323,-3.6368449344782694,510.2011643309039,890.625,3310.546875,-11.146292461844858,11.146292461844858,1.0837907791137695
A_180369df289f,1970s,-16.50018486235035,-5.441539230675713,-6.290653618435629,-9.1047778407485,-5.629243838186965,-13.1789930584376,-19.99352332461701,-26.105062908125888,-4.6617178290283485,611.6604134522158,1242.1875,4476.5625,-12.957385905056213,12.957385905056213,1.2845747470855713
A_1809e0cc9a48,1970s,-14.83912627676585,-10.462435385203053,-6.242408146594363,-9.561177647502646,-3.1372815008139705,-14.648109431186498,-21.03244177724697,-28.756097315841274,-10.760533585753535,754.4112999387107,1171.875,3949.21875,-17.00333680045973,16.15882058388361,2.1368138790130615
A_1860de76cfea,1970s,-12.38961091439511,-9.29705938984303,-7.985221472872169,-7.438247804571526,-3.5863545225899607,-14.688597550823312,-20.483855452071076,-23.43319277898951,-7.465649847243973,688.6912195342311,1236.328125,4458.984375,-10.094729079326743,10.094729079326743,2.0854477882385254
A_18a2033210de,1980s,-9.981809186522034,-5.2267664878179545,-10.04430671617225,-9.581040973433375,-4.985444201052774,-13.069769546993532,-17.572174636264652,-22.05585456080934,-2.3727686748156547,699.294813945309,1335.9375,6626.953125,-13.706032183581646,13.706032183581645,1.5819000005722046
A_1947b57714b5,1990s,-10.958251389089996,-6.719734651976125,-10.884417339692952,-6.833744601896411,-5.7843348427837284,-12.555258181490368,-11.572496317429247,-15.381778010266176,-4.831462670796705,1184.626778992732,2191.40625,9562.5,-8.097579279156879,8.097579279156877,1.4090889692306519
A_198e3bee141e,1960s,-18.45108258590067,-5.465512328520993,-10.083580443214,-8.403194342809519,-4.365767414833762,-10.72979888507,-22.01858329190065,-26.322613826478445,-4.518404570743156,757.3354428099475,1447.265625,3767.578125,-17.096101741772987,16.527889830289904,1.6621397733688354
A_1993dc03c2d8,1980s,-12.979658943472645,-8.17476557668482,-6.3832393112397785,-10.245034915202329,-6.023858884845544,-7.746518969093917,-13.204358171624762,-21.379488260163807,-7.955223817246732,1155.110187460289,2513.671875,7324.21875,-11.661537164494968,11.661537164494968,0.8088043332099915
A_1a3185eca0d3,1970s,-16.5086451687489,-3.89345777271844,-6.393873586168002,-11.711198437686717,-6.427657456662877,-14.13495927417994,-22.418342006253678,-30.637957742366734,-2.9875659329719353,480.7800914262747,955.078125,3205.078125,-11.767680551485366,11.767680551485366,1.5305731296539307
A_1a4598fe5b79,1960s,-23.907307501754428,-14.61636807324886,-13.681995199621596,-7.852069283506177,-1.932136355378612,-11.240001168663253,-14.537131944243761,-24.765160253372578,-16.89283672138433,1155.2640891083583,1705.078125,6076.171875,-16.136323927557456,16.136323927557456,2.3430428504943848
A_1a61ffafb995,2010s,-34.97463221858907,-20.364310706239014,-9.530164669519909,-2.8089444316895524,-5.038979100188481,-14.950806597334532,-20.65816851437671,-28.68185248256316,-24.708728733324882,639.5861207216433,902.34375,3966.796875,-10.069923585941991,10.069923585941991,1.6363937854766846
A_1a645011c456,1960s,-20.239478609499606,-6.802725679587903,-9.619489581442439,-6.524564994454543,-4.073259974718569,-14.67104876970084,-16.390497896538044,-28.37487994199316,-9.578429715831744,695.1879588474292,1054.6875,4904.296875,-11.72916954054363,11.72916954054363,3.1039202213287354
A_1a648a67f08a,1990s,-4.246083657620673,-3.5022709054976344,-10.255710703059187,-17.91417449897621,-13.261428973672423,-18.472074710797198,-23.27298920003213,-30.902659241786502,3.506071319291231,188.86084709450242,128.90625,2689.453125,-8.927792143112434,8.927792143112434,3.568561553955078
A_1abd9b959bc3,2000s,-2.194139196320523,-8.299750339738807,-9.426230996814942,-13.15451809239068,-11.726376280704308,-20.237277641140903,-20.93859914514578,-28.259738316714124,3.8686118654395756,226.5511762953749,234.375,3931.640625,-11.480574391489126,11.480574391489126,5.211240768432617
A_1ae934e551d8,2000s,-20.974344997618207,-12.06467468510402,-6.660503176774304,-5.277420894848191,-5.426877417758556,-14.592716170962795,-12.47388647165794,-14.033060275933034,-12.709728853917582,1216.724015308453,1576.171875,9685.546875,-9.83927862881355,9.839278628813553,2.05587100982666
A_1b48079fc397,1970s,-24.40254698622839,-7.780422970653234,-4.648242008342351,-4.642870453620226,-8.723893568854754,-20.882020104484663,-29.696316370923537,-44.57325291387807,-7.913483878856353,343.8543514013354,498.046875,1833.984375,-18.90590278624164,17.161544352133973,2.4000637531280518
A_1b662e9b3442,1990s,-14.519382329258676,-7.632926944442971,-6.524261503153453,-6.20893858824568,-5.9285218649006675,-14.286075063503706,-15.108934190797829,-21.72332086278615,-6.880302379787101,720.565125462834,1001.953125,7248.046875,-15.867628468934129,15.867628468934129,2.3159868717193604
A_1b7120c93219,1960s,-20.732830542904182,-11.760474104324965,-10.777139997286906,-11.290195561571107,-2.2430122078067742,-8.257069862236303,-16.991783246811323,-30.11656452210392,-11.52458966420031,1270.6567578029703,2173.828125,4324.21875,-14.753729233704469,14.753729233704469,3.6395018100738525
A_1b91768913b4,1960s,-18.889763311872137,-8.616512648993996,-9.542082021752453,-7.974502171090162,-3.482932168473404,-9.95073275889264,-15.580313373575121,-27.497513216598485,-11.306875197035819,1005.6239132263009,1775.390625,6216.796875,-13.98721970080749,13.987219700807486,1.7048174142837524
A_1b981601e719,2010s,-11.70455585018921,-6.374499580591527,-9.114672890929505,-7.444247892313509,-5.5532337101732,-9.946367661904034,-18.21043800048669,-23.426930645404926,-4.56366732049508,785.3774062965405,1699.21875,6087.890625,-11.839768906126578,11.839768906126576,0.9658475518226624
A_1b9da773f39b,2000s,-37.183189868805485,-13.200250044645925,-2.380393283052575,-6.582802234324639,-8.704869032323126,-17.809763693293263,-26.870097813266977,-30.45281581283351,-14.320919479568474,387.38160635192224,503.90625,2876.953125,-11.02184641959589,11.02184641959589,0.709340512752533
A_1c0a9fe010eb,1970s,-10.226644201861161,-9.337514425747983,-7.110299578234088,-8.23518150687015,-5.633026077743974,-8.847465218114483,-14.409142314500073,-23.99294133073599,-7.288998411800774,1015.7863907868307,2191.40625,6427.734375,-16.653051909310697,16.652786832950316,1.5492379665374756
A_1c49a75a0692,2000s,-9.202696004259273,-2.300457741027924,-10.390232299873958,-10.996113155364132,-12.081012134369423,-12.846618846368967,-22.613336519766744,-30.822109416585572,1.9072066852718015,350.1626844997761,433.59375,3486.328125,-9.003543280810689,9.003543280810689,1.7755393981933594
A_1c5cf5d97a58,1970s,-21.327057898316294,-6.616925648520748,-5.056429611803708,-8.573995307276924,-5.503906094291816,-15.779651935349907,-19.178559702227822,-24.435264277274626,-7.371354307151742,566.4475086735431,855.46875,5900.390625,-17.659750962438928,17.607107434542034,1.5791594982147217
A_1d048fe0ec2b,1980s,-17.31065350209168,-10.550405768209629,-6.171811584628238,-5.372987191162959,-4.743068171958874,-16.484728378795367,-25.336131820369342,-31.040907683838252,-10.188952305511002,534.7257474607554,949.21875,2800.78125,-19.415407577863334,16.516670670640828,2.886793613433838
A_1d42e9754244,2000s,-18.04322801184558,-10.665139213062357,-7.2092979148196985,-6.280990247095227,-4.24682828203683,-12.016584855520655,-16.252582625348065,-19.892068752354795,-11.079087070699234,872.3879704919077,1248.046875,8033.203125,-9.24303737671223,9.24303737671223,2.5636019706726074
A_1d5193babd15,2010s,-8.316837715954634,-9.176115532651169,-7.030822032179626,-6.957692757545982,-5.8970336744708955,-13.773739665228868,-15.894983002981085,-21.373486224689323,-4.95949026261319,711.3732832974056,1042.96875,7552.734375,-7.866696615871396,7.866696615871395,0.9567590951919556
A_1de714ba4d99,2000s,-12.562890483248012,-7.062435636377151,-6.495885649421976,-6.988243166569657,-6.352978528701599,-11.522020025471157,-16.85865511773553,-29.52820731023813,-6.252952846309298,664.7835575562631,1300.78125,4722.65625,-10.818746824222451,10.818746824222451,1.0239614248275757
A_1df34a065f96,2010s,-6.848099306330533,-5.16879859870717,-10.19657770470417,-11.402793338837839,-6.9428633099793124,-10.954000607175168,-15.497779924116909,-19.75443632449677,-0.33695308587019274,766.5534980289378,1617.1875,8138.671875,-6.2678738042120505,6.2678738042120505,0.701589047908783
A_1e13da355565,2010s,-12.872074890436135,-7.132300169172598,-6.7813352760332455,-7.996435235251644,-5.1123082289170485,-12.553659926243235,-17.809678201469765,-22.120550198582333,-5.759164966320482,739.2585153776741,1289.0625,6357.421875,-8.46691306598368,8.46691306598368,0.9665560126304626
A_1ecf5cae157c,2000s,-20.678325774254684,-8.888072272128726,-3.6043438619598582,-10.511339108300765,-8.158180513321993,-8.381901652300902,-14.584558052710722,-23.43978855726157,-9.133727142694495,910.935331872708,2255.859375,7060.546875,-13.658953252236758,13.658953252236758,1.070906639099121
A_1ee15b2d2341,1980s,-28.691473500669854,-22.795065860562616,-11.504225059657447,-2.3014668622379904,-4.893683910073191,-20.24667639394561,-32.963708581138896,-52.1803381457266,-25.913683540459832,494.2453102119856,638.671875,1998.046875,-14.421694262625156,14.421694262625156,3.6232357025146484
A_1f2ac1eabf69,2010s,-6.42219644543761,-4.437427847797238,-12.580456280986027,-12.870675614326597,-6.221374370203032,-13.464119253217072,-17.181589736751647,-26.192372835206413,-0.699547689506823,580.8899649042595,1242.1875,5220.703125,-10.916641340223755,10.916641340223753,1.54463529586792
A_1f2bd082a5d4,1980s,-31.620243877543107,-12.30159263401412,-8.743339528393223,-5.153640600188085,-3.9253155335944676,-12.487694842109383,-15.328516540509614,-19.613602676766014,-12.20186425390597,966.7159637522966,1529.296875,8261.71875,-16.282079378856903,16.282079378856903,3.3141369819641113
A_1f51f0d0b381,2000s,-36.88358913358942,-16.292528852356998,-9.678764608122787,-5.841475846493021,-2.685891315699038,-12.173822355869891,-21.102653740264792,-30.216978506552476,-16.82080896270739,865.6252048445583,1494.140625,3656.25,-11.76585065076289,11.76585065076289,5.891563415527344
A_1f5ff7b68cb3,1970s,-34.394195402486545,-12.957330845895726,-1.273961800202875,-7.526912434612678,-16.214147571495175,-27.128957844754748,-32.49794717855484,-39.37405813733976,-16.418538092069394,228.4843575154904,257.8125,574.21875,-18.541957375888668,14.202160065923357,1.2241649627685547
A_1fd77559e4ba,2010s,-9.423294912326535,-7.031064415455979,-9.851981637203677,-8.10429929900783,-4.720996705166424,-12.307485123916361,-15.439041418567488,-23.076761434214777,-4.15203444570962,795.7413952151037,1412.109375,6832.03125,-9.115516470493661,9.11551647049366,1.3560097217559814
A_1fda9f323a8a,1980s,-16.262154462940597,-6.934046365560427,-9.405527798672468,-5.702619242151301,-5.103552179688144,-11.305077877954627,-22.086730927466366,-29.560262212975932,-6.445935134231213,698.1764913845121,1435.546875,3673.828125,-23.03752462334038,18.907493650337624,3.346993923187256
A_1fed01f54a46,1990s,-14.664810096739608,-8.169690841617244,-10.676431883854425,-9.216712211467467,-2.9974964926307996,-10.378573900685295,-19.518330755085927,-24.22420905175006,-6.775413087931982,942.0009610977712,1763.671875,4464.84375,-9.669118278913814,9.669118278913812,1.4695669412612915
A_1ff42c9a836b,1970s,-29.492149084245046,-10.453001796665404,-7.062769624274158,-6.994110597879155,-3.2853044231629216,-16.374755992205802,-17.902403647437247,-24.260713001594738,-12.319549429604661,732.1974516174153,1130.859375,5900.390625,-17.859360176545746,15.9160557749141,2.1988422870635986
A_20107ac183b9,2010s,-26.781779069804763,-6.986328992765804,-5.357255923364736,-6.010383874632397,-6.629114506499215,-15.581459649454857,-22.071438971402987,-23.259665264684518,-11.10151567714858,523.2198268674216,908.203125,4166.015625,-15.4952536867033,15.4952536867033,3.770136594772339
A_201ab7f51714,1990s,-10.846928834975733,-8.470268869768594,-5.84680531311305,-5.848782472440874,-8.045112404322586,-11.61371804246917,-15.72389261363212,-25.828367740513983,-6.47373747040114,680.3766246735969,1083.984375,6328.125,-12.658141047678908,12.65814104767891,1.1970540285110474
A_202712fc8ed3,2010s,-11.093462308378115,-8.277400437899225,-6.678525464774867,-9.726776168490725,-4.714549382619622,-10.292299044482924,-17.420809786416026,-25.354426079774317,-8.172867964060925,875.6299739957924,1863.28125,5519.53125,-9.297822529714551,9.297822529714553,1.765439510345459
A_202dc1dfdbb9,2010s,-15.847604289896267,-9.615590598728826,-11.615769813862617,-5.66760140438136,-4.314382897831131,-8.701744517161508,-17.336173237649724,-29.94547635567022,-8.640656210363911,991.7598619556215,2050.78125,4857.421875,-10.344460874512533,10.344460874512533,0.929644763469696
A_217ad948ec8e,2000s,-14.083301406667863,-10.590199184529167,-7.259307790124012,-5.7122653271314014,-4.400827431622805,-15.334509281171542,-17.057609910919393,-22.741495366300096,-9.5665382615696,730.8600056917209,1136.71875,7230.46875,-10.46301055959287,10.46301055959287,0.8192964792251587
A_21bb6a366872,1960s,-16.84413380201434,-9.15893384192154,-3.7738014646854,-4.59236533130418,-10.79810951403491,-22.13125269673151,-27.76840921069582,-36.88464818397585,-9.885108094419966,309.84246952175897,474.609375,1798.828125,-13.317224715997519,13.317224715997519,1.9340400695800781
A_21c0fc2efc3f,2010s,-15.526172446009415,-5.064247744212517,-7.162415883517108,-8.582700879959482,-5.850587279179834,-14.139272238111866,-15.628615302566482,-24.30236314991413,-3.5549416246608168,644.1548376683265,990.234375,6925.78125,-11.624235001723326,11.624235001723326,2.558833122253418
A_21dab9bd19f9,1980s,-16.260771646666512,-7.783164472166978,-10.588557771207366,-7.611201173689542,-3.4742660336794815,-11.20437304549493,-16.362554261242547,-30.673091124892032,-7.1983831309054525,926.4413094895081,1511.71875,4833.984375,-11.959456715046539,11.959456715046539,1.8931903839111328
A_21f4e21df87c,1960s,-29.06303220271987,-5.386932730191949,-4.430723186532475,-9.602777584772962,-9.231047028900468,-10.173027637605724,-17.435859429500915,-22.30688846948036,-5.901626765962064,658.2630057678648,1511.71875,6199.21875,-13.361728601254793,13.361728601254793,1.8788397312164307
A_21fbfdca2745,1960s,-22.232111070975662,-9.548965771160942,-9.97844487994077,-12.173508775508859,-4.832692413223461,-6.774514447224934,-7.580704781342387,-20.659204546296163,-11.319232212864001,1991.1885524039958,4576.171875,7687.5,-13.362850951962827,12.801145431107075,0.8298009634017944
A_22074eba9aeb,1960s,-20.503492683444485,-11.393188400278795,-9.763952569857295,-8.106107763597542,-2.5127378415952433,-11.83311961379917,-15.225072884412365,-26.989002688746055,-11.878530121356729,995.0192468825708,1570.3125,6005.859375,-11.94206220906841,11.94206220906841,1.6747182607650757
A_223df7ff31ba,2000s,-19.365706875390668,-7.085029230382051,-3.634054359478103,-8.093860244297446,-8.055590306050242,-15.611067980408475,-18.23470312692923,-22.516905204561226,-7.11688442928021,516.2557963751798,714.84375,6392.578125,-8.429089282395921,8.429089282395921,1.2684649229049683
A_229fb0e5fe60,2010s,-8.412687631962786,-5.853263516451066,-6.212528735876651,-10.881902859693874,-6.661462535805347,-14.162057234728922,-18.40693014300796,-21.702733779249385,-3.891257358375642,592.9044757585043,1201.171875,6380.859375,-10.786683090768507,10.786683090768507,1.8131937980651855
A_23930045152f,1990s,-10.263382472499131,-7.753362341869234,-9.878189643574347,-13.45446311890176,-3.7538762620149035,-11.321078823013831,-11.486725525390076,-16.189497545234804,-5.06757964322932,1480.4863396382602,2109.375,9937.5,-23.248058681611376,19.759832615967476,1.5424233675003052
A_23965cb2e260,1960s,-23.64669704707645,-8.508045169165504,-10.758641948946927,-6.6908427751664545,-3.5880940429214014,-9.460166703458805,-22.70471543082642,-38.092707360278744,-7.841615380941585,968.9729447283131,1722.65625,3703.125,-10.363758004952137,10.363758004952137,2.8799920082092285
A_23976258c883,1960s,-10.013034942136773,-8.321832392234995,-10.690962715740145,-11.2716049041334,-2.8301481312933707,-12.441098455279384,-18.663018556605575,-28.42149180803798,-5.879987167236518,838.6130942315228,1406.25,4265.625,-13.094239588231236,13.094239588231236,2.229443073272705
A_23d45fee58f3,1980s,-12.455981154389262,-6.26198417815777,-6.2479137808420235,-6.478155088051595,-8.965337801376245,-9.889988051422215,-18.77154284847117,-27.64295794578649,-5.5363456913320945,598.0576249439382,1054.6875,4693.359375,-9.289088379681935,9.289088379681935,1.0966140031814575
A_23f9df9ebe3f,1960s,-19.32876572675573,-9.413420504161456,-7.667050074210778,-5.346302754166322,-5.522016227278891,-11.214538616134881,-13.376230973747564,-20.564555601781418,-9.783840829647913,990.2613938810946,1552.734375,7781.25,-12.274480022810568,12.274480022810568,1.3251022100448608
A_240341328f8d,1970s,-16.08298409627822,-6.10865156366509,-6.323561045259436,-10.386741538207287,-4.849854925816893,-11.97826690013845,-19.036656127232636,-26.034069444217774,-4.843164241548815,685.9606462878941,1265.625,4927.734375,-12.398186289143315,12.398186289143315,1.3748235702514648
A_245160d62477,1990s,-11.491831989710526,-8.211480203652249,-9.888793173714996,-8.267349401076949,-3.7234687268589277,-10.944798727778704,-18.511367562634753,-21.1481578180941,-6.2604024686567525,912.6243278970574,1587.890625,7335.9375,-12.888802275839344,12.888802275839344,2.729595422744751
A_248c85e89068,2000s,-34.03462862643296,-41.98816971400933,-12.129010832399903,-4.800190631941905,-2.2475138342619334,-20.27969215789867,-28.14524658815159,-35.78438345892465,-33.53551340142423,735.4717842276148,1177.734375,2109.375,-15.90638858547649,15.90638858547649,1.4169869422912598
A_252063888d3e,1960s,-13.039059083825247,-9.128293595484934,-8.631131599869764,-8.351036195646195,-4.276433966430128,-10.276319866835262,-12.009115967616541,-18.383050997874165,-9.566622014203773,1244.1334838453017,2179.6875,8519.53125,-12.380792727153352,12.380792727153349,2.8630337715148926
A_2618b7859fa5,2000s,-18.080711208292485,-8.598672972946943,-5.095993172167823,-8.422480284749234,-6.208471749086416,-9.556755887342295,-14.318913298544738,-22.149081122204926,-9.476484108398754,957.4974507192134,2085.9375,7166.015625,-8.49853141846,8.49853141846,0.8614397644996643
A_26c397e8806c,2000s,-16.906926787259874,-6.313786592920485,-8.811332877271965,-5.244828201454448,-5.647986117024454,-14.93637179099969,-19.80529240470834,-32.112493060808006,-6.9648961473251605,536.0676553320815,826.171875,4166.015625,-10.056512848844793,10.056512848844793,1.2278172969818115
A_26debac95a58,2000s,-7.244468768468863,-6.355974694411026,-10.69620697043349,-12.231539152486414,-6.543577454051527,-7.588274937022036,-15.947225875432423,-18.647706395208733,-1.693937900821806,1063.0118896549857,2490.234375,8689.453125,-10.770412831329917,10.770412831329917,1.8323237895965576
A_274ca53745ff,2000s,-15.153077734254396,-7.287093930405513,-5.890695004828137,-7.905103116183842,-6.403791997519984,-10.75107824497858,-13.831187052433263,-20.587884837202846,-7.839895250468318,904.2518054953957,1804.6875,7775.390625,-7.66823295834572,7.66823295834572,0.6076211333274841
A_27bc168cec7c,1970s,-35.74635445000357,-26.580349332061544,-14.84871607041961,-9.470263518897923,-1.0884366403222818,-11.40247601971513,-29.875934048511432,-41.45643536760236,-28.42711617031459,1154.0242071776117,1593.75,3011.71875,-10.942851903118811,10.942851903118811,4.2489471435546875
A_27d2bc1477df,2010s,-19.216053100959837,-7.593054402998748,-7.5298652222892635,-4.960944198649223,-5.847728605143049,-14.071583272843103,-18.666315907771416,-22.70579223822574,-7.685775213030148,625.0919473183951,878.90625,6468.75,-7.689427830093589,7.689427830093589,1.597914218902588
A_28b21bd52cfa,1980s,-13.477707739849748,-7.96526200658104,-6.020867323547538,-5.494154135614084,-6.794008705585977,-14.323350798905857,-19.44203057784942,-22.52288258051577,-7.031105902898231,570.2558992282493,855.46875,5847.65625,-13.16652550764547,13.16652550764547,1.586836576461792
A_28b911eb8fac,1970s,-13.106879249316314,-7.215293689857097,-9.260217691684364,-13.105540832719063,-3.300938720305793,-9.538457003243272,-18.594370852253515,-29.71195622183313,-6.685001301133512,1132.415841784955,1951.171875,4798.828125,-16.161257425632893,16.161257425632893,3.633711814880371
A_28e91ecde8b1,1960s,-33.88792254789597,-10.996230777610066,-6.4447696160832955,-7.921319018582638,-4.223178052706357,-9.354659898879762,-14.284130032465399,-33.09971666517287,-12.731343924421608,973.3313762888525,2074.21875,6011.71875,-7.515558905342676,7.515558905342676,0.8848797678947449
A_2974cb82a863,1960s,-24.385540092893162,-12.871225869352731,-9.675717660712897,-4.444534345163911,-3.9834763858224385,-11.957705284453066,-18.904341584812258,-28.551555332237427,-13.837332010014688,757.4961876396742,1289.0625,4734.375,-9.55878486578459,9.55878486578459,3.6863019466400146
A_2977d9f2a6fa,1990s,-10.023330415184413,-6.12822719119478,-7.498579169113936,-7.426003388721351,-6.686628408934609,-13.201380601045116,-15.193589213788787,-22.726361195138228,-3.637979015139139,695.692220584103,1283.203125,6533.203125,-15.849333129024672,15.849333129024672,1.9102308750152588
A_29aac8a6fe7b,1980s,-24.255306002449867,-16.152471155142894,-9.336259525078518,-8.32797758947644,-1.6474331866258354,-17.23190074791387,-22.86754180555283,-39.1440756981149,-20.820511165761893,849.9769605746981,1253.90625,3533.203125,-17.274904380871373,15.878301063779096,2.156249523162842
A_29c00db87b18,2000s,-16.995248133375195,-12.64933236688249,-7.726665970974924,-3.359592970563649,-5.879049976725836,-15.398354472884444,-21.35410333814645,-29.62015522691309,-11.935173158554393,552.8657835744194,679.6875,3638.671875,-10.55734992467599,10.55734992467599,2.3271031379699707
A_29e57173cc3b,1990s,-11.120975950079366,-6.058056965195694,-5.38615426711721,-7.926816495785475,-7.236268299322427,-17.177144786710667,-18.371383003703595,-27.63749621765877,-4.77455882084437,466.0250791738398,744.140625,5349.609375,-16.448831382820742,16.448831382820742,6.284544944763184
A_2a3245d42bfa,1980s,-18.23916300762495,-5.256723769510296,-5.822006224245503,-14.265959100850548,-5.907052798626243,-11.183161972014803,-13.361971192133929,-20.50871123497187,-6.412590368730491,929.7691832429139,1582.03125,7628.90625,-8.815160649691855,8.815160649691855,1.3057907819747925
A_2aa1b4ededf5,2010s,-28.935651072186914,-4.751077429672441,-5.537151086166738,-6.898710292845749,-8.393018126970679,-16.684492898201817,-20.10069404887517,-23.80450665433452,-10.38858264051322,456.91433015831046,539.0625,6199.21875,-21.870455499065905,19.12505260749055,3.6358768939971924
A_2ad921b7b05d,2010s,-12.72651365595646,-4.683203943075868,-6.9198057741391725,-7.195099348305187,-7.046164552623644,-20.09061351755085,-23.466730553842243,-31.253816485327523,-2.123995783358202,356.07394362733146,550.78125,2642.578125,-17.913761260476274,17.913761260476274,5.462055206298828
A_2ae85207a567,1960s,-20.063840324827215,-8.986151739418073,-6.726580471388414,-10.93015038774369,-3.846898724332886,-8.648999176132762,-17.209759718024397,-25.613714698355583,-9.540153579987123,1035.8930599358316,2039.0625,5238.28125,-12.937510907569411,12.937510907569411,2.0691726207733154
A_2b38a0ea053a,1970s,-13.802150340120994,-7.91742432065773,-7.011176544385071,-8.504177096605623,-5.022857289920111,-10.390708095797311,-13.58719152795395,-21.595190236731845,-7.607475547156534,965.499844606215,1880.859375,7488.28125,-10.037312634054294,10.037312634054292,0.51381915807724
A_2b6556600bea,1990s,-21.291258597579876,-15.476361679720958,-7.875481307260969,-6.489992122325346,-5.831751439564952,-5.588616265422571,-14.434607887439899,-24.59636622092466,-15.961368540744186,1503.8547485878153,3199.21875,6421.875,-14.786620424835004,14.363775399187244,1.0287952423095703
A_2bc0261d51f6,2000s,-30.348293922052886,-12.486759110961378,-3.935568246198873,-3.894285198701625,-8.999778668812183,-27.93447844429994,-26.174629221301785,-31.100273205104525,-13.214373352474896,349.99793120521673,492.1875,1406.25,-12.602325960779536,12.602325960779536,3.763993740081787
A_2bd554754826,2000s,-8.689801072417442,-6.370104178428518,-7.080609276500297,-7.669373156949112,-6.47871627202683,-16.837988320433404,-17.593905444341924,-23.8207604585801,-3.665781645405253,490.0674571456554,626.953125,5800.78125,-10.961131900352466,10.961131900352466,1.6968671083450317
A_2c87514eeafc,1980s,-18.430724029746614,-7.912930341016193,-7.114104842604081,-9.169106050870585,-3.326129884081313,-15.819759009124448,-18.57281707864256,-24.548891181462032,-7.9413308752307685,636.9504254558865,791.015625,5513.671875,-19.457501314537094,15.757589809782688,1.2776824235916138
A_2d163e70f71b,2010s,-3.361135088343582,-6.167172296638318,-11.619669536520671,-15.811392941340216,-11.716953582698492,-12.545689381333304,-11.8070862647279,-18.846189584392526,3.1719143133430268,811.5493529587043,1470.703125,8548.828125,-12.624772645875249,12.624772645875249,5.681611061096191
A_2d25b2674114,1960s,-17.846784987905178,-10.396379885613577,-8.093635355423869,-7.714357349832232,-3.2099109751528228,-11.542964177010003,-17.17058792312414,-29.541948598417832,-10.333360290306912,886.5290753557115,1558.59375,4705.078125,-12.70253668103998,12.702536681039982,1.2124823331832886
A_2d548029b37a,1960s,-21.859460085153323,-6.464420799181703,-4.371470011645327,-7.739550227852616,-8.517387057935615,-10.813537014859893,-20.22210974851634,-30.433573592098288,-7.413749872246001,582.280342416403,1113.28125,4072.265625,-12.229957189370811,12.229957189370808,1.4844673871994019
A_2dbc5dc2ecb2,2010s,-32.88365912608051,-11.426676570809,-4.809352564973918,-5.89402610302245,-5.1513344793065405,-16.145359680904633,-21.40536117986727,-25.611122674636256,-13.378235487017804,554.6608307734892,826.171875,3996.09375,-11.741863869116235,11.741863869116235,3.0950770378112793
A_2e02143be460,2000s,-10.022534436130137,-11.65130211010881,-11.722994455942802,-7.095913143484411,-2.7626408970541343,-15.542213289267972,-20.201513880974883,-25.333942645754032,-7.477058890004582,735.3806441903396,1060.546875,4576.171875,-9.908451361248046,9.908451361248046,2.9635369777679443
A_2e12f07db81f,1990s,-14.633015533760197,-6.7653013329336344,-6.401630723418826,-7.562703189337075,-6.3070909569419,-11.165627220750059,-14.657758014802923,-22.22782351209617,-6.9689866412648875,819.6804891551503,1570.3125,6914.0625,-12.831975454722613,12.83197545472261,1.4229421615600586
A_2e4f86943a20,1980s,-12.333478243373452,-7.419278573399185,-10.211817824923736,-6.305760309978071,-6.071466955506365,-10.856045250300308,-11.783761074535272,-14.493326590967603,-5.898346209791891,1328.8237995665095,2765.625,9685.546875,-14.782781356608762,14.782781356608762,1.8009449243545532
A_2e655aefe754,1990s,-22.623441961846073,-14.411403726317005,-9.110074732620477,-8.225420264460562,-2.8689805401815347,-8.063845420114404,-19.351132127200522,-31.071104101274187,-14.528483977730017,1136.092145403935,2050.78125,4183.59375,-11.217551744106888,11.21755174410689,1.2644524574279785
A_2e684bbf106a,2010s,-17.820748970788845,-5.969859157304963,-6.11179410934106,-8.503647460436241,-5.4147688373445435,-14.28903203331762,-18.713597757903955,-21.880328755966833,-8.397410768670921,622.0122512752594,972.65625,6585.9375,-11.883832894063897,11.883832894063897,2.4232442378997803
A_2eb88171bd56,2010s,-21.657764620082748,-5.648168579422709,-8.769262626197428,-8.175947913155206,-4.771277262586569,-10.235973994553705,-21.479838749342658,-31.693270411858308,-6.586482903462308,715.5754795176744,1417.96875,3761.71875,-15.305249096548522,15.305249096548518,2.8115954399108887
A_2ee9a7ec96a5,1990s,-18.278485611256006,-13.840401288871952,-10.326926150687774,-8.023984955937149,-3.1492573858118114,-8.978331685354956,-11.101409762893276,-22.930784725108335,-13.13752665791742,1432.21667054509,2888.671875,7171.875,-8.387398210177631,8.387398210177633,0.770243763923645
A_2ef31c134cdc,1960s,-16.718812496228608,-3.439214470806697,-10.586530301956865,-8.292027435564242,-5.866012952258643,-17.558486630734038,-20.66394067783773,-23.012616655871717,-1.9611802412089543,454.0964571906136,673.828125,5080.078125,-17.158456192905593,14.64730260255249,1.813450574874878
A_2ef33544447d,1970s,-18.10810776109651,-7.4655935235421165,-6.511867310279088,-9.497592576796702,-4.128746794431061,-11.10126423925121,-23.580569584723282,-28.83465140540395,-7.408775169676735,768.7029757151995,1582.03125,3480.46875,-11.981938204887046,11.981938204887046,1.9180552959442139
A_2efaff32589e,2010s,-16.587447505585388,-8.628115347883876,-8.4048461592237,-6.0584502025397,-3.6765496508669915,-17.709921128939037,-25.92935897293701,-35.05798671689245,-7.492724123471363,557.1213967706539,884.765625,2765.625,-10.890503283753297,10.890503283753297,1.365633249282837
A_2f0d5b57fea8,1990s,-14.673403812636561,-8.23912779171256,-6.96649255234086,-5.638858058489254,-6.413992701328154,-10.438752618487603,-17.03733416598657,-24.75607493362403,-6.754949733366797,766.0699187039119,1517.578125,5121.09375,-14.934840118514058,14.934840118514058,1.4360986948013306
A_2f0ee75bc9ee,2010s,-14.282252224711634,-7.550787386921956,-10.226094690836208,-9.067245291981187,-3.5794317304212515,-9.293917511476803,-20.738357185721448,-24.724571160251962,-7.521953515856069,922.7346212263741,1863.28125,4529.296875,-10.457281162166927,10.457281162166927,1.4682297706604004
A_2f124b7c9541,1980s,-21.16377794885302,-7.289130838102124,-11.202507525575939,-6.19069733617287,-3.4429537144257183,-14.841812541075326,-24.96003380806443,-30.522205543092177,-6.59577434165421,616.9977728909518,990.234375,3316.40625,-16.677548728282602,16.39110517954785,1.918320655822754
A_2f34d759c3be,1990s,-17.72834057841991,-10.03220470387099,-7.173764094749549,-7.609737486751151,-4.949909709959471,-8.299830403235012,-13.50048623073539,-22.00727444422482,-10.96067483731493,1150.1239203263249,2583.984375,6662.109375,-15.121015304108154,15.121015304108154,1.3567782640457153
A_2f905f6e662a,1980s,-17.889024950679108,-12.587434025880633,-7.165534529079012,-6.894391974435482,-3.4106879313861977,-12.088053913817493,-19.58880934181832,-24.764499616045054,-11.832800825062824,778.0283354781844,1248.046875,4851.5625,-14.74148130013611,14.74148130013611,3.6427648067474365
A_2f96fc2bea7a,1980s,-10.08314504701443,-4.677027872954462,-8.448124499152948,-10.122202711335724,-6.805733754567699,-11.743120061856672,-14.305551198475364,-20.768524507174796,-1.9402547328933948,782.4565372855524,1412.109375,7792.96875,-15.004250913051525,15.004250913051525,1.7122737169265747
A_2fccd6a3c493,1960s,-25.302595543816825,-14.593717328732676,-5.5665926271505946,-7.245817455818302,-3.6663244399202433,-12.534305336960736,-20.007607523235386,-32.54678498725116,-15.678330645709579,759.0858977095448,1441.40625,4048.828125,-18.186776809102845,16.037147037951677,1.6561906337738037
A_303f19d79868,2000s,-5.6605659258451695,-7.595857567148734,-10.113712412332752,-16.04621530904812,-4.1898944572706345,-15.26139302545215,-18.24113972370838,-21.983925538184472,-1.2410710964207412,742.2437088097746,1494.140625,6914.0625,-8.181504954438916,8.181504954438916,1.6192008256912231
A_30503a2da54b,1970s,-33.96176142265214,-19.384166084926584,-5.624821599587653,-4.314214082688724,-4.657023557177731,-28.16653421683921,-39.71351475293746,-42.6494187010227,-20.502098102279966,424.5317383834998,738.28125,1201.171875,-18.808714866541834,17.79397708248874,4.980992317199707
A_305b055f6daf,1960s,-24.585087538343828,-8.562145702822315,-10.568151100690224,-6.017080847695926,-5.798216014680955,-6.517566835172753,-15.684971097668809,-22.06092916810904,-8.857323141001185,1225.9022143266156,2583.984375,7042.96875,-15.69316630333428,15.657839944779832,1.8986661434173584
A_30803633135a,1980s,-10.623095658269442,-6.513414288938383,-5.318753111060703,-10.181988073315587,-7.783913055260535,-18.422045903754693,-11.556958571211522,-13.04428424001545,-5.442042647322229,1186.7910490820093,1242.1875,9855.46875,-17.761504453716924,17.758323003353027,3.180135488510132
A_3089d5552631,1990s,-9.62263229231304,-7.6006435275470565,-7.144499925039104,-9.80595764054078,-5.7372479865464445,-10.603479286348135,-13.01173194551803,-18.030906256512242,-4.758914080616638,1049.8018288558553,2044.921875,8976.5625,-7.965344518425073,7.965344518425072,0.8805925250053406
A_30d5ae61415b,1960s,-19.094147123863927,-8.62650942305933,-4.487520392600686,-7.842357176023799,-5.652586128036444,-13.613946932983847,-18.582967343730854,-30.850448934841683,-11.112128528389231,636.5651667442597,1294.921875,4429.6875,-15.307566804331216,15.307301727970836,1.469954490661621
A_30f76866cbb9,2000s,-11.300762018389559,-5.180772470688279,-6.7047893617651555,-12.546269167052253,-6.209991661050532,-12.70749690031732,-13.778226454585079,-17.326188675022667,-3.6212437388022356,921.6916721813824,1552.734375,8970.703125,-7.664140808730011,7.664140808730011,1.264821171760559
A_311cee258a86,2010s,-19.604844236590235,-7.05446375045435,-8.916344658793326,-5.951138892625289,-4.2011464802522855,-16.854845745427436,-20.961806410542177,-30.443655229450965,-6.8966910593266615,555.0353262803183,826.171875,3779.296875,-11.493016255875915,11.493016255875915,1.8545678853988647
A_3156586edd9d,1960s,-29.896559063071848,-11.706203323003306,-13.120914433171295,-11.306163960695352,-2.0647639561843927,-7.726871487186935,-17.598326478031503,-30.38079941986005,-11.712651149026563,1310.8657395689129,2121.09375,4429.6875,-12.412135013455813,12.412135013455813,3.328951358795166
A_31c417c4d18e,1990s,-17.939286315881304,-2.289364523653111,-10.288601133085303,-8.62647263150554,-8.211723282773233,-24.440976931524805,-24.001906082157078,-23.619092045873188,0.904525873877448,295.8373994321327,527.34375,2666.015625,-16.997696680950888,16.99743160459051,1.6064398288726807
A_320dbca773e8,1990s,-10.678587643092875,-6.451261446365869,-8.783918647863997,-10.270779208413298,-5.791837620321163,-7.572529034900889,-16.592456440800632,-28.30751907568041,-4.067420764282895,981.623851573172,2279.296875,4839.84375,-20.870349355005157,19.30049726919979,1.6172093152999878
A_32d4c4c3efb2,1990s,-10.695841964215678,-6.13164869817993,-5.833061744088607,-8.848925104177741,-8.501936099599877,-13.035477592204982,-12.297555241679357,-15.241008614786232,-3.6285454379670727,1024.7251953301015,1716.796875,9175.78125,-12.922078927024085,12.922078927024085,1.294091820716858
A_33903ffd3e0f,2010s,-34.79530736538559,-12.938791336633864,-7.240242163656843,-7.786638490287294,-2.7175207594148363,-12.607370044192066,-26.00115229150738,-28.73556525459529,-18.407869991828417,712.6465641863681,1025.390625,3433.59375,-15.653982392935786,15.653717316575406,3.1990787982940674
A_339fc6f2153f,1980s,-18.634038316650894,-11.389071936212273,-8.629590170264764,-6.849184974725819,-4.30484622259539,-10.188747166577647,-10.323954771611849,-19.863216204701946,-12.593090969289287,1316.2915435004122,2929.6875,8044.921875,-13.307408047777919,13.307408047777919,1.2584468126296997
A_33e8cfb5e994,2010s,-5.559465023851216,-3.796963438114165,-12.218022209950146,-12.955542760727424,-7.860448663247407,-15.850114290897746,-24.004996603265624,-32.59252134988358,2.294684243444485,357.7454047273921,779.296875,3222.65625,-9.151529274266348,9.151529274266348,3.943211555480957
A_3404c74f1e39,1970s,-10.16879671135669,-5.777382466989005,-7.586493366247459,-8.033997103157915,-6.48502919209787,-13.642498988669436,-15.738758781822932,-18.76502436110545,-3.02164427187956,735.2675972242453,1388.671875,8531.25,-17.14221290206973,15.26891110718042,1.4287642240524292
A_3441044be3d6,2000s,-10.521683724108481,-6.432650851518975,-6.396712648169193,-6.327888732175656,-7.796689531607686,-15.293300570308466,-17.827925082107022,-20.162477606602287,-4.27036926419866,584.0669762903925,855.46875,7904.296875,-10.700679335795233,10.700679335795233,1.149592399597168
A_348f6f352c3f,1980s,-9.208552212590675,-4.564435120822983,-9.12203828789077,-8.82335464319719,-7.9720778025745584,-12.67405209774755,-13.383835983548366,-17.573764150893165,-1.0575794790636852,840.5828588946288,1201.171875,9041.015625,-18.699909891259715,16.164300471597805,1.6429142951965332
A_34ae68634618,1990s,-8.442019063815422,-7.01077854390483,-6.544814191238167,-7.166545816105274,-9.321956862098991,-10.779073779420047,-14.549346410048368,-20.621456887249387,-3.691933203755795,760.4844387331116,1494.140625,7734.375,-9.945578544578883,9.945578544578883,1.1825532913208008
A_34c5f6c278b0,2000s,-30.200064240051034,-10.48088891035511,-9.068144128939387,-5.342033096516915,-3.4040977457699495,-15.172929115831026,-22.908802900364748,-29.384550438173108,-11.683700769745109,658.6983905432683,1025.390625,3568.359375,-15.762573827381887,15.762573827381887,2.8636209964752197
A_354c1d633c4d,1970s,-31.617587592944176,-10.907127767996352,-8.843014627351666,-6.479798575261677,-3.8433069235143487,-8.962692921691053,-16.382221526200546,-53.573306060982084,-11.346022352385823,1062.1289961477057,1998.046875,4652.34375,-15.05990921509458,15.05990921509458,2.450439929962158
A_3582d8b8cc27,1990s,-18.031272275282152,-6.434182391574092,-10.936831797883801,-10.474906489740299,-3.6823513073861247,-8.51183905110307,-17.580177150836423,-40.334622827581164,-5.833552156447252,991.0263781903755,2162.109375,4470.703125,-19.46320226089774,19.46320226089774,4.1400465965271
A_35e20a31ff2b,1970s,-18.018100131350693,-5.438112473502138,-7.639392082670994,-5.9010026903684185,-7.65714524974204,-10.729135952956376,-19.47028149133818,-27.46650167193276,-5.340312154571326,638.8028535975792,1365.234375,4494.140625,-18.64484763203752,15.081039727848678,2.1051106452941895
A_35e9a9c03b16,1960s,-38.47898870581985,-35.014662255355674,-7.469584926816742,-5.556438970533748,-3.9374159552145653,-8.595415966454564,-37.3710761676508,-48.908902462020045,-36.09089690106801,941.7752463477259,1875.0,3029.296875,-13.703290312963727,13.703290312963727,1.8553775548934937
A_363ba3bc3e15,2010s,-8.00571218777613,-5.629922325730503,-6.8198332799543575,-9.883523611190546,-6.802044176001365,-15.629004393679066,-18.0172606783724,-22.584533947388337,-3.1599321385193746,533.8284322998984,873.046875,6480.46875,-14.823300188312869,14.823300188312869,3.1825389862060547
A_36b707d93251,1990s,-31.798505368218994,-17.109899125855947,-6.283066172344165,-5.5428505452888945,-3.5190565563964284,-17.08117061229079,-29.689958477734265,-40.44950486634442,-22.832806368205503,628.129220538019,1230.46875,2490.234375,-25.864783930253566,17.15098362426107,4.0173749923706055
A_36c020952d96,1990s,-16.93110550447469,-11.603161032961546,-8.994569090526372,-7.957179868484669,-3.477542345985581,-8.68516769895719,-14.686879702475986,-22.117270856270896,-11.630239955347648,1240.7021817357952,2279.296875,6960.9375,-12.185222403163776,12.185222403163776,1.390498399734497
A_36ed27775a3f,2000s,-16.44757618168165,-6.1980101007248924,-6.610092350548049,-8.289039523826903,-5.646200860860237,-11.447251553379898,-16.634944831259734,-23.07651830332511,-6.107330692712316,737.8917828266572,1353.515625,6685.546875,-6.988259544881897,6.988259544881897,0.6495811939239502
A_3721a20d16e0,2000s,-18.321323267601592,-2.9589017084994254,-4.813463595481981,-10.975218071948003,-11.954677456518718,-25.951663601153815,-26.61732130721056,-30.66344827307658,-3.336307901595905,211.55777591180234,246.09375,1400.390625,-13.299833187611672,13.299833187611672,4.105154037475586
A_37237673fb60,1990s,-15.649160852760012,-6.742160979222897,-7.142876963049671,-13.239145626769455,-4.7472949197669205,-9.068233683444655,-13.581991493601846,-17.545578004397125,-5.569200196468467,1197.133967526768,2332.03125,9222.65625,-14.272855264630856,14.272855264630856,0.8115689754486084
A_376aa4e01df7,1980s,-19.10952102926955,-12.660187646111524,-9.21843032586032,-7.39568855356768,-2.9108058101230028,-9.7402866627584,-19.288891039537372,-26.71675247068383,-12.139456658897942,964.8772685899072,1798.828125,4863.28125,-18.615200819963235,18.026589510580916,4.609218597412109
A_379edb761d48,1970s,-39.39134428715791,-13.1492191654141,-6.659179381339422,-6.544080283214404,-3.9086758052041484,-9.871902009577338,-23.530674344777374,-44.38800381135045,-15.587118847429718,801.9786057267044,1552.734375,3503.90625,-19.250498907252453,18.93771533753452,3.9258828163146973
A_3856cb20612b,1980s,-7.088350294909168,-7.1384540267643875,-7.751216773118178,-9.935879452049996,-6.649464809480658,-9.70979681987432,-18.61104009024154,-23.073601383419728,-2.7491121657318036,727.515933725414,1728.515625,5882.8125,-9.719301075466744,9.719301075466744,1.4086490869522095
A_3890c2f7fe28,2000s,-17.111274457100365,-11.356631046136467,-2.6982113280463373,-9.36726945039318,-7.919611126097617,-11.373594936086588,-17.364795446933098,-27.53555552642887,-10.773733588395835,617.9623211716251,1042.96875,5232.421875,-12.816239474497362,12.816239474497364,1.9103519916534424
A_38b6d0467bda,1980s,-14.706661278022334,-9.444434514981857,-6.155819758285956,-9.100756466593152,-5.1005523817550245,-10.644811784913905,-10.755960844081718,-20.989360916981155,-8.867115743856969,1245.0698287481227,2542.96875,7652.34375,-15.075431443353121,15.07543144335312,1.8155697584152222
A_39a6f2c94963,1970s,-15.143721904273264,-5.798390142431458,-7.443817859236308,-7.331182856544155,-5.445687021149767,-14.84010550801724,-17.971503663842398,-21.47811058892716,-4.601294753390215,610.1702832808551,791.015625,6832.03125,-23.88594156060382,17.614712868728915,1.6701291799545288
A_39c67e6be8a5,2010s,-19.331022674749764,-5.785923236898512,-7.517475228773982,-9.720802129537407,-4.477370202791932,-12.1251185235577,-17.5223807478374,-22.977474011812507,-7.463990770512852,751.2170215787266,1318.359375,6175.78125,-8.339050544532245,8.339050544532247,0.8427948951721191
A_39e19c223ea0,2010s,-14.453968184896945,-9.970083256801095,-6.511100403372389,-5.571723425285988,-5.088639451181917,-13.533630668874547,-22.86641201244961,-24.442433479280275,-9.852886152895868,635.3586756451946,1113.28125,3515.625,-9.121914798487184,9.121914798487184,1.3420510292053223
A_3a0b1aeb63fe,1990s,-15.627763917780616,-8.153620867252956,-9.57793143483103,-6.725892236795104,-3.2069511966512088,-17.93958378742214,-27.242424763396897,-29.59499994187574,-7.6913690577444624,608.3043599119707,1054.6875,2238.28125,-23.63382641775985,19.36408224803275,2.817082166671753
A_3a628169b865,2000s,-19.421929794411323,-12.461297667384393,-8.099683871097534,-4.960361349100034,-3.648406567067447,-17.432021144503395,-22.99047465604002,-25.149969637335158,-12.309317704698353,603.4886022917368,919.921875,3492.1875,-12.5406433163217,12.540643316321702,3.580477476119995
A_3a961ab1ad32,1980s,-22.28910463222299,-6.506253416347606,-8.94596171867082,-8.297312828539294,-5.028929640817562,-8.312972928241557,-15.076290468847322,-26.188085034850083,-6.745598731741422,1007.1724758978651,2279.296875,5343.75,-11.363658437766526,11.363658437766526,1.6574476957321167
A_3aab380afe9d,1970s,-29.94669076859246,-12.054864500882182,-3.137973760644858,-4.431396023688302,-11.775257602914348,-17.18988843864902,-23.82340860927419,-29.93914214862683,-13.023256359010688,370.20648586560895,392.578125,3486.328125,-20.979477046938246,16.55539267050625,2.2072174549102783
A_3ab7bb2fe06c,2000s,-18.578797727621094,-5.9125830832130974,-7.416271489219312,-7.9522491878448935,-6.1861975766044806,-9.811931377538967,-14.653208304958124,-20.468409920195448,-8.121234952225246,906.1133132765278,1986.328125,7763.671875,-6.844992090684313,6.844992090684315,0.6777051091194153
A_3b9283b09e86,2010s,-22.258914231834652,-4.464671772611698,-3.3470158266490087,-9.017472886696865,-13.361792955754197,-28.14168663563915,-33.41438528422549,-38.06966898814054,-4.470213438774909,202.44299846364171,310.546875,1048.828125,-19.848572422271495,19.848307345911113,5.026811599731445
A_3ba8d07a3f65,1990s,-35.36578357146551,-17.811956767381968,-10.770011489088906,-4.1874571771304545,-3.5700919467494803,-11.715460046236021,-20.328280249251954,-27.11066221878397,-22.290350097419108,785.3011595543524,1037.109375,4617.1875,-23.17440547427152,21.656797118020666,6.734102249145508
A_3c03f2f210f5,2000s,-11.824040337452658,-6.004141260204726,-10.562410854092656,-12.146099316622527,-2.793933414270673,-21.596693680459826,-27.60663995211168,-35.46161550747935,-3.8024178822741734,482.352889622141,785.15625,1875.0,-17.095481017410254,17.095481017410254,4.939186096191406
A_3c09ebabe70b,1990s,-3.0877125992293246,-9.774900747232099,-12.039999401197964,-11.591594597479196,-10.454275166374,-11.78709242058514,-9.81812310288567,-19.55929077408213,1.4054302117779218,1081.709814534604,2941.40625,8220.703125,-13.896236817593756,13.896236817593756,1.972602128982544
A_3c5a7223c8a9,2010s,-37.55014596872825,-21.93708127386431,-7.339340238536566,-4.1498148400574175,-4.64001876169014,-11.440364206138746,-21.725556513798967,-26.509616860140454,-31.077769764427746,753.185183606749,1312.5,3867.1875,-11.718412036704272,11.718412036704272,2.2747161388397217
A_3d05be0d64ee,1980s,-15.93802031574734,-6.400429287313782,-9.372197863759435,-7.4636042490222545,-4.250014334801176,-13.183790280946333,-16.94530166421067,-21.87420604575774,-5.3085881117257125,733.1843967055432,955.078125,7113.28125,-14.028948221134513,14.028948221134511,3.0372869968414307
A_3d0dc7d18529,1970s,-35.06549758756187,-16.910957696612652,-10.530791763756087,-3.2928740433393577,-3.9940661850625494,-16.503133428025567,-28.90645618851947,-48.22636303175814,-17.1351038091281,578.9981535662553,791.015625,2789.0625,-16.650788659413408,14.864204135151358,2.525407075881958
A_3dd3812e6022,2000s,-10.3406938855157,-9.84124443919276,-8.30540347315427,-8.287080859358774,-4.71167782583114,-9.075040266326296,-14.390040397122743,-20.140351029536866,-7.208161272428757,1105.1752341766057,2232.421875,7927.734375,-8.327034255383225,8.327034255383225,1.2547435760498047
A_3df5bbc1550d,1970s,-21.448927497608814,-10.399669089426503,-3.490556425899072,-6.601235078089066,-7.706165597590159,-13.457522942328096,-17.146084330937967,-28.94367405343265,-10.00393249941635,543.166438443446,791.015625,4646.484375,-14.940760018346984,14.940760018346984,2.4013965129852295
A_3e0b91335756,1960s,-31.399887642401787,-10.746354824899353,-6.045049044369635,-5.944256861949581,-4.337362346541111,-14.485759629995464,-21.88353563822327,-27.9485174820446,-12.4773227160789,612.1694678990812,908.203125,3832.03125,-8.080709877325303,8.080709877325303,2.2630350589752197
A_3e49fade091d,2010s,-13.755779556176817,-5.117903917666448,-8.84476217554328,-9.361465520407343,-4.850632321804916,-11.46713738072188,-22.87533704719115,-44.873418259520264,-4.88940091190658,699.9306946573142,1757.8125,3515.625,-13.063695711967842,13.06369571196784,2.9999516010284424
A_3e69dc46699c,1960s,-16.191284566995655,-10.146821995944572,-6.611833406745341,-6.793497123627171,-5.191815133871181,-9.532363815678433,-15.538105514793363,-20.003163786035483,-9.607447781004124,925.8422649177397,1974.609375,7945.3125,-14.0842071302025,14.0842071302025,1.3705781698226929
A_3e9c7fffe7d4,1980s,-10.756173037896861,-5.706767925147089,-6.012516522357691,-8.470979215427745,-7.079556357971758,-14.984927086563673,-17.03408970914837,-21.45990228454359,-3.4170754879334906,570.1828020380283,878.90625,7089.84375,-16.969835776206548,16.969835776206548,1.306376338005066
A_3f7831fa325e,2000s,-17.57458735581777,-9.425400903158323,-6.288523402698345,-6.631197479052391,-4.732335120104715,-13.461914941435458,-15.789482497405247,-20.77697920964001,-9.129056615472932,787.274369548627,1083.984375,7734.375,-10.026477405498342,10.026477405498342,1.4165269136428833
A_3fce38023323,2000s,-13.444353864687937,-11.217298282415818,-7.039311215079939,-9.861248389586594,-4.661242305439318,-6.857353412537793,-16.098566763537608,-22.518881217808552,-9.558086092964501,1211.2207844042503,2396.484375,6761.71875,-9.89234480104618,9.89234480104618,1.0518838167190552
A_407cc53f97e8,2000s,-10.634353161991104,-3.767914954755898,-6.832388785417196,-8.44079728867029,-10.108882189912682,-16.30686747193982,-17.72118484685837,-22.81464109657504,-1.4428466333251864,444.52812846156894,492.1875,6544.921875,-13.795542365456976,13.795277289096596,2.0298306941986084
A_40a6ad520378,2010s,-14.883278760658442,-11.7336909093936,-9.091199601725263,-3.656703287201159,-5.443695134013494,-13.137330077939883,-19.70961727055458,-28.14214708571237,-10.254704218222301,662.5644878428735,890.625,4435.546875,-13.035931835161467,13.035931835161467,1.1314512491226196
A_40ea4bd64796,1990s,-18.152480328609606,-27.979072831495387,-17.744830119200145,-7.161241961461141,-1.3145672215856763,-14.656853553520993,-30.104267900726207,-47.88895393836633,-17.777211189159924,877.0987883152796,1423.828125,2718.75,-12.823796552149405,12.823796552149405,5.427468299865723
A_40ec06fb754b,1960s,-18.547437610320383,-1.7661023321826683,-8.886306211319502,-11.179290275185158,-10.252490635117205,-18.70883997185509,-22.392085192179557,-29.48329007517049,-0.18189089694325603,288.2710866222581,392.578125,3205.078125,-11.46861464539776,11.468614645397759,1.885179877281189
A_4121e3a4e814,1960s,-28.227474782905887,-6.431843452022216,-6.231325383705886,-8.115110246090074,-5.324554361943655,-13.34696428697898,-15.729281273890379,-19.165752074292868,-7.652013604302251,775.3931731551776,1066.40625,8080.078125,-14.805613503189644,14.805613503189644,2.16839337348938
A_4163baf56ac7,1970s,-31.566405830509183,-7.209112424417353,-12.248661149200956,-5.858985556561764,-3.702423872219571,-12.334360474018496,-22.83084332490047,-39.199668697798806,-9.609627269532847,727.1196347338025,1224.609375,3878.90625,-10.275587560246652,10.27558756024665,2.203366994857788
A_4172f3cb5aa1,1970s,-28.206940187489515,-8.43785477765554,-9.152190514897383,-6.245738443461347,-3.589821836133292,-12.912111596235318,-21.61536649234296,-31.582453910485096,-9.05577751062028,739.1503445374789,1236.328125,3750.0,-12.750927002875766,12.75092700287577,1.3552722930908203
A_41943ac1c67d,1980s,-25.096069654533224,-10.957546199754908,-10.293733182574396,-7.777321646789687,-2.380559875386703,-12.90582254626653,-16.289975264573425,-24.35257676813796,-12.856190404194027,965.5845784551514,1546.875,6234.375,-23.044740976928637,15.858241214186336,2.6019675731658936
A_41fe53288e40,2010s,-10.556926841991077,-6.373339878481462,-7.1206704590022305,-10.716431590950425,-5.684350257647271,-10.375918744238144,-14.585262964354582,-22.173748228121788,-3.9725110846412806,871.9280167872762,1857.421875,6867.1875,-6.3654601433099565,6.3654601433099565,0.41592708230018616
A_424b1e68df11,2010s,-14.123800194311318,-5.735597293839429,-7.7374226169029345,-8.264463035271676,-6.29619872922773,-9.461071492325265,-15.916095968704127,-24.673501451887795,-4.542313715420575,820.1758364617576,1927.734375,5923.828125,-7.308989945913024,7.308989945913023,0.5935878157615662
A_4251d56965e2,1960s,-13.249591199344227,-5.777386383170846,-9.439421498191045,-9.524241434256503,-4.952548500504329,-9.365916724438947,-15.948770786562868,-26.80567908815668,-4.0039766468524585,926.5471057260693,1927.734375,5859.375,-12.675809923251274,12.675809923251274,1.9764238595962524
A_42542bd26605,1980s,-16.55198624809575,-11.284433288649778,-8.348537881378734,-7.170724884069183,-4.365438150735936,-9.075710814529058,-11.952101099493358,-19.248777919198748,-11.365616499125528,1280.9445756156088,2683.59375,8367.1875,-8.140300099267522,8.14030009926752,0.8492112159729004
A_426f325f3334,1960s,-36.5577760216985,-9.335290127883075,-9.872447128633317,-13.386492506044732,-1.4162607074869393,-19.47070970959665,-30.73585572560075,-32.680140523646514,-10.487801234925866,922.5958268691086,1593.75,2173.828125,-14.006795479590926,13.667591769568258,1.5645290613174438
A_428d02ffbb21,1980s,-16.015988770505075,-8.871541706655998,-9.307622794044814,-8.559590332133087,-3.5088815078124433,-9.722591505429573,-15.350774232010561,-21.455205263275747,-7.935298440909077,1044.5517224781559,1933.59375,7230.46875,-12.269440435794616,12.269440435794616,1.5358213186264038
A_42b26de34b8b,1990s,-12.363703337297412,-9.451294847810857,-8.669397462696844,-6.808553662249901,-3.5656200463491015,-14.479663800611135,-21.694837262572086,-27.606197078408474,-7.893893296717729,653.1998251534101,1130.859375,3750.0,-14.00295050817361,14.00295050817361,4.078801155090332
A_42b7d99915a9,2000s,-7.557015895041851,-11.13849752255411,-8.439781890317798,-6.839773495269817,-4.678538854393931,-15.937225735822002,-17.267830478177004,-19.019030819621356,-5.076485000534986,695.9893675955193,884.765625,8519.53125,-23.80868563112646,13.26729823637227,1.9128338098526
A_4358478bd324,1980s,-12.119625803261558,-6.961595468072885,-5.830938585151046,-6.645007631181561,-6.662202148882521,-18.74912211648091,-16.904364006301968,-19.897088626227497,-5.23958175800025,571.1764965775524,685.546875,8039.0625,-11.084680785891301,11.084680785891301,1.3092416524887085
A_435f76cd8736,1980s,-12.377343690331816,-3.954550826744041,-8.209966302770026,-8.612451352907598,-7.547684941964841,-12.508089684697909,-17.846826375890966,-25.569135292809353,-1.9788685517027509,573.1032838720158,1166.015625,5390.625,-12.451067017000582,12.451067017000582,1.5367509126663208
A_43c8efe3774d,1960s,-16.95513989830709,-7.9649399874659,-7.08754932763788,-6.426457894824274,-4.198996596764999,-18.1559371788601,-29.128337305791767,-44.298393845764835,-7.960233538024503,502.88317682546295,855.46875,2507.8125,-10.986251129738939,10.986251129738939,2.904926300048828
A_44054dfcbd87,1960s,-18.03979349496854,-10.27531893753293,-9.368929821290749,-8.547322280739905,-2.872981511093111,-11.699240089499007,-17.32410574679326,-14.831251153065665,-9.837597598907305,1208.3162808130653,1664.0625,9498.046875,-9.946982713116139,9.946982713116139,1.3704463243484497
A_4406ea0055af,2000s,-20.91721797192423,-10.001829487764631,-6.325085962839508,-7.843302321455987,-4.749918490399134,-9.633709501745857,-14.333922168510556,-18.562117062443953,-10.660817972469388,1071.1099139535827,2091.796875,8583.984375,-9.333814568015132,9.333814568015132,4.279031753540039
A_4487be2e9b20,2010s,-25.379894586121434,-4.683946362291279,-6.085852032223224,-7.413945739371169,-7.57934213777332,-14.00378799388747,-18.59816794620968,-29.39036556772171,-6.04341323452537,488.4274911862794,738.28125,4705.078125,-11.91818886622989,11.91818886622989,1.5454758405685425
A_44c388db1d1e,1960s,-29.310843522721,-8.376116067921535,-8.671207091953754,-7.621115782195995,-3.8416912839862754,-9.290149430956784,-18.739280172076608,-31.279715174674397,-10.282453568850567,864.1792482739718,1810.546875,4300.78125,-12.207168373833783,12.207168373833783,1.9405876398086548
A_44de00c870da,2000s,-24.361927356501347,-14.225718170438018,-9.62779699249639,-4.112849642770106,-3.891408922226236,-13.240933606334897,-22.582564129004115,-32.3637104396538,-14.306086219521317,740.1999947029288,1376.953125,3568.359375,-14.667708281119829,14.667708281119829,3.3316128253936768
A_451a1a82bfac,1960s,-17.74509483104452,-4.7380902028665535,-7.6442165051913396,-6.846054939617989,-6.250601937695938,-18.373961532118276,-19.09218190851503,-23.3803004718294,-3.829485729855487,491.5355080608333,720.703125,7166.015625,-12.738365281905107,12.738365281905107,3.8532814979553223
A_4596c2b89e13,1960s,-16.403790230239345,-6.000227881715054,-4.710116986021625,-6.899333612726432,-11.566882917952485,-9.639460919224174,-22.809875152215113,-41.543795625298394,-5.911439910128605,601.9037194792633,1107.421875,3884.765625,-16.172827571117224,16.172827571117224,1.4940049648284912
A_46714be6a2fc,2010s,-19.106490159884142,-7.236961185313215,-6.9467802647272014,-7.5307916559725125,-4.703526367122429,-11.292736174619723,-22.32525873154256,-28.102617949225603,-6.84599608713037,710.1639383293253,1429.6875,3691.40625,-12.12773757310928,12.127737573109282,3.323671817779541
A_468881624c46,1980s,-16.55551695690342,-7.981797232294089,-5.063637574732294,-7.546449954616207,-6.741426265335129,-10.55996374410547,-15.914615684955821,-22.29818947518353,-7.765989929001684,788.738816244789,1687.5,7025.390625,-6.9916683656306775,6.9916683656306775,0.7250348329544067
A_4696d8404111,1980s,-20.2333583132847,-9.991069081664255,-8.934029586500108,-10.453306724833446,-3.618964640615208,-7.459227516717524,-12.808850769623003,-22.279476759379637,-10.546980624249196,1355.6490068973967,2414.0625,6955.078125,-14.757985834518351,14.757985834518351,0.6264653205871582
A_46c4af8fc2f5,1980s,-8.326526424374705,-8.796801515189745,-7.070828653810333,-8.75976918379671,-5.821140798484162,-11.101746695942234,-13.792711109078034,-19.740404313568728,-5.212065683603609,923.1614214768247,1757.8125,8091.796875,-19.01222789240661,19.01222789240661,3.9458181858062744
A_46d6e6d7d3ef,1980s,-29.104883767753023,-33.30340463023322,-9.718965265792384,-2.6414704978677914,-4.76389622006943,-22.20159873508119,-21.6306656787301,-32.90883173696383,-27.789971993902476,587.1975451221124,890.625,2947.265625,-22.269809756217064,18.382833040979154,9.948796272277832
A_475cb17592a0,1970s,-40.01049858515498,-17.387391765346255,-5.704740265460547,-6.960552045292533,-3.8981582388977842,-10.007151317857016,-24.383715706029207,-33.865181550145635,-18.06324467579776,777.888060939518,1482.421875,3380.859375,-14.508726025690354,14.508726025690354,2.2180652618408203
A_475f6e8276c3,1970s,-17.86878600380707,-6.873992351331077,-9.4825981515267,-9.206930191960351,-3.503048220749937,-10.765772260600446,-20.143903382210947,-22.44213383834916,-6.221793794075583,894.8837436002234,1576.171875,5882.8125,-17.837504076914424,17.837504076914424,3.2418642044067383
A_4771506d0812,1980s,-9.07560985954449,-8.035565736754734,-7.987594153340824,-8.942218593637831,-4.370311048897634,-12.795011512124661,-19.513108318717528,-24.859679428523386,-4.6098953652185815,716.2707194521089,1470.703125,5232.421875,-15.889386969485548,15.889386969485548,2.2531325817108154
A_47de2b549cb8,2000s,-40.196687808210605,-17.819824879175297,-5.661244082174973,-4.820610133341596,-4.423002359912951,-18.39275144430377,-24.577809411360022,-25.043353605428518,-22.359092248115402,581.0458446071486,896.484375,3093.75,-15.656400556595898,15.656135480235518,3.073014497756958
A_47ec215652f1,2010s,-12.7601108223654,-8.586927005408521,-7.917909113797813,-7.393930618484389,-4.657682076423476,-10.36925148423284,-16.068399246386647,-22.143266437911123,-7.061641078762135,896.2472714317399,1675.78125,6925.78125,-13.46933918082214,11.446434244194412,0.7651267051696777
A_4812fb052f35,2010s,-23.1965712649812,-10.655512394091947,-8.106552988132945,-8.677006509261144,-2.860995641859705,-10.597684759525377,-18.55561664054347,-34.17117191858628,-12.180142555506741,874.5010223022692,1347.65625,4458.984375,-8.742402423696293,8.742402423696293,0.6855158805847168
A_48331c751816,1960s,-21.851282963326693,-7.285238427635722,-6.425564976475351,-6.659729364246623,-5.179880781773456,-13.100056840236016,-19.90734892229575,-32.94692216370644,-8.29800287321226,603.8453164962426,1031.25,4066.40625,-12.229691059507463,12.229691059507463,1.0203903913497925
A_485f824a59fc,1980s,-20.869875342048886,-9.36512044358939,-7.495077917288978,-8.78409179216763,-6.177094746216296,-7.235538542413513,-8.963916768520736,-20.631377943259753,-10.783683724360557,1607.6472774772326,3802.734375,7763.671875,-10.952134609103103,10.952134609103103,1.1336116790771484
A_48996360f691,2010s,-17.095207752084637,-11.634248394202775,-6.280862716304412,-3.42337081771716,-6.796969888829167,-21.33940621003338,-24.455697302756324,-27.591955985422295,-11.197907343402086,400.0817705637072,580.078125,2449.21875,-10.038829559862126,10.038829559862126,2.7188682556152344
A_48e851f5197c,2000s,-8.118281242748225,-4.943963337196266,-6.2329161083900955,-9.087412895173392,-9.421942753385395,-14.995006148864903,-17.82786572272819,-27.978462380931994,-1.2687472529289816,415.2780343263894,621.09375,4511.71875,-9.270154575037138,9.270154575037136,3.18886661529541
A_494179016a37,1970s,-18.945138065680037,-12.74348194894294,-7.294462442632298,-5.26744260573011,-3.968627680914831,-13.970829469966326,-20.967778524345544,-29.13754446377839,-12.284016088602957,673.630899942098,1089.84375,3937.5,-15.494853013377611,15.494587937017233,1.3644709587097168
A_494d95826b6b,1980s,-18.353734838270192,-7.567980574967992,-5.070929077582034,-7.7394410153582704,-5.589174993167417,-17.224992599916995,-16.94792317514436,-18.046030713786067,-8.981033195380638,698.5968233081074,890.625,9445.3125,-17.2377862291107,17.2377862291107,1.435884952545166
A_498d69b25eaf,1990s,-2.949420847434727,-4.6058984904382605,-17.494629554910933,-17.601393055887087,-12.965261938468567,-14.757721307262644,-16.567526954918698,-22.59783203242925,7.096903542728774,398.8258832314582,111.328125,6984.375,-8.329257214765983,8.329257214765983,2.378371477127075
A_49d5e5ccd9a0,2010s,-7.513507852949772,-9.296728587714899,-7.458980208284375,-9.646067508691921,-4.327222271752797,-16.93520286489866,-16.315844940018586,-23.648714483651595,-4.915378033028426,639.9676736544378,902.34375,7101.5625,-16.894152253497175,16.893887177136794,2.1768200397491455
A_49dcd0acc074,1960s,-22.026930614524495,-4.400313677339519,-5.654170827452006,-10.153122619093065,-8.487815290658023,-10.530300737103628,-17.067582641123092,-19.089504843424223,-5.074205321402278,750.3396309374057,1634.765625,8449.21875,-12.479106493865578,12.479106493865578,0.9653326869010925
A_4a0963705115,1990s,-12.67325229380669,-13.785158919415089,-4.190430448475768,-6.905621563766861,-5.809917765755513,-14.415565155813761,-18.20871940230495,-22.60613619078137,-10.384195211820213,619.685154697983,931.640625,6410.15625,-11.239112854241943,11.239112854241943,3.1214799880981445
A_4a4ca3d5bc7d,1960s,-20.839419266427555,-10.761490509670793,-10.8853523631263,-4.876681831763893,-4.031441427631987,-12.02285802239594,-14.371149610442767,-21.94019630987901,-11.42364546406062,917.8469889768678,1470.703125,6949.21875,-23.064897122113607,16.375037449600743,2.0596022605895996
A_4a509a71ba5f,1980s,-25.578920922429997,-5.649363327353473,-9.783230378798118,-11.010319217551478,-5.041768044724327,-10.075387473426202,-9.86253696894895,-15.873053176113725,-7.331122999422762,1506.597613343879,3638.671875,9697.265625,-11.575219678555923,11.575219678555923,1.2384898662567139
A_4b23245e03f4,1990s,-9.056113370928841,-3.4700194401234064,-7.104053569380474,-12.744887707953488,-10.081605677754705,-11.361494641208662,-22.401765147614956,-29.94435612120619,-0.06279951268667464,439.4777516138482,773.4375,3363.28125,-8.658417922340218,8.658417922340218,1.94464111328125
A_4c0b5791cd8a,1990s,-10.585663368976604,-9.184413200134868,-6.9187242742675945,-7.747123348257276,-3.8026316171202987,-25.2407707984756,-30.159104807369527,-40.1206266380169,-6.614684184033587,478.78731900201916,890.625,1593.75,-10.765654448816424,10.765654448816424,2.528228282928467
A_4c340a8a7c00,1970s,-16.94101358413524,-9.61819318645288,-8.890850036547883,-6.051638341562533,-3.708934828067749,-12.009999466644498,-23.830907861766192,-33.22265778155197,-9.451448842368526,696.8249396073331,1183.59375,3527.34375,-14.517338280356256,14.517338280356256,3.0726983547210693
A_4c460e42d70a,2000s,-15.316308456967471,-10.053543729964126,-7.893594455790691,-6.585324749534181,-5.2625722662017305,-9.087517534237223,-12.373977792646162,-19.60960109463201,-9.856129508052483,1198.232798671315,2613.28125,8162.109375,-14.84240446493465,14.84240446493465,1.4200050830841064
A_4cc538b55100,1990s,-19.675621192076356,-9.532772048149347,-4.895339319123738,-7.759835937427368,-6.52071071936021,-9.061911705199133,-14.71878671907742,-22.389238308911352,-10.973362177405017,968.7003140807608,2156.25,6650.390625,-7.235659098401052,7.235659098401052,0.644074559211731
A_4ccbbb5d943b,1970s,-16.237765256397225,-7.888231964774748,-4.967775490858854,-8.898968499345152,-4.959874281536619,-14.188161090654226,-22.118366879223103,-25.631820206565045,-7.4173968040597575,607.644437323492,1166.015625,3603.515625,-14.166278701199651,14.166278701199653,1.430803656578064
A_4cf2d5a338a8,1970s,-19.75417603168727,-12.088138433250002,-4.41374007262132,-8.617562693629154,-4.58612054423009,-11.795976780147093,-18.607661728545708,-33.76560647511837,-16.637676774686575,696.5378494180686,1101.5625,4599.609375,-15.433484397084591,15.43348439708459,1.3882359266281128
A_4cfabd70fa1d,1990s,-9.952861419256054,-7.848128525307192,-6.852735181596166,-8.706117450335693,-5.71365294598955,-11.101378489492937,-13.951329991008446,-21.251438870739726,-5.608823918058468,883.1203015062091,1757.8125,7494.140625,-7.429474611235455,7.429474611235455,0.9103547930717468
A_4d06e14b12f5,1980s,-15.089175905056324,-8.829587840381988,-13.131593862405984,-5.295254653746955,-3.920591663651613,-11.923640373291898,-17.362014354348435,-22.220107992400383,-7.966180398521036,927.1656837253811,1494.140625,6919.921875,-12.6352227837351,12.6352227837351,3.81020188331604
A_4d55e02679ac,1960s,-17.604308964193876,-10.698771234582065,-8.520678113221466,-4.814831797280552,-3.79480267980753,-21.76890069310538,-25.887658316254964,-35.006942452721326,-9.890608015871047,529.3250926938606,826.171875,1957.03125,-14.085064574386095,13.524490102381224,1.766362190246582
A_4da0dce66e93,2000s,-14.726501662733922,-5.835885472715395,-9.628993763979546,-5.2982381713151225,-6.401913046965189,-12.737984716574509,-17.689803685544543,-26.868298500455975,-4.048812994472037,635.9996169847618,1119.140625,4599.609375,-9.675153221168381,9.675153221168381,1.0540411472320557
A_4df0231dcfd1,2010s,-12.983112038627509,-4.3731397733038735,-5.798451629886966,-7.573470907596218,-9.489596473052176,-15.40192716552631,-23.00112347145777,-40.915918436709475,-3.619483148756773,344.1446729865675,498.046875,3375.0,-13.402255150111614,13.401990073751236,0.9508277773857117
A_4e16e1179a24,1960s,-34.72838685700577,-10.275689216562887,-4.1486899863698214,-5.626571136616244,-7.63004201181687,-11.498165502483994,-25.166957374548005,-30.39201174114902,-14.224327161058579,559.0117302930138,708.984375,3703.125,-12.643108874121815,12.643108874121815,1.601336121559143
A_4e1ed37787b7,1980s,-11.030926805946761,-6.805734374876332,-6.925080232677697,-8.111254481829395,-5.38585320933524,-14.033054952478533,-16.975300699671205,-22.16203224710808,-5.156269545138975,695.8737431839857,1160.15625,6574.21875,-20.930928246825218,20.714064960469933,2.178722620010376
A_4e77dbb050fc,1960s,-26.592592551800692,-6.697788384599187,-11.008127879975804,-3.0180340595602404,-7.137577144108215,-20.36852529992381,-26.62697340995684,-30.739868649802684,-6.904945299848561,440.4786576176151,615.234375,2367.1875,-20.251806823851833,19.28964165112893,4.572188854217529
A_4eeed2e1cc74,1990s,-8.910688732763854,-5.645743501128234,-8.8873083601876,-9.987935726036616,-4.887938418742471,-14.995224363479426,-19.73540352200288,-25.694325580750114,-2.4497854434153266,523.2942140136064,826.171875,4634.765625,-8.767135581863252,8.767135581863252,2.113083839416504
A_4fbdb2541079,1960s,-28.60147795756227,-6.771293741473423,-7.018919443629037,-4.708794387483294,-6.274571085203553,-19.292350241865183,-24.98867165370385,-31.263983127738545,-9.237957996016078,420.44508771267874,626.953125,2730.46875,-17.400682786386213,16.290986837069845,1.891248345375061
A_4fc7bf5539c0,2010s,-31.310526687340353,-9.541612059839801,-7.286352465642513,-3.88330514343315,-6.448711885975814,-13.192799591601752,-18.40442804795744,-24.595732513715603,-9.677293287151834,631.0536131050026,796.875,5431.640625,-13.132340249696258,13.132340249696258,2.5944271087646484
A_4fcfffc8e319,1990s,-5.978961189029837,-5.047996443568249,-6.816381366764054,-10.496220627226528,-11.000331639366124,-17.30523675301089,-15.082089802396945,-20.737731581902665,0.4178146893901842,487.27764710729764,451.171875,7710.9375,-8.98162251321627,8.981622513216271,2.5339508056640625
A_4fd8e1aece06,2010s,-13.94040625028403,-9.325154555087252,-5.9479189969873065,-7.591173871926155,-4.497899993892133,-12.93470163950648,-21.04753877859279,-31.217173227543377,-7.796468216711059,659.015295578155,1306.640625,3738.28125,-15.352983186574413,15.352983186574413,1.806053638458252
A_50165a7461eb,2010s,-16.367646388341782,-13.973620943424036,-5.183827786570744,-7.165599896729481,-4.412201553689071,-12.790116102115173,-16.245915453816384,-24.83102742834028,-13.583810797471434,761.478324630896,1248.046875,5695.3125,-8.304016344440706,8.304016344440706,0.8143911361694336
A_503fbc5cbb7c,1970s,-21.269853708040763,-12.86288864941568,-8.386956587016243,-4.933833203620608,-4.178969637060698,-12.26187955414909,-15.420990548880503,-23.36494448427429,-13.932241340824458,878.0377043863534,1617.1875,5789.0625,-10.687728259515046,10.687728259515046,2.6584200859069824
A_505f7a97a973,2010s,-12.091627406961003,-8.653964336800868,-7.955937174666641,-7.2725369326315095,-4.816276935795955,-10.062538794520679,-16.441472505822535,-24.89653775087653,-7.3722249180274115,855.3757036543242,1740.234375,5964.84375,-6.84641081340991,6.84641081340991,0.967936098575592
A_506ffdd8c82c,1980s,-27.07618628415782,-10.626929027727973,-9.896283303311913,-5.2645567215622515,-3.618138312453196,-11.604034966780183,-21.359274330296415,-34.00898297211943,-12.604749133961977,769.0261844801408,1294.921875,3498.046875,-16.550240535059928,15.842243488874303,3.4723410606384277
A_508268cf748f,2000s,-14.072117915699252,-11.485420692932218,-7.044302341164378,-8.706824197669322,-3.967363563099522,-8.587538886967945,-17.71177728246609,-29.412253837939147,-9.904551701247089,1012.0130795694623,2056.640625,5273.4375,-7.244748080646465,7.244748080646465,0.5116232633590698
A_50aec601f497,1960s,-19.38447567363643,-11.354912038381135,-5.302774782637365,-3.925084171093056,-7.1573222098867175,-18.79333084012378,-22.025448274306477,-24.675091234852545,-11.927336490329756,492.25022239642107,632.8125,3873.046875,-12.272450863912052,12.272450863912052,3.287081718444824
A_50b0fd2be704,1960s,-26.57441202329142,-24.676083549625943,-16.248808147556336,-9.78838450337812,-0.7673432814205983,-15.802604108404172,-29.28842174852832,-37.64972280347982,-25.08703763629206,886.5454387334474,1230.46875,3281.25,-17.098853845236448,15.477719840294197,5.310068130493164
A_50d5906b7846,1970s,-18.78981536824695,-7.009891628296485,-6.523153823603105,-6.267930658199992,-5.622941904656412,-13.571607120775992,-20.16300921580192,-28.75854458690696,-10.501036141865399,604.4009722058739,1177.734375,4177.734375,-15.364602382949561,15.364602382949561,1.672903060913086
A_511f59f2fca7,2000s,-19.49099669987917,-9.04273188205165,-10.537019052025334,-7.583141998978647,-3.508556908090143,-9.887352061205057,-12.948510060688452,-26.730193129178765,-11.714205180971401,1068.4715237371206,2097.65625,5677.734375,-5.599256316289209,5.599256316289209,1.1302434206008911
A_5189dd5f11d2,1960s,-29.508537914798808,-13.819151586083189,-10.018931097929622,-8.177457656255042,-2.3184367099027723,-10.193918812551729,-16.97761245587341,-24.40102965318102,-17.349383677995483,1088.0222573023402,1751.953125,6808.59375,-10.907537322841936,10.907537322841936,2.261740207672119
A_51b3249515b1,1990s,-14.004223640644105,-9.827550730512804,-9.284955024007717,-3.487877036590585,-6.2294492243427815,-13.768096177240047,-20.08529490979406,-35.44380131009417,-9.199029890557956,578.6730923910984,843.75,4007.8125,-14.497984895390017,14.497984895390017,3.102329969406128
A_522fafd7e4e7,1960s,-24.003117828983388,-10.48321120516189,-9.63232501397508,-4.902179361251205,-6.023924944119466,-6.928555539492343,-16.842302498172003,-30.219615214500802,-10.748822388249849,1136.3869415355239,3070.3125,4277.34375,-8.420649595384347,8.420649595384347,2.5214221477508545
A_5344bc5e6549,1970s,-19.010006131638704,-8.01704914976575,-5.300403030250519,-4.876165473089558,-7.405063544897059,-17.114172104381925,-22.04706106201251,-27.77609064917113,-8.69442070856709,449.635187621506,609.375,3820.3125,-14.14321281390638,14.14321281390638,1.738970398902893
A_538da98c37e1,2010s,-12.735558380877205,-5.159195151723832,-12.08971294108694,-11.61223284951111,-6.5918283288287824,-7.341477241814555,-9.846853668729732,-24.113821089497556,-2.8653172201231807,1471.1171722861886,3632.8125,6791.015625,-8.222141049664081,8.222141049664081,2.551485776901245
A_5393697e16b8,1960s,-22.777009522546045,-7.392283444413833,-5.353858147140464,-5.154565936259087,-7.1997053541684295,-17.254766543058235,-22.197659839534595,-34.2940815695592,-7.617366688757516,429.6975002570969,726.5625,3181.640625,-27.84858504696096,15.708214327086727,2.7585792541503906
A_53a203a10ca0,2000s,-20.767660441567543,-11.199210034694591,-6.557992176311545,-6.67481022921224,-4.417085720239367,-10.841211224775522,-14.93557022616281,-24.356560033847387,-12.300980574983896,956.1351889855242,1675.78125,6433.59375,-4.814480124778026,4.814480124778026,1.0437349081039429
A_53cdc2655f95,1960s,-15.84996371214386,-5.684985654031286,-8.943483871748818,-9.319944696836965,-5.269986750190617,-9.150050333744627,-14.512554984144526,-22.793441452408064,-4.302505668644945,979.8719080428599,2132.8125,7242.1875,-9.29486413005908,9.29486413005908,1.3414143323898315
A_53fbd758d08a,1980s,-17.676813506800947,-8.135511729009608,-8.296272284092788,-8.680475743990723,-3.709428005745203,-9.703908640851509,-19.16956784834953,-30.235880445048295,-8.254643192390326,948.128095154153,1880.859375,4447.265625,-13.901071171714541,13.901071171714538,1.590382695198059
A_541809e74b4c,2010s,-10.842293727225847,-4.164278465155011,-6.048579651898118,-7.579797293238919,-10.381160382753002,-17.88832448870568,-26.13169669738404,-29.91720015216287,-2.240180788407796,300.1480437919555,392.578125,3164.0625,-11.274356873376686,11.274356873376686,2.191520929336548
A_54b4a6c01b6d,2000s,-9.933104265696114,-6.986461557439836,-9.975567720113927,-9.961182542497099,-4.682514531555604,-9.767170335318355,-14.086739065991585,-19.174196555406404,-4.462834077664363,1048.3998119084501,2056.640625,8601.5625,-9.791175662695705,9.791175662695705,2.3135764598846436
A_54f6fb39474c,1980s,-16.506945997785806,-10.365826820439022,-8.910591541831852,-8.700660967964176,-3.111600741775926,-10.2053290816289,-15.048307146080797,-21.41904046379096,-9.551628823994745,1053.647895486487,1822.265625,7406.25,-13.107553007560744,13.107553007560744,2.55946683883667
A_5560f29a7329,1970s,-21.227891488853498,-9.800626245583112,-8.965106284592187,-4.718501787010288,-4.423191943094331,-12.7198467870367,-21.73249369170298,-26.695655316536126,-11.74730861359074,673.160693646652,1013.671875,3685.546875,-15.856002113660391,15.855737037300013,2.2295022010803223
A_556f74ee6044,2010s,-11.232375078764843,-7.867277645653838,-7.008336712019851,-7.987680879033872,-5.108692981230311,-12.895751237581653,-14.754896987824324,-19.996410711088245,-6.131439969847513,853.8299745433529,1576.171875,8003.90625,-10.559806428337716,10.559806428337716,1.146159291267395
A_559da74a8581,1970s,-12.438743326774635,-6.052019525586068,-9.930735270493283,-8.058567474851667,-4.5705297674620216,-12.194742655916283,-16.13341193650696,-25.214870075866948,-4.346843293715048,772.5662708066201,1324.21875,6169.921875,-12.706642814402734,12.706642814402734,1.4358370304107666
A_55c5c214a850,1960s,-19.311465302334206,-8.849161432462832,-8.320639124653779,-7.892006560843278,-5.195247677494689,-7.5725467972112,-11.504399372997934,-34.9490999469376,-8.464033192427394,1237.3590442576417,2554.6875,5208.984375,-19.830220074470233,16.099002172067088,2.486097574234009
A_55ea97bffbd5,2010s,-14.527938285964634,-10.84642747180504,-8.937211831002761,-6.08109493379141,-3.652393737060986,-12.019438262548928,-18.885867874888554,-29.329970224752152,-10.627782178185575,776.5512235149267,1347.65625,4435.546875,-8.67292511405694,8.67292511405694,1.4319432973861694
A_562b03e40a98,2000s,-17.225738608633566,-7.060442114840017,-6.806333324204939,-7.608134380573742,-4.603194609115664,-13.190824877731888,-21.76485753804834,-29.575892509922824,-7.459967723627324,605.3359480887742,1148.4375,3673.828125,-9.686768248330406,9.686768248330406,1.710731029510498
A_568582cbf5b5,1990s,-12.106841400467541,-9.197396897057185,-7.614536534008653,-6.096385390815079,-4.897001754612386,-11.899108716963593,-20.423978119725316,-27.45070424318799,-7.40727945213449,683.1329386568332,1277.34375,4277.34375,-13.362118574560348,13.362118574560348,2.1615817546844482
A_56ca736b38bf,1970s,-5.961057531856143,-8.648008341712242,-10.233244446034863,-13.877720487178795,-5.924270391264129,-7.630965686882243,-13.49142237803739,-28.53830523477995,-2.92163947788599,1086.5355156182977,2308.59375,5812.5,-9.478029435233427,9.478029435233427,2.477757453918457
A_574d82b6fcd2,2000s,-13.932065300386142,-11.208263331844371,-5.0023381313361455,-11.472353010382964,-6.200405280707094,-6.446752296723581,-15.579804372036428,-26.237382839912975,-9.678172654725536,1133.0315344322933,2449.21875,5953.125,-16.795000459596228,14.715028603160619,0.9310058951377869
A_577072e8dba2,1980s,-9.248295171518667,-4.622950447797126,-6.37876562388798,-8.764761402743192,-8.478395861385957,-16.979092980961344,-20.595319753039718,-26.27406153023444,-3.151353336275915,387.2610852602721,556.640625,4359.375,-11.299060292106775,11.299060292106773,1.62937331199646
A_5774d778ad49,1970s,-9.604339666872306,-4.992295376201263,-5.435129510807684,-8.67331927955219,-9.16947511102993,-15.966945842087966,-23.08231238026895,-32.50171908992643,-2.8429839840475806,330.9665453130684,509.765625,3240.234375,-14.648779186381354,14.648514110020974,1.4408537149429321
A_57a2396164e3,1980s,-8.972714039302344,-3.8547190958024347,-7.617711426831355,-14.0844436758284,-7.243266627799402,-14.228847643753193,-17.625679899301023,-22.330643773860047,-1.6523755137954557,578.3160196296238,1253.90625,6796.875,-11.669943245907906,11.669943245907906,2.933018684387207
A_5813ab86f49a,1960s,-19.28155099858366,-7.925113263263778,-6.517985094853072,-6.634367193521098,-4.835030001805008,-13.318700065480957,-20.411181395804427,-25.503370765541735,-7.47125518033501,624.782055422505,1025.390625,4529.296875,-15.263009313403987,14.99107350170786,1.805242896080017
A_58446d3150e1,1970s,-16.011310579634415,-8.65878928931321,-5.23752956729723,-7.269480289100473,-5.263119281708565,-13.733157618931035,-20.045258077461124,-27.038116617798984,-9.293986267322138,578.2576575411105,937.5,4447.265625,-17.224571653484496,16.831176000393736,2.5271763801574707
A_58472f184840,1970s,-11.126719006829045,-7.369059896525306,-7.371052955332068,-7.015984044615705,-4.996589910373171,-14.779448465280218,-21.32658741142396,-33.13488241491703,-5.523420083573085,568.7581908051737,1031.25,3767.578125,-11.420475951352948,11.420475951352948,2.054999828338623
A_586b5a013275,1980s,-6.780451751931864,-3.403655335727489,-8.468036656149366,-9.295282381140924,-11.606610513222543,-26.550314085158455,-28.627026141287658,-30.721544111772662,1.1518758338670831,192.97724464794035,328.125,1119.140625,-18.85985099074051,17.382555766562174,2.910489797592163
A_587c4648b6e4,2010s,-20.07020132987517,-8.1127980530405,-3.831853349711898,-8.629649645608396,-11.350689034397657,-8.411920311317484,-12.35297917830438,-20.35124714628683,-9.528119019908726,1044.1339759314965,2660.15625,7892.578125,-8.228246219020917,8.228246219020917,1.1067157983779907
A_588c49793894,2000s,-12.374762627997267,-3.878812309564157,-7.608208253745513,-8.899208571159194,-6.9541719208046935,-19.3992069686251,-18.320622309308366,-25.85007205526057,-1.7288327144713733,413.9921112020584,656.25,5525.390625,-11.863647528748567,11.863647528748565,8.153003692626953
A_58b1a19b9ad0,1990s,-13.922994877201532,-2.3055629152536445,-11.175065333696017,-12.605692656319352,-6.771485137868066,-19.490610720116983,-19.27648464331334,-21.644796333611623,-4.471943353403162,456.6937871230737,791.015625,6679.6875,-18.449147104583854,18.449147104583854,3.0696144104003906
A_597d61350530,1960s,-15.452283191887197,-6.34872991157882,-13.634789345756406,-5.749541212943655,-4.346379194371465,-12.89835800857894,-19.64729684717679,-32.56933053931676,-5.33593030810843,677.0735086148668,1253.90625,4078.125,-16.258499794370067,15.658534750306117,3.845097303390503
A_5a65b4ac90d4,1980s,-23.261751508463924,-14.925815602667933,-9.164157902607478,-11.44066446794386,-1.3065197829315967,-16.4170287195954,-22.28273316665362,-29.23296117407979,-14.631510341238718,847.5277736049309,1277.34375,3603.515625,-16.23439925563698,16.23439925563698,1.9119198322296143
A_5ac735f49b91,1990s,-17.28235056864203,-7.603495573812776,-5.91863266848882,-12.598529847448443,-9.009259878720444,-6.11527041719178,-9.253088696108966,-21.106043997675002,-8.725086188274894,1572.6599350671136,3345.703125,7382.8125,-9.34767019059128,9.34767019059128,0.7334871292114258
A_5acb408b09f1,2010s,-13.487565632218113,-6.0087690701521534,-6.4832567330521895,-10.524292991306726,-6.061280420373073,-9.227929775321005,-16.780672076273678,-25.163273816291568,-6.33341874815342,788.465320575872,1916.015625,5876.953125,-7.610007177931094,7.610007177931094,0.9216092824935913
A_5ada9b4a16f0,1990s,-16.695109913469977,-6.535001827193327,-7.617711426831355,-8.214568362661996,-4.444427020694015,-12.799729644394999,-17.745650778441888,-24.05900079314817,-6.518208608906394,752.4169963853433,1335.9375,4576.171875,-10.534247941110436,10.534247941110436,2.0790445804595947
A_5ae8673211fb,1990s,-45.92155922165801,-48.60802498943482,-18.829711717971303,-7.2714868534886135,-1.2684040451089422,-13.782147359958225,-21.051826087128298,-25.226289192597534,-44.437221373458094,1072.0912428233157,1593.75,4072.265625,-23.239053294690084,18.825549639864597,4.319608688354492
A_5b23808569e6,1980s,-17.79702347325872,-9.486357359344174,-7.818490851696333,-8.377001785163573,-3.0717371584683506,-12.74279916807915,-19.936203795979125,-24.01019530497757,-9.27215497170227,766.2572456316481,1335.9375,5736.328125,-15.434466819410959,15.434201743050583,2.7477588653564453
A_5b827009e27c,2000s,-21.76553376772739,-8.722521400366949,-7.8535660516015495,-5.241639246004297,-4.525205718579747,-14.2404035618809,-22.980639178061836,-31.919680580067006,-7.929360746464863,589.3754460460118,1042.96875,3568.359375,-10.635433619588927,10.635433619588927,1.4767441749572754
A_5c0383b002c9,1990s,-20.500774322995547,-5.346524836250764,-9.868585327627082,-8.527188418273772,-4.783949110879936,-9.622877328348187,-18.954602029043038,-28.187588944406876,-4.0968123298997225,793.3366067007669,1558.59375,4242.1875,-21.90845980570518,17.36220900415215,2.137266159057617
A_5c91fa1b4728,1980s,-20.595157857923127,-8.223904936692598,-12.492499734311934,-10.912688532634778,-2.7332491221909114,-8.73191193388221,-14.544869649246566,-28.487479206532278,-9.44676813700852,1138.9150084528064,2273.4375,5835.9375,-13.439773949690805,13.439773949690803,1.822343111038208
A_5c98fc94c027,2000s,-33.996787898992466,-12.913354045360368,-4.066381420430512,-5.432080778785304,-6.023720552209488,-19.19743724337424,-21.87942024234715,-27.480103979857798,-13.948988567909558,454.31855624768,591.796875,3533.203125,-12.581774955716796,12.581774955716796,1.7008129358291626
A_5ce6bbdc621d,1980s,-30.212488438102994,-11.049804385841123,-9.078927432911991,-7.804153821049654,-2.982030461455147,-9.765419214693994,-16.669294348196335,-31.257548729217067,-11.540792405279028,997.822827789369,1945.3125,5021.484375,-12.786891307555994,12.786891307555997,2.837404489517212
A_5cfdd0a144ce,2000s,-13.055371014942377,-6.655378486918919,-6.573119243815438,-7.124757193513123,-6.211782876815375,-14.288456113048124,-14.943316810675483,-19.21639652277185,-4.744253068131917,737.5479451849455,878.90625,8197.265625,-10.270202515090688,10.270202515090688,2.062196969985962
A_5d04b0986e15,2010s,-7.999787746632725,-7.416502097884145,-7.204595031648925,-9.19161667761512,-6.243347020901904,-10.526165592823098,-17.437921326090603,-22.765297434886108,-4.031115929371595,697.0294402382824,1201.171875,6246.09375,-10.583158669086494,10.583158669086494,1.9679405689239502
A_5d26446582e9,1960s,-21.870179734945395,-9.50548966053794,-7.637325736877706,-7.757126493211249,-3.5992765276702543,-11.624363331540575,-14.795688556407214,-25.21406077912472,-11.599971052523934,943.9752410777544,1699.21875,5894.53125,-16.561287678501802,14.438437458346998,1.1079281568527222
A_5d41d9f5b365,1960s,-18.481249766723764,-8.385318252624753,-8.227683490382383,-5.060877722332991,-5.393339319938169,-11.468157228759921,-18.094856842165985,-25.38829278740788,-8.810806259928038,754.6144072721447,1406.25,5220.703125,-15.107044945181292,15.107044945181292,2.7451019287109375
A_5d84aa975636,1980s,-17.43031165279697,-7.287385353780831,-8.428997721528837,-6.305944414259946,-5.31964558140631,-10.352067030666639,-15.61797317318661,-23.910365744525798,-6.894247946141431,892.2390961547078,1775.390625,6990.234375,-11.932403967987025,11.932403967987025,2.6595072746276855
A_5e3282e8ff5c,1970s,-19.46086671198256,-5.487133805491785,-5.350927596579832,-8.566155088496522,-6.959063207155884,-11.731771181359713,-22.187950865860046,-31.998201305304548,-6.258522185066598,545.5300983792652,1054.6875,3404.296875,-17.070848162889693,16.18621634985278,2.950436592102051
A_5ea6d0dfaf16,1980s,-19.22065288419483,-6.879183985395346,-9.313112620367788,-5.575497468002977,-5.48850673447535,-10.283868569037713,-19.7943480649497,-26.946345111177394,-6.431490884383415,792.9080364257792,1511.71875,4511.71875,-20.655185003943664,19.840416012598105,2.9262099266052246
A_5eb98860204d,1980s,-7.0987487948217,-6.664365302260827,-7.369277417931369,-10.754875005351966,-7.755825865354903,-10.000445196714637,-13.296072267527745,-21.17269519177929,-1.9283772334894431,894.6667203484932,2085.9375,7417.96875,-15.14022654548654,15.14022654548654,1.4333670139312744
A_5eb9ccf19fc3,1970s,-15.644740315997419,-5.4688358499094125,-7.475157712567516,-7.152641314124244,-6.26249320564798,-12.31153396625315,-17.193587593137465,-25.056242026078532,-6.577625633675415,661.0573916811452,1160.15625,5882.8125,-14.08645736466812,14.08645736466812,1.8381428718566895
A_5ece4adbef17,1990s,-21.955214685461545,-8.185084986560394,-11.660353742665269,-6.874339569637524,-3.522617914157104,-10.596264339301722,-14.797299113516644,-24.599540227050383,-7.759573223077848,987.976596768515,1839.84375,5507.8125,-14.20488793317964,14.20488793317964,1.5453846454620361
A_5ee7f62bc4d6,2010s,-18.836812023383366,-4.046990248575712,-8.10803502753281,-6.763205573256398,-6.849685927092411,-18.394054840358432,-23.132414723312472,-27.17890331284003,-4.723727716121825,393.8412568664519,662.109375,3457.03125,-14.222671992270769,14.222671992270769,2.5824854373931885
A_5f71d5c8bc2b,2010s,-19.748216499875316,-11.259509608205194,-9.267230212176957,-6.026698008346099,-4.034426408239625,-9.823100119472116,-13.75733687257112,-22.733506501875745,-11.664260495971151,1089.6009969263596,2033.203125,7207.03125,-6.7701204413937335,6.7701204413937335,1.8724545240402222
A_5f7813a796da,1970s,-23.263515892740504,-9.842696855700764,-6.645982406948078,-5.871196555392823,-4.677538188425874,-11.66678557548719,-21.391528139413655,-34.1375308288043,-10.98421234671826,717.205871841365,1265.625,3796.875,-13.788252750175742,13.788252750175742,1.9491924047470093
A_5f9f6aa225b2,2010s,-8.788425582362041,-6.847821198373372,-7.57376516903658,-7.3812451567241215,-6.38174250651606,-12.368441578971943,-18.890457167628213,-25.74507111635382,-3.451499362118856,595.8066630316818,972.65625,5349.609375,-7.824886330987298,7.824886330987299,1.3113723993301392
A_5fc039d36d6a,1960s,-31.56968552597123,-9.683511264677211,-5.210235228584358,-6.789207341673041,-5.312519745240167,-11.929340624742554,-17.791953303209016,-22.232049872434768,-10.098806159439032,779.5742281324234,1470.703125,6978.515625,-14.022942288940625,14.022942288940625,4.368764400482178
A_5fd2e8ce04ff,2010s,-18.901069577515432,-7.923857642378329,-11.67299958809588,-3.6185626234922195,-5.573248061311306,-17.69688167574874,-15.846797167873493,-25.22317802957081,-8.808807171919256,631.7752903793959,744.140625,5970.703125,-8.972866618275482,8.972866618275482,1.9625555276870728
A_6017011de877,1980s,-35.0571333122532,-10.499026245682861,-8.445513619447912,-9.921046586002163,-4.259321483101457,-5.759256612285341,-16.073436109338374,-33.60630555996762,-19.79850161929102,1436.3509177585179,3000.0,5185.546875,-13.617130869954817,12.17964976576561,0.9110451340675354
A_6059f370a6cf,1980s,-12.209975950347127,-7.956612243978408,-7.058112236282971,-8.79803444601061,-5.708847608621773,-8.195724123320492,-15.892358349441025,-22.855042796996848,-7.817055056065567,1031.8951446093417,2208.984375,6890.625,-10.425014140775218,10.425014140775218,1.9755356311798096
A_605d30ec9c64,1970s,-21.273115174275944,-6.9447933241414885,-5.123267647374066,-7.972947724908228,-5.379070405515768,-15.580645236112137,-23.032537522926532,-29.325935450855898,-9.811030703668797,542.7785872195661,1183.59375,3328.125,-18.900135792356586,18.900135792356586,3.5928399562835693
A_606c2849f1b1,2010s,-9.264955009494713,-7.1731119329639235,-8.474339118057653,-4.671885508266374,-7.082879519657208,-22.109069020410086,-23.67871538049866,-33.02068220216561,-3.7453429385317243,359.2371144529314,597.65625,2261.71875,-10.902731399934588,10.902731399934588,3.072606325149536
A_60734242b665,1990s,-17.608191184228698,-5.669413626270748,-7.818405873209391,-8.019841668332896,-6.408122869438712,-11.810116466292122,-11.392904334774938,-16.688015310680335,-4.928550507373043,1135.845215822645,2279.296875,9621.09375,-16.560385201804408,16.56038520180441,1.2592711448669434
A_61aaf73a2520,2000s,-10.945086318402232,-5.706946130951925,-6.529997411791197,-13.402623456883124,-7.854297650474811,-8.731002019685747,-11.61257009291629,-17.957745949464492,-5.350364972518477,1189.8600190774064,2794.921875,8976.5625,-10.023137051732265,10.023137051732267,0.8558685779571533
A_61b4a748d3c6,1970s,-38.79181286097398,-18.86106017745341,-15.551939394105274,-11.393712877720807,-1.5294603405762432,-7.621014372326779,-20.34241385470076,-29.47164846102361,-20.42975428396953,1268.4547873125068,2109.375,4019.53125,-22.512296403209344,17.39660847860844,2.6092216968536377
A_622acd05cc5d,1960s,-20.222202976049427,-8.131227469353489,-5.147921209990419,-7.909616993364957,-5.019825117747024,-13.03803317303334,-23.29428640471847,-39.45401942344729,-8.477966905940281,659.3557217445768,1453.125,3750.0,-10.945877187276684,10.945877187276684,0.6373901963233948
A_6288a8a6bbdc,1960s,-20.913497185436277,-3.88116838787853,-6.758229509224747,-6.3952964124875065,-9.079570309599864,-19.381982040707317,-22.967685522031434,-26.42642810353272,-6.117793507304659,338.61363418089553,474.609375,3216.796875,-11.333075218644446,11.333075218644444,1.4519343376159668
A_62a242f3bf5d,1960s,-21.87771472052812,-10.416436056021212,-6.4749245852038335,-6.224840780809744,-4.956824963643823,-10.469086581973343,-15.98873620548061,-23.33757525487268,-12.352017523388874,907.3739110460314,1687.5,6732.421875,-19.839108065298237,17.09552302803103,2.285325050354004
A_62cd339bfe82,1970s,-10.993230168028902,-7.02081186390982,-4.049231890354779,-8.911296099458063,-10.084763489969726,-10.33144954745708,-20.777952537163024,-31.663912355870863,-4.759791932488936,535.2734878291753,990.234375,3878.90625,-11.49959798661327,11.49959798661327,2.278996229171753
A_62de2920e012,1990s,-11.394750869700875,-5.948194952709288,-9.263001843990365,-7.976237070407132,-4.959186558916365,-13.366401031369428,-16.739913601359206,-20.48145888340939,-4.014984266571216,791.9446666553727,1646.484375,7582.03125,-11.707561221986984,11.707561221986984,1.3284105062484741
A_631aa808b580,2000s,-6.693363869205662,-3.9048417241797333,-5.422342441483968,-12.100864143411759,-19.14022668021882,-22.974878787266583,-21.123914429835988,-22.652105320167625,0.24582973162940172,244.10133877481496,210.9375,6193.359375,-11.438332609015273,11.438332609015273,2.1992011070251465
A_636e09c920d5,1990s,-18.657680652471253,-7.650437391552866,-5.38282858042229,-8.539566548231162,-6.237853428495908,-10.043355236026217,-13.761087404843552,-22.06495740401588,-8.065763550915953,917.6807739454716,1980.46875,6785.15625,-15.391126497189855,15.391126497189855,1.3207206726074219
A_6388564d4ccd,1960s,-17.393047834235297,-2.774286911152577,-4.339638446308785,-12.630785956397192,-15.93909988215624,-29.463922709633987,-27.75724428155888,-25.461333790532805,-1.4427686864099651,195.5440453000993,199.21875,1054.6875,-12.59342904606779,12.59342904606779,5.041511535644531
A_63c443318d7e,2000s,-13.471364585023231,-3.959220007357216,-8.808815042477141,-10.157179265807484,-6.385132438769795,-12.595102254593849,-15.081717553849154,-20.339775196024345,-3.26989740652426,743.8018333814009,1289.0625,7857.421875,-11.12608870957134,11.12608870957134,1.5895709991455078
A_63eda9d02512,2000s,-30.963061741636608,-18.292246949303383,-3.693357438495015,-5.660104192007588,-9.764340561874734,-7.537296546414103,-24.406508313412367,-55.67339071668493,-28.835947088537203,781.3554143702784,2443.359375,3832.03125,-15.256620594562644,15.256355518202264,2.8192548751831055
A_63ee9a4c3b77,1960s,-20.967968570742805,-11.364246098726332,-6.669201250341904,-10.175648159597033,-3.0372079956130444,-10.246082308439679,-18.823229712340343,-25.105692840976438,-11.83288520803931,1010.2908265944011,1757.8125,4880.859375,-12.649476656115556,12.649476656115556,1.5044242143630981
A_63f622877efe,2000s,-11.192459038747355,-8.005911307627755,-7.741041022252897,-2.90139946374075,-11.420124633409692,-21.681642991215565,-24.618853968403602,-26.08552521216744,-6.642122549042475,330.75125769257227,339.84375,2396.484375,-8.517539328469796,8.517539328469796,1.6650996208190918
A_6407427dd913,1960s,-27.956610384202737,-9.37690284320479,-9.653597999045806,-4.580287507834975,-6.028775662450028,-8.486350378223714,-14.890532427884258,-25.69248601426727,-10.77377650970025,966.1041071423953,2232.421875,5642.578125,-15.548304696135652,14.971882121867209,1.9839622974395752
A_6465f884d121,1960s,-26.243392949719887,-10.900882845466013,-14.83719015917853,-5.343282058687261,-3.6441684398814846,-9.43686272882358,-14.183918459827732,-21.408921024648034,-10.950687069573151,1165.7890850754065,2232.421875,5660.15625,-15.747537416293486,15.747537416293486,4.186922550201416
A_64cad35abe03,1980s,-15.165400334212736,-8.053845746698716,-5.923032005386425,-10.48330740669553,-6.714020016171714,-7.121111677157842,-12.80791549615154,-20.786804730744333,-10.194708593493925,1240.6134224492396,2806.640625,7541.015625,-17.88682864822528,15.173364547782686,0.6827831864356995
A_64fe8a9a2754,1970s,-16.732882735012662,-6.4857324429785965,-7.247600562252733,-7.9435124235459975,-5.805719673989882,-9.126049791034394,-17.334506308291083,-27.70967442347933,-5.6081355356482545,840.3394193683347,1822.265625,5402.34375,-15.974222525078886,15.974222525078886,1.970952033996582
A_6560156ee422,1990s,-11.12576493729984,-22.093029950339695,-15.112161488379334,-8.787795504784226,-2.403257266332361,-7.494741323287038,-32.3178238377067,-51.55365376049716,-10.490389493971515,1151.7494866336708,2074.21875,2917.96875,-17.62159473699444,16.38477187829713,3.2926435470581055
A_65a1b34d2b73,1980s,-10.058176665319023,-7.567416880023105,-7.24964410449317,-10.846867881852688,-5.476415347330801,-9.113455156641614,-13.345053138740903,-24.857380992546602,-4.995879175466602,989.0802224577432,2302.734375,6017.578125,-13.940480965894821,13.940480965894821,2.6324751377105713
A_65b2e34b261a,1960s,-14.249339922046861,-8.591514242643125,-6.572425214790259,-7.328129795531764,-4.992105804957583,-12.987492543685729,-13.288835238486072,-23.040217024901715,-7.25171885403102,878.1071632394833,1423.828125,7125.0,-12.179096502102588,12.179096502102588,1.7691171169281006
A_65b800310a0a,2000s,-15.54047236996335,-7.59483346049972,-6.052837020003956,-5.530767142761633,-5.866715967859443,-22.774239807764637,-23.991460663744434,-27.433738587375032,-6.295670843602627,458.71501466302993,843.75,2244.140625,-15.217263435754237,15.216998359393859,2.704960584640503
A_65d8e56a22e6,1980s,-4.173614627362286,-5.196479963708675,-8.270304171355434,-13.123458031389394,-12.485410658798415,-16.24149712018802,-14.749761908416863,-24.05393984768768,2.6985709454247733,442.8758298387103,287.109375,6826.171875,-11.313129788802351,11.313129788802351,4.658390045166016
A_6654991fe002,1960s,-19.22894343626848,-5.221224811552188,-13.522004906159097,-10.992394028514534,-2.8072519078075557,-15.049804065508127,-21.541166595631047,-28.81775788498381,-3.7264156639319967,782.8128507266042,1505.859375,3679.6875,-14.749360161205278,14.749360161205278,3.6148617267608643
A_66ac7b1580f5,1960s,-11.078146310042136,-3.302039874473992,-8.787519415675998,-10.773228618235704,-6.74771967423832,-17.009877730845634,-22.534955240421354,-27.886708270608192,-2.000004781687323,375.11011686459926,703.125,2917.96875,-26.065889138666243,17.90922903930757,2.549178123474121
A_66db2d89aeaf,1990s,-32.91613489727561,-9.8750517626326,-2.6996271483260355,-10.780545207271697,-7.180023006715011,-12.97179326402051,-16.294092395929816,-19.747611188258947,-11.234373428034264,717.701469025654,1171.875,8126.953125,-12.097990929337229,12.097990929337229,2.375389337539673
A_6715177b0161,1980s,-8.806757377257572,-5.081816139384942,-4.14282480967444,-10.203178152884703,-12.441182468994537,-18.7801007729755,-22.082570404732927,-30.17153896825823,-2.0060234410187143,255.19270324384325,292.96875,3275.390625,-13.482884882885326,13.482884882885324,1.8076637983322144
A_673d693b74a0,1960s,-14.438215276153883,-14.967667018696503,-6.849713185070133,-7.008377008006615,-3.198558343600493,-13.748786013971714,-23.323585519317184,-30.781420454112933,-11.889647089564605,724.9049768875741,1289.0625,3251.953125,-14.517926964265836,14.152222505726185,1.7760688066482544
A_67eaa4c669ce,2010s,-5.962091761331397,-6.132611208971586,-8.35566441744282,-9.271332194567265,-8.347637159008544,-13.673523029815357,-14.235677104310614,-19.297490887475202,-0.6493350548075818,683.4401204313469,1001.953125,8238.28125,-10.163241875696567,10.163241875696567,1.2698194980621338
A_680b1db4748c,1990s,-8.337380517245858,-7.920398036309311,-6.256491572810827,-12.344908220567039,-5.797556458460276,-9.97649319865908,-15.376780054760314,-23.80761676811364,-5.054428577083858,818.0447909612133,1751.953125,5929.6875,-11.837196527397298,11.837196527397298,1.429135799407959
A_6833365339c3,1980s,-26.355039252083653,-16.27906222442275,-10.693599805178769,-6.55247286262197,-1.888586394564094,-17.275803693907083,-30.028368617217296,-31.970405183899544,-20.54620979730938,758.5719026013795,1259.765625,2138.671875,-23.874279806134506,18.666869955491663,5.633344650268555
A_6836372857ed,1970s,-14.78915189442285,-9.892319766497737,-7.028817498854087,-7.02504575070281,-4.010642595523398,-12.016372251078064,-22.79000875778533,-26.096174232952393,-9.0830266172076,719.3767193343989,1312.5,3931.640625,-15.838010158263774,15.837745081903394,4.520292282104492
A_683e7aca98dd,2010s,-11.318998098963357,-8.467904315134245,-6.15908215149897,-5.498687633661702,-6.999764122791007,-13.797045736208041,-18.239072136459203,-24.484212266542926,-6.828832091498056,575.5257409651208,837.890625,5619.140625,-10.069057166412222,10.069057166412222,1.7944657802581787
A_686bccab3806,1990s,-21.997579405205915,-8.948258618331373,-6.785732131222365,-8.374899336217423,-5.313699093781697,-6.961750749268254,-18.1665555000067,-32.586728536963776,-9.83366574895536,971.6612640317107,2431.640625,4435.546875,-15.39408945895527,15.39408945895527,2.56689190864563
A_68af9f94f8c8,1960s,-12.157205536657044,-7.498495132195464,-9.840038569369591,-9.187924473050295,-3.4905240436904905,-12.413365016720935,-15.46989275838886,-24.51200597353599,-7.754375906409452,820.9133243129413,1242.1875,6134.765625,-11.234137904536093,11.234137904536093,1.1202993392944336
A_697c0b6ddb23,1970s,-31.765421631626523,-12.192595639290317,-5.508125870369468,-6.16807201361695,-6.5707750998450285,-8.016906906504271,-14.67572927074902,-24.191702704138095,-17.30499057898121,1057.883096070853,2501.953125,6480.46875,-11.58171277580064,11.58171277580064,1.163082480430603
A_69e367beffc1,1990s,-12.581318908792964,-5.175927131746877,-10.183057494898883,-11.768697747558862,-4.157610678356668,-10.868119929125362,-19.370852559711395,-28.67649728354285,-5.055323477405124,750.7009577182434,1529.296875,4177.734375,-12.479910197984998,12.479910197984998,1.092292308807373
A_6a0156774b92,2000s,-22.939744083588206,-5.209231813537468,-6.212932424309095,-10.422502824704164,-6.118772280715969,-11.12461613831346,-14.425967829201019,-22.236656373491407,-4.652220258217209,789.5191731025786,1611.328125,7089.84375,-11.494140087264402,11.494140087264402,1.6834783554077148
A_6ac5775f64ed,1970s,-16.785996256855217,-9.70483180830036,-10.656100579240748,-7.19722083053341,-4.744662127218803,-6.564283584912825,-14.299093415699149,-26.50039165038088,-9.584302403233321,1231.520924915921,2748.046875,5490.234375,-6.684781479919348,6.684781479919348,0.6031278371810913
A_6b2ef81a897f,1970s,-33.79132670673188,-22.671113743255834,-7.948017196816344,-3.9081508812285106,-4.516011616723797,-12.781760469318531,-17.092765049756892,-28.472064039074073,-29.324102937180747,724.7138359855682,1265.625,4734.375,-7.785849682175904,7.785849682175904,1.1621607542037964
A_6b5a2496295d,1990s,-26.54252436770659,-6.123218587445729,-10.119018899176952,-7.0289768348732915,-4.161039279863736,-12.44245110333901,-18.29975865200933,-25.633166239933345,-9.27800947855761,789.1183891946617,1429.6875,5009.765625,-12.711698236734392,12.711698236734394,2.480142593383789
A_6b8c6a1ff52f,1980s,-16.93617277593392,-5.595143613805941,-10.347108512868406,-9.702441468392637,-3.627447236875721,-12.398189238369214,-18.968143819606098,-32.255503863175726,-7.838813924556654,919.740492912646,1763.671875,4429.6875,-8.551164089507846,8.551164089507846,1.6265466213226318
A_6baaf6b607fe,1990s,-10.88834563281375,-8.367437675019284,-4.765810400510947,-8.372132351765423,-6.354758982583606,-14.290406124430294,-16.63672988917751,-24.908870948461797,-6.015608344166685,609.7542319693104,1037.109375,6234.375,-13.089272026133557,13.089272026133557,2.1651246547698975
A_6bc9ae17dcd5,2010s,-15.138406708243652,-6.986571492189942,-6.750054459116681,-7.0990384678308125,-5.334165368972986,-12.593555413804609,-18.89163901374665,-26.778382166258204,-5.821062176917646,632.9318298462824,1125.0,4482.421875,-7.910745176458503,7.910745176458503,1.9273228645324707
A_6c19ea2c9e18,1970s,-22.990628864569466,-13.529639269027761,-5.13742497841411,-5.307519980080323,-5.139866167045596,-13.997812128266322,-24.933408942830354,-34.24044223440802,-16.35699291902181,560.1900831849337,919.921875,3058.59375,-17.48464993448055,17.48464993448055,1.8441182374954224
A_6c2d2f92d359,2010s,-12.008339007067368,-7.023117247123036,-7.201975872024199,-6.560481264860277,-5.714933884507332,-14.484438640462834,-17.40125628196536,-22.76313998727502,-6.148012474187375,631.529395275446,996.09375,6410.15625,-13.350511257493498,13.350511257493498,1.6631927490234375
A_6c7808ec31ef,2000s,-10.817124771829231,-6.864581091322039,-8.56340768123406,-7.095941659944657,-5.884063541610579,-10.271272060529144,-16.794669536404662,-23.889171493859553,-5.9994112135238495,806.937172473379,1605.46875,6046.875,-12.385150780511204,12.3851507805112,1.8545984029769897
A_6c80a339fdbe,1990s,-16.98193522824755,-8.708398577268358,-9.170926000473681,-10.016004266060342,-3.1473246077792516,-10.494300338918801,-13.777181631816147,-20.43689540631533,-9.203470055114053,1276.6610059697016,1986.328125,7892.578125,-12.735563604468451,12.735563604468451,0.9762074947357178
A_6c8510bbd98e,1980s,-11.631374212739301,-7.752806852981436,-5.694808259977359,-14.99258199572936,-6.450789541944342,-7.491867523991276,-12.790595643546215,-22.8302332813818,-5.79725597798904,1201.0791630862707,2900.390625,7177.734375,-15.95831976660941,15.95831976660941,3.8562068939208984
A_6c8b05790aa4,1990s,-19.09199091612332,-8.164236965192323,-5.627517816044064,-5.25655225719224,-6.141269845062869,-17.873455906922572,-24.713813519641402,-33.459406769572716,-8.12659470101231,446.7080063487902,744.140625,2484.375,-11.720848677950295,11.720848677950295,2.0936942100524902
A_6cc6275d1b29,2010s,-9.398101513681178,-5.8398953150114465,-4.325748086019719,-8.760013843001811,-9.3657195977799,-25.76399496144896,-25.721774359570468,-29.692686388872605,-4.2352511603071035,268.35958069594136,433.59375,1341.796875,-15.966388309228392,15.966388309228392,1.4948230981826782
A_6cf44149c954,2000s,-11.043745229753092,-7.277434669056132,-7.618790686269682,-7.367115047292194,-4.640131783745707,-15.55873339074001,-23.538824429799497,-26.94281607280065,-5.377219992463953,548.5087214709733,990.234375,3580.078125,-9.672080835926508,9.672080835926508,1.2766296863555908
A_6d18ade53219,1970s,-26.38054675044673,-13.938864442793054,-5.710854529465713,-4.349233944413394,-5.6028943192632275,-14.066119147472358,-22.384229058907273,-28.958179286215945,-14.777808055558507,584.0681110357198,884.765625,3720.703125,-18.199521222437607,16.374429854581262,2.9412126541137695
A_6d59164746dd,1990s,-11.090254038166396,-7.361959358991305,-7.932017434032711,-6.68214379794804,-6.249818675166436,-12.074126512275619,-12.948226475841922,-18.837862982621793,-4.956429868422561,923.8008358280503,1482.421875,8425.78125,-12.990512195561925,12.990512195561925,1.8132984638214111
A_6df29f93e33b,1970s,-16.426482905829992,-8.22986179203475,-7.236995781134594,-5.210171649176479,-5.383900195687285,-15.407500619618244,-17.851355815915987,-26.930117173460815,-7.728440786050973,608.634817312654,837.890625,6210.9375,-16.81976237459287,15.969401403312615,1.764981746673584
A_6e2598b391c9,1980s,-15.802463476448468,-9.005220951430902,-6.524480107777993,-4.347917461926124,-6.575970011941717,-16.185235350434557,-20.455130544787025,-23.15738076676324,-8.872113175626987,541.9896259779398,755.859375,5847.65625,-18.77817437714775,17.10448973046035,2.966601848602295
A_6e2a3c3634e8,2010s,-11.875043709128011,-7.501445765231503,-7.74108564627856,-6.196167412692114,-5.46139199651707,-13.198199633719286,-19.141207993097765,-23.420950046945173,-5.762382507357431,685.4435512781871,1458.984375,5548.828125,-16.045512443588564,16.045247367228185,1.0428825616836548
A_6e45fa467771,2010s,-11.662940612862373,-4.371154125570883,-6.2137217814876085,-6.467299772473911,-10.56787192894645,-22.060638585009382,-23.05913608710729,-25.662678288552236,-2.315737034335495,297.2312212809328,351.5625,2630.859375,-9.350189354200175,9.350189354200175,2.500276803970337
A_6e52f63fe5d2,1970s,-13.663012883680105,-6.66376460174134,-7.484229901834537,-7.551262758457518,-5.090398043684214,-11.443215276177312,-23.157048150852336,-30.457959518136384,-6.411483047149584,649.147569400643,1458.984375,3298.828125,-15.724581708272957,15.724581708272957,4.136354923248291
A_6e5ce88c4e6f,1990s,-10.671641610338101,-5.168570954460176,-10.18718342743972,-9.968012307325568,-5.060136054129511,-11.010860282351931,-17.221960349751154,-24.50113896297442,-3.12560197297107,761.0668773557769,1623.046875,5736.328125,-11.080206910119767,11.080206910119767,1.0141023397445679
A_6e79f6c2774c,1990s,-12.668723948276757,-5.281365886430187,-7.926141625909404,-6.728023681909001,-6.673184834829385,-13.504573827212962,-20.284592738686143,-21.68617110418073,-3.6987162836454295,609.8580320464926,1125.0,6673.828125,-10.122591409676108,10.12259140967611,1.855381727218628
A_6ec13ae77a67,1990s,-37.76207676153748,-20.6398690496366,-6.495693892309902,-4.727842255892999,-4.694993365621944,-11.66272565370864,-17.084805148971476,-24.63870208187022,-25.79736971449762,849.2532027613552,1482.421875,6023.4375,-9.932710797263253,9.932710797263253,2.16206955909729
A_6ef446ff0e0a,2010s,-9.591618661432287,-4.992225511698175,-7.243820998362721,-11.029293838092237,-6.090777451526138,-14.059478064447804,-17.554086141625504,-25.244191910137054,-1.9961131071961078,571.101890886776,1095.703125,5378.90625,-7.764439390855977,7.764439390855978,1.546894907951355
A_6f30a0d5580e,2000s,-15.41265644161574,-7.026499298719404,-6.842803283052808,-8.068289331738997,-5.423079143202839,-10.099894029427315,-16.587147772457065,-24.57087251988041,-5.859456955232537,808.7225363890342,1587.890625,6011.71875,-11.399869319499816,11.399869319499816,1.7858712673187256
A_6f58e15be8f8,1980s,-22.161458038430915,-3.565960412843372,-9.336238418739102,-7.028391107852277,-7.598786885354986,-12.522937750834933,-20.85770235601158,-29.010099515805756,-5.010924693589031,521.3671952323459,826.171875,3896.484375,-9.24980442619969,9.24980442619969,1.0256800651550293
A_6fb5fa5846e7,1990s,-26.069500262959856,-10.51635691426933,-6.698077622776845,-7.780831367970549,-4.455045895714357,-9.289288896831343,-13.559107551095629,-21.076481552718022,-12.39263612840916,1107.9509958592607,2044.921875,7341.796875,-17.869547752795324,16.240103726223122,1.5763978958129883
A_6fd8782e5e7e,1990s,-8.854404176032284,-10.317673790934123,-7.222868010265348,-7.6714979683320115,-5.932308733581605,-9.026056200962225,-14.904160289867454,-24.226534631883005,-6.086282747341961,901.1049279591336,2085.9375,6316.40625,-12.843252631200938,12.843252631200938,1.5117133855819702
A_6ff56dcd50db,1990s,-4.840978127079705,-7.752210938695379,-11.083032769222946,-8.718694160424485,-6.752295833164074,-14.660047668462312,-14.178772380597032,-20.810302083950972,-0.3471852726043412,661.6720548994465,972.65625,7464.84375,-7.127255001751221,7.127255001751221,2.3539958000183105
A_7049932fe21c,2000s,-11.021453402383326,-9.718542184318807,-5.3738239644566015,-6.484492251299826,-5.729297068826621,-17.106889223594226,-21.338174999271672,-22.77049155104116,-7.774625310888287,500.5427259288118,667.96875,5244.140625,-14.535482560334497,14.535482560334497,3.7479281425476074
A_70f8f9d4bb5b,2010s,-28.593437673704752,-9.2804220343339,-4.515324810733091,-5.859964327162521,-6.8438259890606945,-13.577074918084923,-17.80544479794271,-34.89731675091059,-9.95574855357194,574.8692290540188,1001.953125,4488.28125,-16.21678417420291,16.21651909784253,1.2226316928863525
A_710bca58cd91,2010s,-10.809497602543301,-6.42431855123967,-7.285992519751061,-9.285919014247172,-6.671871905024387,-8.981204654711119,-13.987031920993003,-25.283660671177138,-4.968166337679042,933.2802464948504,2121.09375,7072.265625,-10.405489674018957,10.405489674018957,0.8064416646957397
A_71444ba33111,2000s,-24.190342448371737,-5.539988061951274,-5.495033851472884,-10.359824945804734,-6.656876447225151,-9.510598358071139,-18.972022494991446,-26.58299437560469,-5.8084886970069185,709.5878607270624,1664.0625,4716.796875,-7.072985721082372,7.072985721082371,0.8025535345077515
A_71b215f04263,1980s,-21.242115282952135,-4.925617645642983,-5.43925351978071,-8.411429189507594,-7.894321272735791,-12.703491980581674,-16.884825190864724,-23.682902900323114,-4.266376228138858,589.02823018132,978.515625,6550.78125,-11.504218290356697,11.504218290356697,1.4286705255508423
A_72724f24687a,1980s,-12.540265418911831,-10.515232439237801,-10.26817707761017,-6.8548134365356885,-3.1242624252978684,-12.821482153743718,-18.56794889741571,-27.049196305102324,-8.52109059129637,800.1428944785205,1312.5,5537.109375,-11.018613235666416,11.018613235666415,1.3349592685699463
A_72a36d4bb5fd,1960s,-30.130627074511004,-11.70644776575214,-11.770779322479388,-9.77855002920897,-2.090820044657478,-10.09518266469296,-13.716818007324607,-28.097083463269623,-12.0883731599296,1168.8375345164043,1916.015625,5542.96875,-15.166235724492074,15.166235724492074,2.001640558242798
A_72c98a64d427,1980s,-18.397202205302754,-10.020842448842387,-3.9075801899146025,-8.708890808141696,-7.904014620236732,-8.955847577416439,-12.720204221875651,-26.85993723005425,-10.891884892149225,952.1799351465827,2337.890625,6386.71875,-13.01388312632831,13.01388312632831,1.7835943698883057
A_736aa05759b2,2010s,-15.740173032649714,-6.182616223606129,-6.913979619528648,-7.139267452693751,-5.907356937699708,-12.078952717011617,-18.595937592878514,-24.737193537075115,-5.998572034411017,647.6565973360691,931.640625,5173.828125,-9.046763663880789,9.046763663880789,1.7619258165359497
A_73d2a7b1369a,1980s,-21.433986125341097,-5.996140412662228,-6.269486602976583,-10.100162562704565,-5.331439788334636,-11.827396329246369,-13.667427322425995,-22.233614594353405,-10.62539549810581,839.2096238353884,1564.453125,7078.125,-14.136903318482705,14.136903318482705,1.7822844982147217
A_73d7f02bd027,2010s,-20.716944788306073,-7.75468114100812,-7.890019522397537,-9.467166722808765,-2.7822327030076015,-17.381173805451372,-27.064588538242496,-29.940101963317723,-7.791105169584515,613.5296540148586,1042.96875,2244.140625,-12.928929294362725,12.928929294362725,1.8268967866897583
A_741f29c9bcdf,1960s,-17.807962370064374,-8.101295223019724,-9.216078156315135,-8.416614358242748,-4.282162280461769,-7.401314534640648,-20.110577715982934,-40.14247091989396,-7.733164759539003,1084.1513918182097,2185.546875,3972.65625,-14.586985478078864,14.586985478078864,2.8300209045410156
A_7422c217b2fb,1970s,-22.10059790505713,-8.677471331900925,-6.123757730715569,-7.679974624239982,-4.378247617076353,-11.938884670261782,-18.515000221991063,-32.7693319012692,-11.43269968469806,727.4873199728827,1335.9375,4195.3125,-18.743943706534377,16.44017722223728,2.545276165008545
A_74f30237517e,1990s,-18.480477477796665,-9.78332549635823,-9.570164823789762,-5.443391874183069,-3.1748621299364093,-25.233630586909655,-34.81644338202739,-46.861250416189584,-9.281399827188766,547.9456016697561,878.90625,1751.953125,-12.174915774699377,12.174915774699377,1.9884518384933472
A_750ae4b39fdd,1980s,-45.36640794251121,-31.471347693665347,-11.06864974269085,-8.398545205154893,-2.2309624140889106,-8.066375475262108,-16.635972231120157,-33.79822174566546,-35.7962206987123,1236.0245705800378,2214.84375,4898.4375,-15.12372584285057,15.12372584285057,1.986962080001831
A_7513cbec1618,1980s,-16.047962232920028,-15.517099961289277,-5.861123971888249,-9.838696785580867,-3.284790672933115,-10.123814470209878,-17.68148769711604,-34.83076953662804,-14.124910086676907,893.9433806458808,1681.640625,4453.125,-12.773912486319235,12.773912486319235,2.0671191215515137
A_756a9598f739,1970s,-16.283246360682355,-9.248677010891805,-6.211868629210996,-8.439164723662428,-5.6806317469654575,-9.245421159171999,-11.033972879273819,-21.574145348221574,-8.255772120325203,1240.508138436394,2619.140625,7113.28125,-15.310809918897538,15.310809918897538,1.3924636840820312
A_75873407bb36,2010s,-18.53830321542374,-14.102054442908535,-10.07999038848081,-3.8476018087365698,-3.898004851491085,-17.226139208837594,-20.61343347153119,-28.471478352629227,-13.050566852072771,631.0247773725854,1007.8125,4031.25,-12.245534429138269,12.245534429138269,3.431411027908325
A_75dcd8180be9,1970s,-12.034493293525673,-6.812514365647818,-7.950786658259106,-9.970787720350424,-4.4355028048456155,-10.492236296022499,-17.640263341816443,-28.29686266665827,-5.775391056538312,823.7207953531728,1582.03125,4681.640625,-13.132353751121178,13.132353751121178,1.6182645559310913
A_76190bcadd49,1970s,-14.079845769622736,-3.847986356169468,-7.990823716076725,-8.204040507107127,-7.713179928220427,-13.685305467470009,-16.60126022849674,-23.37017824588118,-2.5545508096848897,570.8936997980851,861.328125,6152.34375,-17.056081807754552,16.832421518440267,2.1773946285247803
A_766d8de6ffc8,1960s,-19.33394968361602,-5.355936742785912,-5.140497287709319,-9.498530854923235,-6.272808657421505,-15.230350156894408,-19.40405189169326,-29.058643096575963,-4.894452014909506,482.4115632015798,814.453125,4751.953125,-17.111160943721377,16.598801593756008,1.9225037097930908
A_76e032d00c9c,1990s,-18.71228266044692,-4.968589727040953,-9.485984224161875,-9.82678952337151,-4.286851930750233,-11.434507393544244,-22.92674858128937,-27.53820755000708,-3.741344907406398,796.3180806976793,1699.21875,3679.6875,-16.976212582972707,15.146214025118566,2.771242618560791
A_77012e405e35,1980s,-31.584105708457223,-9.503931839939412,-9.632920860538617,-6.9311406210212665,-3.8534565797576636,-8.5786239471058,-16.24567519292372,-28.404421392664098,-10.099042845629914,1109.9741169721403,2115.234375,4845.703125,-25.320152444307666,22.19457785944732,3.5576155185699463
A_770c3a38c547,1970s,-11.103620320298546,-7.2926280761533135,-4.581841400549017,-5.578144523667987,-9.890321843166255,-22.504857345106007,-26.668603390865083,-32.32929549741204,-5.192131271490327,289.4075155715066,421.875,1705.078125,-15.71614651761276,15.71614651761276,2.924926519393921
A_7731fa1ed35b,1990s,-26.4795958187522,-8.254673934143343,-6.505642351296892,-10.680237710857652,-5.152820600006017,-6.988929615831374,-14.923374962653618,-27.722059396230883,-10.368079223331668,1163.3166800825102,2830.078125,5250.0,-14.48913856401553,14.48913856401553,2.8915152549743652
A_779e7b8ae5ff,1980s,-12.490951679502649,-10.648369464723544,-7.5860319405070005,-6.265880030785289,-4.058032448940793,-14.824884857508039,-18.072951223291135,-22.538865490321662,-8.637094267801968,724.967200282778,1365.234375,5625.0,-16.95298230937051,15.93973400309489,3.0525004863739014
A_77beb6583a0e,1990s,-42.375019688728166,-41.45960622983171,-8.037278668160802,-4.191254944308687,-3.53879252718297,-18.91903864961244,-23.13818268223402,-28.577156779429064,-39.66189177247034,577.2356508664332,884.765625,3011.71875,-13.560452043982117,13.560186967621737,10.856757164001465
A_7802d05d835d,1970s,-17.245465658357148,-10.366395708619793,-7.4661376555018055,-10.01791205462708,-3.3846364026059392,-9.341613015639211,-14.952202978529979,-24.71611866842165,-11.378528688571286,1097.0350206214287,2009.765625,6099.609375,-12.60447179113941,12.60447179113941,1.6217467784881592
A_78260fae662d,1980s,-11.835391784567118,-7.566043988309522,-6.105492812381973,-9.153566674542086,-7.771077215212267,-8.785183151434278,-11.054024639604695,-18.283079502628283,-7.396566899637495,1236.1241202871952,2970.703125,8812.5,-14.490680736584917,14.490680736584917,0.9863595962524414
A_7927920e3086,2010s,-30.25242785078725,-10.600829081952883,-4.254228125718823,-10.291264668262123,-4.167407211521051,-13.173560723057992,-19.460125483410504,-33.3778927624157,-11.647386658982873,667.8100645773972,1160.15625,4335.9375,-10.740468019968468,10.740468019968468,0.6494196653366089
A_795b92dd8ac4,1990s,-16.11456891494454,-11.376927169918815,-10.367271716826782,-5.724900951913169,-3.8369901300841436,-9.98318883852452,-16.513288518186588,-21.451235824123106,-10.965868919135435,989.3722764869779,1875.0,7189.453125,-11.978837109441844,11.978837109441844,2.0093867778778076
A_79e81e05e9c4,2000s,-5.404314880980366,-5.755151016019086,-7.3196394064276245,-12.963299973352871,-8.19714504495061,-15.903146152787853,-16.08590820130599,-20.733712609192505,0.4448071095212994,542.5195050697931,937.5,7576.171875,-8.297764842343486,8.297764842343485,0.9172477722167969
A_79f185a3f4fa,1990s,-17.934077575531937,-7.501126513963211,-2.97224601366755,-9.656155609418901,-9.097334389711383,-12.825198961468399,-19.16450792257537,-22.15640621296044,-10.597529552482055,516.7240170767932,720.703125,6357.421875,-12.67986331834226,12.67986331834226,1.722571849822998
A_7a03468ed0c5,1990s,-10.456081153813523,-8.690958512981018,-7.032258236137529,-5.149288398577596,-6.668808742714598,-14.399043546064636,-17.75297185253315,-25.57504950686639,-6.414903085606541,575.0541272388369,779.296875,5712.890625,-16.941290315637893,16.679195014402996,2.6968026161193848
A_7a1aad4c53c7,1970s,-25.770983783381787,-4.407905669051387,-8.811674966674634,-7.918300994415653,-5.480092348710769,-13.311243540312423,-20.058752398707522,-26.359918941319023,-6.824163713573405,633.3971999571729,1142.578125,4113.28125,-10.897947197217464,10.897947197217464,1.9253807067871094
A_7a2fccd2830c,1990s,-34.95175940096865,-22.964390902119828,-6.916397590842549,-3.392110804464541,-4.899175469647891,-21.02799469059108,-27.64638530919911,-44.353705263561906,-27.9277074387926,476.24176816463665,691.40625,1740.234375,-21.467154822854432,18.243783200654644,3.1358461380004883
A_7a3821a6198c,2000s,-8.389612438762649,-6.820332413860459,-6.780600381107465,-11.266078140248768,-7.6451552413801345,-8.785760004741164,-12.88131389855862,-21.655654484964412,-3.4854548696274494,1000.1592155908825,2513.671875,7277.34375,-11.245495456783381,11.245495456783381,0.674460232257843
A_7a6bef50de47,1980s,-14.600293247291475,-11.253078374827831,-3.7426781969093414,-6.556503331927754,-8.227767399968686,-15.44542143240003,-13.291177777927803,-16.735537765266812,-11.588928568879771,826.3721197829882,802.734375,9814.453125,-9.090821650738366,9.090821650738366,0.906700849533081
A_7aeb0a97ce45,2000s,-15.969818412767625,-9.137627157189886,-7.314441056133107,-4.473238885204914,-6.139352103679865,-12.827846553761104,-19.08439937533778,-26.20820133399544,-9.708546108848088,620.9180409458052,773.4375,4787.109375,-7.989270063602819,7.989270063602818,0.5647097229957581
A_7b8d14786fb8,2000s,-9.024338077073114,-6.182161071355483,-7.802661887413624,-9.52596002652333,-6.695866771132471,-10.076857780857393,-14.207829571272459,-21.969427351213014,-3.6088668282684018,870.0290811285705,1945.3125,7072.265625,-10.992037594465824,10.992037594465824,0.6878836750984192
A_7bf94b448056,1980s,-22.31530609650131,-2.9019725617209478,-8.050201759177387,-11.215425063004039,-8.359241833399377,-11.291054028425176,-17.275401942258785,-19.859106043839486,-3.536280152233675,675.508435823826,1236.328125,8074.21875,-10.550414532690526,10.550414532690525,0.8787552118301392
A_7c61fdebac84,1990s,-14.610564737449632,-4.452556609895353,-5.907213187722018,-12.02745595643602,-8.04327141826797,-9.48237267952179,-17.649607500114506,-31.993454166836347,-2.3163282861402723,686.8794736693492,1740.234375,4587.890625,-14.33976382599877,13.813615783384524,1.4113094806671143
A_7c87d7895a3c,2000s,-10.114396048800241,-5.339528282841167,-6.382040700892929,-9.023978820210104,-6.869961358149271,-14.806266950802321,-18.8897514092191,-24.752323855433303,-2.7902137287180127,521.5084271163761,966.796875,5554.6875,-11.907384490432559,11.907384490432559,1.0665303468704224
A_7ca8d40b0aac,1960s,-17.545841419110943,-7.623507271591146,-10.368328584070689,-5.543046732029008,-4.208799709673695,-13.118469189381363,-20.282048097169966,-29.690777189099208,-7.549534584829118,637.3441856721015,890.625,4142.578125,-12.430722562373058,12.430722562373058,2.521611452102661
A_7cb8cd14a5d4,2000s,-17.188266973675887,-8.500876521718682,-10.329887694348539,-6.740618651347143,-4.17264800287974,-9.079661408945665,-16.638582084348783,-21.36837672196758,-7.661645706989346,1028.658801586867,2050.78125,7166.015625,-11.594556182216458,11.594556182216458,1.7933655977249146
A_7cd5ea46fd32,1970s,-20.425947863794704,-11.416956844705306,-8.020745007980203,-7.46891136858771,-3.531070059668263,-9.429463579895256,-16.370583108553877,-28.759613326948813,-12.319276756259242,1040.645116620414,1904.296875,5355.46875,-20.51195328818755,17.24814897213608,2.2170960903167725
A_7ce8e93534ef,1990s,-10.416110558298296,-4.411807983481909,-5.921158896403957,-11.00214774467724,-7.982193700701465,-14.738009763891085,-17.887419726717845,-25.427732909455536,-1.727648443641483,439.9602958184763,621.09375,5414.0625,-14.313885697937273,13.485422307049488,1.0514006614685059
A_7d5d79eabf2f,1960s,-14.250530158017128,-9.327074634180835,-7.888615604734074,-7.329337116456049,-3.294754139793781,-15.639171545305675,-26.629022542999326,-34.80261958000674,-7.982595085588025,596.752623744818,925.78125,2783.203125,-9.175321015537207,9.175321015537207,1.237703561782837
A_7e251e3743e5,1980s,-7.499979659960596,-6.175517894902002,-10.557001883409091,-11.271336052198981,-5.902899876145949,-10.135432686015005,-12.406355130948729,-21.493963547931823,-1.799165815313986,1013.2962086997479,2167.96875,7488.28125,-14.163509938045609,14.163509938045609,2.30614972114563
A_7e3e675f8da4,1960s,-19.438100060610484,-9.774016627494822,-8.88439420598437,-5.630369504132354,-4.088541412002468,-10.710960107589028,-23.033678843577498,-32.67659860912189,-9.270926746178493,732.7800789549707,1593.75,3632.8125,-15.019735913061854,14.35677255833635,1.1706212759017944
A_7e5607aa5520,1990s,-14.62780129595454,-7.583662476908524,-6.197218740950072,-8.300830665079088,-4.580748674609274,-15.805391530036612,-16.438713702072867,-22.261937020384032,-6.933273354379875,695.0029903468456,1066.40625,6978.515625,-14.149078801712584,14.149078801712584,1.2826615571975708
A_7ec32c3dc26f,1980s,-17.273591497075202,-9.269267045821355,-7.110261652208223,-8.9175418939598,-4.381519877818329,-9.347072225625876,-12.791809959883087,-21.75081263283139,-9.392824000944845,1170.226518166789,2226.5625,7394.53125,-10.398239073929647,10.398239073929647,1.1239430904388428
A_7eca6c763e94,1960s,-10.9077538311728,-10.86789863831269,-8.030452785840211,-6.361550692090267,-4.260343495289462,-12.580271642862266,-18.26253109057816,-24.681215510995717,-8.590790456986765,730.9158215332978,1318.359375,5250.0,-13.867565604296498,13.867565604296498,1.8809243440628052
A_7f07754d1aab,1990s,-15.285007477941125,-7.20136532437894,-7.727338152460014,-6.329295659191642,-4.773275501596939,-15.040634548745357,-19.827868250161632,-24.70277577862919,-6.473845794463239,600.4959149262738,914.0625,4705.078125,-15.739111613135826,15.739111613135826,1.7032592296600342
A_7f9cd2546f53,1990s,-19.888064831434097,-5.9975671903977865,-11.211867528950048,-7.221370451134767,-4.0394490272078905,-12.100864143411759,-18.834752930212304,-24.071754420635493,-5.1163161848981185,681.4627388085016,890.625,5132.8125,-13.978107005999572,13.978107005999572,3.0655159950256348
A_7fc5f58ade7f,2000s,-30.05597845279617,-20.775895357535667,-9.620905862478244,-8.875675446566364,-2.426030005739995,-9.018914652547517,-12.749533996501581,-28.129669588914258,-23.11318728204027,1358.1365920560334,2173.828125,6468.75,-10.628660029246637,10.628660029246635,1.541877031326294
A_7fe7be7d92f0,1960s,-25.23324559296099,-14.66780295364982,-6.257943905163015,-6.311106656832557,-4.665878608990143,-8.425075098309641,-21.525970001587304,-41.396083432130666,-17.2148170694645,927.4898041612537,2027.34375,3867.1875,-8.526155940997528,8.526155940997528,1.0027973651885986
A_80294dd87544,1990s,-11.56088275998049,-5.1174257707398505,-4.6988554478942985,-9.357845766858881,-9.082895626482895,-14.516887305322744,-21.254377151901682,-29.271750639953172,-3.817286951151199,393.82422189730835,568.359375,3785.15625,-15.404162403417704,15.404162403417704,1.5458041429519653
A_80802527f56d,1980s,-18.50701656582744,-10.330940390773504,-13.993401556884145,-14.69793475196303,-2.8681607461004783,-7.523805402960547,-10.08122487687746,-15.555713138218257,-11.941979937156418,1996.8854323677983,3632.8125,9521.484375,-28.505959108262427,19.62060352886968,1.173841953277588
A_809258f7037a,2010s,-11.393621000395726,-6.712482487426554,-5.430939807280336,-6.836848905320652,-7.484208145908344,-14.783745443682639,-21.551920760275436,-26.906053048311197,-5.200676126292887,470.7963426907541,703.125,3726.5625,-8.42184608441977,8.42184608441977,1.4221183061599731
A_81288c63ee71,2010s,-8.896606157301918,-10.375734570544914,-11.27031890177875,-7.96772512855327,-3.3142970748087826,-12.846539387473307,-16.30460942030512,-24.541049648525256,-5.651724800333428,835.0872653773266,1335.9375,6421.875,-9.04257929703365,9.042579297033651,5.07074499130249
A_8153b065fccb,2010s,-13.111646449028642,-8.988909905992516,-5.604716429173948,-5.968281854801415,-6.821111102618179,-11.948872917809268,-17.422007497624627,-21.598531053221706,-7.091292966245578,714.0653463179518,1183.59375,7365.234375,-8.575596199345343,8.575596199345343,1.1669871807098389
A_81b70f4b795f,2000s,-34.86765095363394,-11.679231554682154,-4.3672287149509454,-3.2996557766890637,-10.968457170169653,-18.966642863569994,-23.67118075209416,-29.39719347923774,-13.935104199613537,371.80864430636825,421.875,2853.515625,-18.041913037492783,17.652122235932527,2.8624556064605713
A_81be887f8d4a,1970s,-21.13810999667241,-8.48605581098203,-7.359688227233678,-7.554298483207593,-3.8964252446454513,-11.221744578394189,-21.453473027060582,-30.17062574392096,-12.157415311052537,804.1970378951161,1494.140625,3726.5625,-11.258277587964653,11.258277587964653,1.4650927782058716
A_81c059ba1dde,1990s,-17.744699213123273,-4.248143730086438,-4.38959077379393,-8.71606428617652,-10.05202332977392,-22.809031329503256,-24.947240652410045,-27.963083435630885,-5.710636634391467,285.8700496708521,328.125,2003.90625,-11.527009311455515,11.527009311455515,0.8016989231109619
A_81db0c8f99f1,1970s,-22.74388591657182,-5.200169921072728,-7.457584225248176,-10.77978426194184,-5.479979438046536,-9.580717491767858,-15.307149259959502,-21.66039298667977,-5.275680441529947,909.2962538630653,1968.75,7230.46875,-13.972678634910274,13.972678634910274,2.1164984703063965
A_81fba29c8599,2000s,-6.6726298366891745,-3.223135920205498,-11.222000088405617,-12.53996604450444,-8.354262452220599,-17.21534489918646,-20.83999098312841,-23.697358932567518,2.404688777091907,386.11098052286974,691.40625,4787.109375,-9.071011919430017,9.071011919430017,0.7950972318649292
A_82a0db05ff44,1970s,-11.798675599415269,-7.994960607116708,-6.57976236844071,-8.59665064288863,-5.00221282201021,-10.997882302363793,-16.917621084246303,-28.47342845781479,-6.7889329793914435,751.8981742482338,1576.171875,4951.171875,-11.60079997350813,11.60079997350813,1.996335506439209
A_82f663e749c8,2000s,-37.60399355660556,-17.12678839504614,-10.838477104596958,-5.2782468727367196,-3.0434201823860145,-10.073520752123521,-21.64936333789237,-44.049068237142556,-19.190222501894063,976.905038724872,1751.953125,3908.203125,-15.85888293834212,15.85888293834212,2.9198713302612305
A_8328453ba50b,1990s,-15.068671751457765,-5.5221371598761735,-5.482302697517218,-8.713607322904803,-6.475452295957976,-14.17362520143362,-21.811707861369186,-29.898470540184796,-4.3028253154033065,512.0436252331031,931.640625,3750.0,-13.734810340415615,13.734810340415615,2.0322041511535645
A_83d3266dce94,2000s,-11.809609895152544,-10.475281909551972,-5.459928416475941,-5.902898364515657,-6.237843087250454,-13.321923629855373,-17.97621432887581,-25.45478082087405,-8.157542391169923,696.0832692347338,1324.21875,5068.359375,-8.933959495483581,8.933959495483581,1.0562351942062378
A_84dda25b4fcc,2000s,-20.766591941199806,-5.96835704888999,-4.942704512485132,-6.909102608850204,-8.65534017710958,-13.17796416174854,-15.779447151591615,-24.443476982712177,-5.648498361642615,587.1443604396876,720.703125,6773.4375,-10.13217246697268,10.13217246697268,1.2725118398666382
A_84f7ff0da211,1970s,-13.749113195234472,-3.712002438724602,-6.693916687182268,-10.417957386862856,-9.754120306196274,-11.831725702480922,-13.13865166637051,-21.22539420214747,-3.1815927895761416,762.610770269568,1470.703125,7552.734375,-14.378999231802931,14.378999231802931,1.2227630615234375
A_850dc77e04cf,1970s,-11.593564020140876,-7.424058624956375,-6.007201832958704,-10.361189782511147,-4.492311620861993,-13.396628379985323,-23.286704565662863,-29.669131207401513,-6.124060995082696,663.1418655709572,1376.953125,3292.96875,-12.009478102237871,12.009478102237871,1.0857685804367065
A_852883db0fb1,1970s,-24.067490621593205,-5.008187874574324,-7.625040029379164,-10.67482937327494,-5.68581382143135,-9.005106696808097,-15.986197146220036,-29.660965943574272,-5.076862008346877,863.6571745814929,2068.359375,5126.953125,-19.492525639563215,16.333838712670794,1.5533229112625122
A_85d88af4e6ac,1990s,-31.62184584671923,-15.367201654823301,-5.686544829541781,-3.1312136914471393,-7.212754249974199,-16.77719467368155,-25.99605035200323,-33.113149895824264,-17.60499583832475,453.9506713312904,591.796875,2660.15625,-19.92850912912845,19.891053288870943,4.026279449462891
A_8602678e1f0b,2000s,-17.780906102390613,-6.122541439867729,-6.844492801684123,-7.364938936177832,-4.890446421631115,-17.918456674355607,-22.699899458517358,-25.143245717096775,-6.711194952678503,501.3850191991364,761.71875,3662.109375,-11.474571603950869,11.474571603950869,1.479059100151062
A_866b45b79cf2,1960s,-17.526171164459022,-4.633709263834658,-12.600191516168112,-4.693260019038592,-6.802295504804014,-17.69711872784488,-20.019597455629324,-20.873522822624267,-2.9137496662330733,502.5416998423618,626.953125,7482.421875,-18.743137318747404,16.72458092996607,2.557168960571289
A_8772cf04b492,1980s,-11.876092229709638,-3.035396294152694,-10.155191548531066,-14.674812514677388,-9.611594212791175,-9.190484060643303,-11.937801165335905,-18.68498249758496,-0.30736939298416155,1043.419016497477,2578.125,8396.484375,-8.814042991905662,8.814042991905662,0.4590187668800354
A_87982147e907,2010s,-14.508419315614294,-5.326141116043091,-5.6124592750666,-5.633119835435474,-9.920010224612753,-18.729514819239785,-21.781871762464675,-28.596880013962757,-5.265904998419936,350.4176762212759,427.734375,3410.15625,-9.885915539433874,9.885915539433874,1.6492866277694702
A_87cf63ca835d,1990s,-13.19469113840813,-6.570163702647074,-5.8973033962793195,-6.92008916717767,-7.464281676787062,-10.968739860826922,-19.3763557493778,-32.87314560142718,-5.135308167163851,612.453603573521,1330.078125,4341.796875,-13.7963553055029,13.7963553055029,2.0475785732269287
A_887e45a97ec2,2010s,-15.037805973400323,-6.19237881216713,-5.296843007784279,-8.356980833388475,-6.298373003533408,-13.689225810598892,-21.01787664339438,-27.344789290688137,-6.0183489351871176,524.5073075465625,849.609375,3955.078125,-8.851480202582206,8.851480202582207,0.8007274866104126
A_88c6a2b09f18,2000s,-47.51425444459991,-26.05338669702512,-13.456659347507342,-3.5784107847237703,-3.0433208029690224,-18.35148428470635,-25.878560802483474,-35.51641992010319,-32.694114313161506,551.6012102925985,626.953125,2519.53125,-13.53211949209996,13.53211949209996,3.392613172531128
A_88fc65aa1a4f,1980s,-13.62340419215357,-8.584398124007894,-7.188027426128202,-7.667784202014909,-3.720720116204148,-15.542131559401799,-25.1764300513423,-34.09346405586546,-7.610147314163602,596.2977073067706,1048.828125,2970.703125,-30.283462871321994,17.924806760138143,3.5933570861816406
A_890aa4c8fbce,2000s,-13.986795302523491,-4.693880953650092,-7.630692651632055,-10.592875547643722,-4.505176339848582,-23.797171590133726,-27.16081301145364,-33.32003728136829,-2.8741378664395,386.45495381422603,785.15625,1546.875,-11.954151157495701,11.954151157495701,1.1510818004608154
A_890cad57c07b,2010s,-11.467016720597112,-6.927624648730958,-6.861553671057319,-7.689164181643518,-5.880863899082128,-11.56828535561242,-18.643855400929272,-20.959068571119452,-5.0311399126528,719.6277232261567,1359.375,7341.796875,-11.95708962991695,11.95708962991695,1.650384783744812
A_89c9151d33da,1960s,-11.952665656666998,-6.766174096352376,-6.574607326583974,-8.299687777487657,-7.301593498046918,-9.81302842566372,-11.803350373522372,-29.54267707747284,-5.080781078119029,958.7700473399439,2314.453125,5923.828125,-9.662620586028757,9.662620586028755,1.2892500162124634
A_89dcf5493574,2000s,-9.667882263358766,-8.790660720506121,-10.002169073817107,-7.829285664723431,-4.17636782699671,-10.799193771350206,-15.682886109051324,-25.731013595153502,-6.182937062060162,888.012887858488,1669.921875,6117.1875,-9.19909375157852,9.199093751578522,0.8874583840370178
A_8a204a01316d,1990s,-10.615357777617895,-4.758371659183666,-7.6110966349291935,-9.922121015636034,-6.850010527456092,-11.317250973177925,-19.642859890608563,-19.0264978626122,-2.799192195314026,703.8569600074622,1400.390625,8941.40625,-11.91733341256586,11.91733341256586,1.7189658880233765
A_8a6e972ac351,1970s,-33.761784235860375,-14.475758829656563,-9.702211540459421,-5.339868194032352,-2.5257475125170092,-22.82367878252973,-38.526143231915185,-61.28870419261504,-17.96626983742322,547.7231118046992,802.734375,1429.6875,-16.742634851154918,14.786722968079602,2.492856502532959
A_8a8da113a39b,1980s,-10.018215532955935,-6.885027737418171,-7.238247239039099,-9.0250887355279,-5.183876463646855,-13.840661404021308,-16.022847008104165,-19.17464504802448,-5.091694150498817,773.5141598087534,1283.203125,8302.734375,-13.215592614185631,13.215592614185631,1.8396588563919067
A_8a9c9e9089a9,1980s,-23.344355325711824,-7.6602687613026434,-4.803300876740774,-8.861415480253719,-6.652165862824235,-9.75544354892026,-14.853023805275225,-20.724772389311568,-8.361770723179875,909.6578114070974,1974.609375,7757.8125,-17.11206031440717,17.11206031440717,1.858062744140625
A_8ae53b98c8f4,1970s,-13.246682916415551,-6.898699202554715,-7.050871161283524,-6.395880292689553,-5.653842041608106,-14.90706887657684,-18.97762614118128,-23.083380066777885,-7.003006315488525,592.5261561161626,955.078125,5707.03125,-13.621357092525383,13.621357092525383,1.5536020994186401
A_8ae96c404d07,1990s,-7.323719682649173,-4.046766115158541,-8.193586354252709,-9.17997907144985,-9.520660825972728,-18.610944913966897,-18.11174548218864,-21.126271196599895,0.30297265472659685,422.79939182117676,492.1875,7335.9375,-10.63463220461417,10.634632204614169,1.2126727104187012
A_8b275d53fb89,1980s,-6.706198066300814,-6.907950100643845,-7.100427706793047,-5.333446688965989,-10.91246336232409,-21.142747377453244,-23.40144087993196,-28.012918662247372,-2.212642324316221,279.84789343463723,298.828125,2847.65625,-16.147685616486832,14.831648369002837,2.3731906414031982
A_8b7c2ce2a867,2010s,-14.666560930626563,-3.9582497051124834,-12.906990523924948,-4.802227641433765,-8.236749931625237,-15.947857138316499,-22.13189990865792,-39.50726813671966,-4.879170602619483,421.5002128332696,562.5,3310.546875,-8.960208632303484,8.960208632303484,2.805445671081543
A_8be041613543,2010s,-4.991277344990584,-6.467805037246808,-6.246937648521205,-14.590029233805478,-9.131827595192375,-14.587388621454751,-16.972045843240593,-20.67735655414161,-0.28876152165648206,506.68047682724557,785.15625,7646.484375,-5.739385431376149,5.739385431376149,3.5727908611297607
A_8c6f9f7017a4,1960s,-19.615336274267722,-7.577410481822399,-5.829687879557913,-4.569518464693141,-6.938238033994082,-28.731434751614668,-37.65300347023933,-41.047815936285694,-7.66376296107577,371.4226182672132,621.09375,1687.5,-12.983439414965707,12.983439414965707,2.45068359375
A_8c9c6b7b1166,2000s,-15.778873869645437,-6.889650098462389,-4.123791162540803,-9.135048146529241,-7.449605498254085,-12.635094442287944,-17.057519937330458,-22.332193915104945,-7.034586705761502,617.2370197067871,867.1875,6802.734375,-9.236097172289886,9.236097172289885,2.332167863845825
A_8ca2e0da9ddb,2010s,-22.732181510414012,-10.661988323638369,-7.460105827823858,-10.766041674841,-3.403503719336575,-8.580052188310995,-13.03305524846529,-34.238866364179785,-11.141686930985163,1209.5464783421792,2595.703125,5677.734375,-11.581940623021246,11.581940623021246,1.1127727031707764
A_8caa1b6f690e,1990s,-20.56930070614886,-8.667802869571084,-7.310562485510447,-7.641231581725857,-5.343156260415224,-7.300936456661544,-17.464790628951565,-29.449601192914137,-8.315017505029228,1016.956881429638,2378.90625,4482.421875,-13.095063699996686,13.095063699996686,1.18284273147583
A_8ce797c92380,2010s,-8.698939266331752,-7.114838454027802,-7.066345397443218,-8.389289970675083,-6.831855189211309,-12.65560311652807,-12.949991765642663,-17.697528125386818,-3.9846638865724553,951.8480994808401,1664.0625,9152.34375,-10.488617165834073,10.488617165834073,0.7428856492042542
A_8cf2e73edde7,1970s,-20.764689175123294,-9.19381722143125,-5.046369937155029,-4.05413340868988,-8.398233261522186,-18.792411581829537,-22.02824505474805,-29.60752657634704,-12.609811065019233,399.4477599684804,539.0625,3275.390625,-12.636060469171738,12.63579539281136,2.4167165756225586
A_8d5bbbd2c31b,1970s,-14.510654409533398,-6.961177876003606,-3.4997523278091154,-8.06732379666284,-9.637614671657214,-15.463512012792238,-16.867593241365093,-25.477110014042488,-6.811991902420672,467.9992517323245,533.203125,6451.171875,-12.112979148875663,12.112979148875663,2.7321789264678955
A_8d7ad68e803b,1990s,-31.46214650067348,-15.685321538684583,-9.334459467502592,-5.241080651502648,-3.011839927024675,-14.578437665844525,-18.019504707339557,-22.133070355015466,-17.40323330021251,836.9642540150955,1160.15625,6562.5,-10.572316212075666,10.572316212075666,2.850869655609131
A_8ddc8ca4a807,1990s,-17.757695471224025,-4.280972449475508,-5.3284157246125075,-12.57505227025505,-9.414668211674302,-9.190055209761061,-15.97960932625383,-28.41399484726729,-3.948463487959075,714.5223063403669,1968.75,5888.671875,-9.924630854053335,9.924630854053335,3.978280544281006
A_8e2643e487b7,1980s,-8.785890162052562,-6.579983490288025,-8.130626958144587,-7.94840776874787,-6.599071785133185,-12.478413579037543,-12.691462049747429,-23.338802686852908,-3.411564293632132,820.4556782236323,1201.171875,6697.265625,-13.196293571665903,13.196293571665903,0.8385365605354309
A_8ee4fe287102,1980s,-12.863803302488584,-6.889370265601285,-3.179389882896246,-10.377937051630157,-8.689067899123291,-16.75719777628268,-19.320327907383543,-25.217467966353887,-6.781397268241761,399.59029242913584,562.5,5126.953125,-18.895885007910458,18.895885007910458,2.8742482662200928
A_8ef8d793323f,2010s,-13.309152195958628,-7.872764990061869,-8.77491634556603,-6.745948989122957,-4.361068835721776,-12.203305883224173,-17.286096446957288,-31.247747513402885,-6.286709343427084,752.0816561504221,1300.78125,4740.234375,-11.522940671909943,11.522940671909943,2.5015268325805664
A_8f042e3a2e41,2000s,-15.79667259609649,-10.075673922056996,-5.981776234316931,-5.190241205177321,-6.062953035684736,-16.65059463285795,-14.072561297757545,-19.15930490455169,-11.15808530264436,783.5040045999799,908.203125,8285.15625,-9.850062916651103,9.850062916651103,1.9828641414642334
A_8f40cd793aec,1990s,-14.056216287029955,-5.631164128350012,-8.78993872934709,-6.632772360638982,-6.177135000042798,-12.101238924608301,-15.536424707294723,-21.399714366665798,-4.212851784406107,726.643934389988,1037.109375,7429.6875,-11.36640087845972,11.36640087845972,1.5876747369766235
A_8f448541b084,1960s,-16.96845249834673,-10.337266129884426,-12.22558317583241,-8.545209831382154,-2.3629891858314993,-10.842523931258528,-16.27604704767923,-28.606877854602224,-9.925973796095638,1041.7685558185658,1652.34375,4728.515625,-17.040290098614864,15.790008803444088,2.754277229309082
A_8f4c3b8af9e7,1980s,-7.553520286702907,-4.9251336542797155,-6.093324516396845,-11.522683886952468,-10.26413203292057,-13.48290157468847,-14.385772762551483,-19.59459005860942,-2.1072780416293697,642.6440411299988,755.859375,8173.828125,-26.916995648744685,25.542467340914357,6.511773109436035
A_8fee40a758d3,2000s,-9.900533809683852,-8.093306179165939,-6.312035587899592,-5.051121657421474,-7.560141988918393,-18.72755062128739,-23.03084703298464,-26.02357467779777,-5.066577477643297,393.6149450703878,591.796875,3152.34375,-11.261464940191248,11.261464940191248,2.7428300380706787
A_90040e5eeea7,1980s,-14.600000212794876,-6.672003631269197,-5.972481929606378,-9.856636960984805,-4.877977374592423,-12.77142454192582,-19.155025642633962,-24.21110978618161,-5.9608813543496115,679.036083859875,1242.1875,4687.5,-14.631911378053823,14.631911378053823,2.0413496494293213
A_902d6ef59ac6,2000s,-7.952571882860132,-5.709738173728348,-8.530624403806526,-8.54238449734767,-6.34340622676585,-13.515690189734993,-19.809756849117825,-23.946967654033454,-3.6865869513821443,579.4729203366354,1113.28125,5273.4375,-9.679682181154558,9.679682181154558,1.5489684343338013
A_9033bfadde26,2000s,-39.01944705712944,-14.208928315849176,-8.96300076239734,-5.600103373828178,-2.618363418821434,-20.70493741855559,-25.21139476146285,-30.90458720160509,-19.371126906245053,698.1540695377238,1160.15625,2337.890625,-11.706001964506193,11.706001964506193,2.148695230484009
A_909c7841b65c,1990s,-19.59035308312696,-6.31117308154036,-5.725584876347859,-4.888238377191943,-8.244950481629362,-20.02840190325216,-24.74601862787377,-42.11983042941591,-6.2652344958768245,339.5628742253655,556.640625,2982.421875,-14.837437652551413,13.613136868322366,2.1127524375915527
A_909e6ea2b0f7,2010s,-15.255945776527373,-6.97677204900212,-7.075872987070037,-9.874178453142004,-5.138455037460844,-11.486300409470376,-10.713706619340861,-20.75141522380154,-6.148298776112212,1153.546587462017,2238.28125,7763.671875,-11.55748707282293,11.55748707282293,1.470609426498413
A_90b19862935e,1960s,-28.090788831854145,-8.47659507998006,-6.539336966992957,-4.309379947314886,-7.771643181625979,-10.544213917758674,-20.77814800298649,-36.65782952617226,-10.95731546472141,658.9544215121322,1294.921875,3890.625,-11.009653701388174,11.009653701388174,1.039200782775879
A_913a68292b36,1990s,-9.904195607525835,-4.1867352198024115,-8.061706137158334,-8.939303870566862,-7.98282080463172,-14.497695818935739,-15.808479945383977,-19.344093098892596,-2.5750291456530556,630.5652800829336,773.4375,8314.453125,-11.815850820595228,11.815850820595228,0.794121265411377
A_9218691f5446,1980s,-15.822405985391146,-5.939491958348274,-16.650959758197736,-10.591823419321663,-2.3963461398951273,-15.488155904662008,-22.895693879602543,-30.37017366193131,-4.308270242536968,751.6869143642829,1183.59375,3345.703125,-16.44133752423173,16.44133752423173,4.875503063201904
A_92250c704b13,1990s,-13.199522303250111,-7.350281538110622,-5.8751925857783815,-6.943062098954415,-5.896473652649038,-14.001725874845505,-20.692116363471214,-27.387431046853862,-6.822305861427167,526.3094523952626,773.4375,4089.84375,-18.068105709875876,16.579491315698526,2.529167890548706
A_923ef309ad7d,1960s,-16.075308704489487,-5.525788417060847,-9.093147106760252,-5.886442232694278,-5.268189627596374,-18.976335029342394,-24.046132022111635,-37.1833012107809,-4.515855281931984,385.2864986036451,574.21875,2402.34375,-20.00211751401106,16.31801955123329,2.837480306625366
A_93026d26deed,1990s,-35.056563929057624,-15.276345787999471,-5.032882381507722,-5.478487190290165,-4.741021698319628,-14.634406490751566,-26.099148008379657,-33.763830844297296,-19.29888661698568,593.4363066262775,990.234375,2970.703125,-18.89576589962233,16.915582916385983,3.9616711139678955
A_93cb0fe29355,1990s,-18.602456475410794,-10.770395919626912,-9.119543282441159,-6.723671140368097,-3.256133661838894,-13.29331332273141,-14.575917309172537,-18.809316758190217,-10.6777331536559,1047.8905679625218,1570.3125,8531.25,-12.456323366703675,12.456323366703677,1.841036319732666
A_93cce024aad8,1970s,-12.424542329770356,-12.167704290082074,-9.211677442268963,-8.910949094319893,-3.6789524783372296,-7.613379886049827,-15.675186050724466,-23.275884974227502,-9.230118989351226,1223.0486098654314,2308.59375,6996.09375,-12.231750471742451,12.231750471742453,2.0198681354522705
A_93e2dd36551c,1990s,-17.130125016026188,-7.396095725896066,-9.79475568039517,-7.013735153511883,-3.8620373452585017,-12.585210924273426,-17.2004289441644,-20.170158665764863,-6.948804976945969,881.2230810903211,1400.390625,7916.015625,-11.997541700657365,11.997541700657365,1.4116973876953125
A_93fa97dbea09,1990s,-15.470793003662653,-9.889131920330158,-8.792200128171967,-7.479604506125664,-3.535112725748481,-10.97579366970522,-15.16868344526612,-23.07067247688859,-8.790526501398212,951.0164983380826,1558.59375,6755.859375,-12.911825799995075,12.911825799995075,1.5691115856170654
A_940abe4dea78,1970s,-14.875239224460948,-9.048446608966454,-10.473263327043687,-11.05857062565847,-2.0627314262258873,-13.399067316472408,-24.109166779806,-24.678148433432632,-9.14683911372716,873.3608754307267,1546.875,3562.5,-13.854489471556683,13.85448947155668,2.06535005569458
A_9483bcb3dac3,1980s,-39.32691869963363,-34.83065075098396,-10.783738758717583,-4.652452230670349,-2.92295144358396,-13.752569473636099,-17.04021807236765,-28.476662661135343,-37.020633040702066,834.1244264770706,1048.828125,5044.921875,-21.12217606113316,18.079774939682004,7.212158203125
A_949ef930b11d,2010s,-10.621800946491858,-8.030641529262457,-7.099926188726073,-9.084633933049007,-4.787685350629496,-10.864608268101453,-17.331368208616613,-23.003679103226794,-5.868972682269026,806.364883934425,1611.328125,6644.53125,-9.613281551137499,9.613281551137499,1.3315272331237793
A_94b6952de517,2010s,-7.649871179861137,-4.775237349927551,-9.183948480443643,-12.733258168731592,-6.869529507995539,-10.806016644060755,-15.326168636672573,-24.93915200915662,-0.8290048675283189,713.5599176772096,1570.3125,5666.015625,-12.536164909768688,12.53616490976869,1.049690842628479
A_94cf572dd814,1970s,-26.796696445812312,-13.06445500994128,-12.58645396004531,-11.372777701293451,-2.3630502922677743,-6.943302834661246,-14.279990737383297,-31.71315080444114,-14.431466221507907,1449.972382690727,2625.0,5308.59375,-17.929413978888135,15.889763539410273,2.210648536682129
A_94d4b0591568,1990s,-19.42493432829305,-11.43907187465788,-9.999082051108259,-4.574164319313806,-4.823482340891141,-10.182423031894226,-14.841347861744321,-20.029965533399658,-11.31988990370337,1045.4174063270796,1863.28125,7986.328125,-11.005971923601505,11.005971923601505,1.7587623596191406
A_94e605d8092e,2000s,-15.468047810273164,-8.436301422817802,-7.3724747562154445,-8.170694697046589,-4.147907841379937,-10.221284325584026,-19.336889082359953,-28.860165901105116,-7.6241715375232655,789.3059545302865,1394.53125,4617.1875,-17.869147716955638,17.152230998639407,3.6652212142944336
A_957ecc3d0e94,1980s,-20.28392426972324,-9.752241181014561,-3.2343649911427153,-9.978740138852642,-5.997405489399262,-14.543758088657304,-17.24072903879381,-23.901400071711493,-11.093714127453369,644.2146085694303,1242.1875,6667.96875,-18.142889985668322,15.673400498669203,1.8132933378219604
A_95983e532315,1980s,-24.67735365161176,-9.84388691998381,-7.380769269096607,-5.092752304519651,-4.502999091368434,-13.73004478777897,-24.905970855256292,-33.50089152685432,-10.308071145193626,624.3758903980502,1083.984375,3281.25,-18.411763869057648,18.21336156656594,3.6927804946899414
A_95d41ed52dd0,1960s,-17.06079880882401,-6.609596939898391,-7.768476887168923,-8.482565910938769,-4.940405150427994,-10.165500584021599,-14.775526417523341,-25.400352020611706,-5.717462132717835,936.8943404152808,1787.109375,6814.453125,-13.300999041640013,13.300733965279633,1.8697456121444702
A_96497acd19ae,1970s,-7.300247539071756,-6.844188326907416,-8.747808891511722,-9.721127112326203,-5.551625460489918,-11.08209613511651,-20.569591221835296,-27.664828327860413,-3.1663163343415732,679.7556760804391,1646.484375,4242.1875,-12.53062177000029,12.53062177000029,2.665440797805786
A_9667efcbf008,1960s,-34.05124843503633,-12.234187193479682,-11.370601969787547,-6.887699864618605,-2.1928476068095817,-13.241554334609784,-19.741334052860754,-32.5118499106467,-17.441078161598803,820.6247740367297,1189.453125,4160.15625,-18.163627518099588,16.677215229200748,2.2425167560577393
A_96b93e48def2,2000s,-16.56965791787599,-6.552665972860957,-13.08587082081987,-12.124056942312047,-3.4497057093430246,-9.11747405200305,-12.138887148007683,-19.661886035937712,-5.846375571701261,1326.5142490814962,2437.5,8138.671875,-14.292232854006885,12.817136867626868,1.724661946296692
A_977436e01799,1980s,-9.725442493890817,-5.506738447110101,-5.641019794358138,-8.030051065168545,-9.524568857031358,-15.005041556864,-15.189886882446665,-20.74808985175123,-3.5476731775287433,590.6491099663491,591.796875,7716.796875,-16.833928003573007,15.214391168640233,1.6401628255844116
A_97d02aaffc22,1960s,-18.439416989827627,-10.323436035001718,-4.0597474354142,-7.308755783273236,-5.467993334514815,-15.816799335419716,-23.844279166798184,-39.957044432233275,-10.095441645396228,473.1869029744849,767.578125,2912.109375,-16.875571294808932,16.875571294808932,2.1146724224090576
A_97da4ee18fa6,1970s,-11.278601771347581,-6.420842838307948,-8.414084332851331,-9.587824651978178,-4.007165542412671,-15.02486934913663,-18.959882717871963,-27.253642597941194,-4.789218957298457,642.7788333176945,1125.0,5085.9375,-12.595279657304099,12.595279657304099,2.1913723945617676
A_9886c9203cd5,2010s,-9.213758848938722,-5.05750906923565,-6.367369087476891,-7.311564907660795,-9.015140129292174,-18.604344946655957,-21.23587338450653,-23.196611795749078,-3.175030975136339,373.49518459958153,515.625,4898.4375,-10.048210784320906,10.048210784320906,1.7635905742645264
A_9948a58d98f9,1970s,-13.82042725116518,-6.1995198812362275,-6.738499035335389,-5.897430714818331,-6.433279343878608,-17.44493434473312,-24.59711018006579,-31.67245317025862,-4.651047740183881,429.4603257579381,773.4375,2958.984375,-16.819037244763596,16.819037244763596,2.5894932746887207
A_9949ae54ac55,1990s,-5.126123907348218,-3.4347388169842805,-8.509870980165669,-15.089368351166659,-13.825189742573547,-20.11336299500573,-18.860174070513366,-24.84644373583119,0.8951703413090879,264.31333522024175,158.203125,5636.71875,-14.477976788831608,14.47797678883161,5.941822052001953
A_997cfc04c41d,1970s,-14.801741369991458,-11.535840527763641,-9.727001627307462,-6.112484918019217,-3.459804907025952,-10.861931201472304,-19.348001023959284,-30.097150167764074,-10.620164717137897,858.3850743022269,1587.890625,4359.375,-16.536060657233072,16.53579558087269,2.591418981552124
A_9a4814a5b0c9,1960s,-20.93051418021934,-7.3921503201007095,-2.8049348376679637,-7.877433519289152,-10.688697289438062,-15.413190113220047,-21.18857016705013,-31.562864495797875,-8.778890692809712,375.9459242742581,398.4375,3638.671875,-14.972534880816976,13.908200866802945,1.2657493352890015
A_9a59ab6420f5,1960s,-25.771480633007737,-10.662909829704983,-6.422675191897932,-5.654165593328986,-5.576715389994873,-10.449620648318248,-14.147055463656299,-22.18106762607831,-14.094034088114714,909.3081678225913,1699.21875,7072.265625,-15.074068901348141,15.074068901348141,20.79973793029785
A_9a61c0511d45,1970s,-25.855638755337576,-10.852719348386977,-6.735887517530933,-7.4293229802696565,-3.7774835467384467,-11.382273053504946,-15.746763269589506,-23.93130090657904,-11.433099782497322,863.7627388710572,1546.875,5912.109375,-9.104929758047408,9.104929758047408,1.1996043920516968
A_9a72d14fdc04,1970s,-15.957258980256402,-6.601174717275987,-6.69785252362073,-10.603649950998653,-5.501509693158392,-8.321719822407628,-16.719072051209846,-23.195443732446005,-6.243238574093345,961.5778306739071,2056.640625,5730.46875,-18.274016972473266,16.84685146728885,1.0533753633499146
A_9aa41afbbf89,1970s,-23.94440810365735,-10.335214199840674,-6.897095844524525,-9.898044070359294,-2.7529221953704037,-12.14901418366836,-23.144336646860996,-34.35239611854251,-10.975074285684098,721.7424123544358,978.515625,3544.921875,-11.515397755004246,11.515397755004246,3.4360814094543457
A_9ab97db34449,1980s,-12.138128975116535,-8.852926048530918,-7.088362211239948,-7.939315508707377,-5.000103990870212,-12.573150018907882,-11.773961488225627,-18.403849941216453,-6.7239879789854555,1126.0456048960084,1880.859375,8613.28125,-16.36240130232988,16.362401302329875,1.58841872215271
A_9af6d81d573e,1980s,-10.644452198614353,-7.413974995328447,-9.49007465040536,-11.617483494759293,-5.218420253592725,-7.302652621604482,-12.082640248331122,-26.33968377190476,-4.941529642395803,1236.3530558890823,2367.1875,5824.21875,-17.363448604831483,16.299713824321522,1.3575764894485474
A_9b18a2359462,2010s,-11.740609641433583,-9.178914300413943,-5.8689656828922265,-11.08161834685472,-6.099486119334545,-9.723277891498087,-10.088110822945941,-15.968515369797348,-7.486236629402492,1424.3896288881208,3152.34375,9386.71875,-13.543510604135836,13.543510604135836,0.6640980243682861
A_9b38b8b848f3,1960s,-34.32115515442065,-16.499012065482052,-2.4111809775651762,-5.742828324608441,-10.23519238696564,-15.854760841871103,-18.12649217663839,-31.740809883822195,-23.821885152428067,456.4430719193608,433.59375,4740.234375,-17.322267227648602,15.309394118474495,1.3512682914733887
A_9b6587f573c6,1970s,-9.749694792205698,-6.148929559984322,-6.446907066686565,-10.406622379635866,-5.104732302055043,-16.58023090376503,-25.32132995107081,-42.91069354386497,-3.450606597098153,483.7523299931758,1095.703125,2871.09375,-18.478490122954238,16.525565876557497,4.439908504486084
A_9b76fa882012,1990s,-13.708254900160636,-9.385908142479424,-8.036737539422159,-5.772206404565811,-4.213587658757174,-14.316040815326932,-24.130439254997583,-33.15964913569124,-8.130500722482333,613.2773953952972,1001.953125,2929.6875,-13.246688788828491,13.24668878882849,1.8241511583328247
A_9c13ed2daaf8,2000s,-6.758340258301461,-8.27943529968072,-8.729754640498523,-9.969385333531699,-4.982157988315869,-12.073602015371085,-16.904961324402127,-22.364335384523933,-3.3972133310947124,706.9744075885662,1189.453125,6914.0625,-9.278328794964796,9.278328794964796,2.093052864074707
A_9c6f3e542b27,1960s,-16.52675176140049,-10.789803009365198,-4.617791470018791,-9.604735223576586,-4.986773419558498,-10.025575360969167,-16.97254819808229,-25.456974939667923,-10.633402128286399,897.0834332116285,1816.40625,6099.609375,-16.923910759667095,16.923910759667095,3.947713613510132
A_9cc853802c88,1990s,-16.149475237782887,-6.614008409091676,-6.355059803226155,-4.494937847192242,-8.418443939678458,-18.26424155779825,-21.29219417609225,-23.287149429232713,-8.243848117627124,444.14243584057397,550.78125,5050.78125,-18.622922523383263,17.75646816778594,3.6907289028167725
A_9d8678531c92,1990s,-11.821687960133877,-8.725532057304875,-9.444257138083021,-10.378759254013865,-4.434252253824752,-7.0035480524641125,-15.245515364857676,-22.6914007126979,-6.680154968751333,1248.6770873076803,2783.203125,6375.0,-11.014584487584202,11.014584487584202,0.39722758531570435
A_9dd367e5545b,2010s,-47.757703365568965,-38.455303805238174,-17.476740159203253,-3.7384536395024477,-3.4325606325508,-10.667348988801136,-18.05511233269786,-23.910532447812475,-42.493844140308035,965.9089197663603,1740.234375,5730.46875,-14.16173662154322,14.16173662154322,11.306158065795898
A_9deee4d29365,1960s,-22.97565996046419,-3.9794132885734292,-4.151478596305062,-12.700481899682348,-8.134344559959136,-25.34771085005363,-36.89572136893752,-47.436853664896816,-3.0297142738814693,246.64591106682158,515.625,1160.15625,-12.60313562496555,12.603135624965546,2.013643741607666
A_9df74ed5937c,1990s,-7.466914434434396,-7.494906709088535,-6.702722290861457,-7.344016914124238,-7.698680644111225,-17.481801253619324,-15.7860421199567,-15.13406984417612,-3.1361176761163096,817.695054269092,1166.015625,10136.71875,-10.003019501576997,10.003019501576997,2.423684597015381
A_9e146df957d7,2000s,-14.24755582483401,-3.0669622048097183,-9.460378737507291,-8.954663646484821,-7.4089344629471565,-15.123602152912186,-18.759408603821825,-25.53687965532482,-0.41453612057690925,446.69094086655195,650.390625,5361.328125,-20.316226705806116,18.231538468114614,2.0490496158599854
A_9e3ced0ec9f1,1970s,-17.319627361769975,-10.432584838046033,-7.818316980442587,-7.969943498328104,-3.3168906221124725,-10.316267224246252,-21.666462379673717,-34.15432982093658,-9.866089986401995,798.7228754408014,1781.25,3914.0625,-10.943934131091197,10.943934131091197,2.3847403526306152
A_9e67a6004b7d,1980s,-33.69668020609764,-16.588965291229517,-3.841952103400563,-3.854931647047234,-8.595715235530193,-19.02867935653731,-26.92660328500113,-33.58666055365232,-17.503615620816205,418.55630424089605,503.90625,2425.78125,-15.514230539989189,15.514230539989189,2.5327510833740234
A_9e8bcdecbbd8,1980s,-27.122957781895064,-6.345373843202924,-15.186087842730904,-5.715327650000561,-3.3528680420069064,-24.530695269288493,-28.754930752253024,-31.928248188955315,-6.892376012852106,512.1224139861673,744.140625,1751.953125,-23.58355138044475,16.634478922987995,3.168949604034424
A_9eae696dbcb3,1960s,-24.103028169814017,-21.864403396204214,-6.202902745154248,-3.9285108106846938,-5.11252412221282,-15.840019347404958,-19.850370973819516,-32.123048501955324,-22.05251500820956,575.6859400479998,708.984375,4142.578125,-15.713780410573612,15.713780410573612,3.9800808429718018
A_9ee55ac10acc,2000s,-16.364535477410026,-8.184919662378586,-7.619534656356094,-6.907964072458287,-4.069300667016032,-13.118934306818,-21.607999600241882,-31.274701459015247,-8.161782347005989,710.0401761023471,1382.8125,3738.28125,-8.850251731108175,8.850251731108175,1.371827483177185
A_9f212b5aae7d,1990s,-11.002365793570787,-9.61953849280667,-6.087633772285273,-5.822760521627074,-6.426283104821296,-14.02728693489864,-14.998694784875484,-23.24792661844613,-6.883859178827164,672.9040181651526,890.625,6703.125,-11.874113199615978,11.874113199615978,1.2644968032836914
A_9f39186b2951,1970s,-13.227547280639717,-9.34688625308927,-8.707659374377645,-10.531521276662748,-4.88251123506839,-6.083595877651136,-14.031507741789735,-26.47784380196573,-8.32460138512112,1349.1505866679763,2777.34375,4898.4375,-8.288375516081302,8.2883755160813,0.7783278226852417
A_9f8399b3ceff,1980s,-18.253049248978265,-11.900538963086607,-6.627096230336632,-11.790245030611796,-2.1120001643245487,-18.222330398575473,-22.878908906770747,-27.5643647584765,-11.824318098572276,845.3003313336771,1453.125,2894.53125,-16.112829257880176,16.112829257880176,2.8053534030914307
A_9fa575556e8b,1970s,-10.90813350070153,-5.53526357589064,-5.605994808146182,-8.155524052741669,-7.088476411068055,-19.754034616290024,-23.73017444361873,-29.866052038285062,-3.849774870641267,359.58556096047175,656.25,2449.21875,-12.402006369428006,12.402006369428006,2.0101325511932373
A_9fce08d199d5,1990s,-26.347719516387325,-16.4172456795489,-11.725980009898556,-5.101145556387193,-2.59723957130582,-14.506128293211644,-20.235714012018295,-24.070296721558012,-17.094496674577194,861.4022901656459,1417.96875,4664.0625,-18.544772344944096,17.259831486891986,3.9951839447021484
A_9fde15777f63,2000s,-9.087823598301451,-2.5260795406807564,-7.542723209673383,-13.27235554302426,-12.497746433076724,-17.20827330676357,-18.129639945430313,-24.168682308749965,1.8387224794190575,336.86306923275095,205.078125,6333.984375,-8.445713347773088,8.44571334777309,2.3597350120544434
A_a048aa4e3e3b,2010s,-21.664962781165084,-4.871377957599796,-10.691317447478603,-4.429715561916173,-6.661557943316762,-23.45655840189506,-29.724267262801053,-35.3705731814494,-5.651478466342677,360.8470165658368,585.9375,1669.921875,-14.931829686159306,14.93156460979893,2.041748285293579
A_a0ad3af4c271,1990s,-12.821893908113237,-5.545635093138987,-6.271845839280546,-10.564171004026795,-7.527993901400546,-10.055690293385906,-12.411583293662389,-19.092634810645414,-3.960240459436544,1021.4123451953062,2332.03125,8279.296875,-17.308078610102847,17.308078610102847,2.3841750621795654
A_a0ba2ea425ad,1980s,-13.608125818240918,-9.373097391843565,-5.440947530178327,-7.955823595472643,-6.073755337084494,-9.746367549468587,-14.40174768847546,-22.34418857535251,-8.30177644381506,948.1055619534161,1974.609375,6873.046875,-11.962768434716239,11.962768434716239,1.656673789024353
A_a0c76160caf1,2000s,-18.644407448393963,-4.146956337474394,-3.9397735902066615,-9.10142757717818,-11.499073851552875,-25.812795959275054,-29.60697648936311,-35.29474410319756,-5.9969286609997985,245.70422146819186,292.96875,1576.171875,-7.782772163115251,7.7827721631152516,1.7522494792938232
A_a1179584dba4,1960s,-23.910437898894305,-8.90980805086132,-8.633538078950554,-8.915298987086397,-3.081206278135826,-11.595794122234368,-14.716028812338653,-21.462693652583667,-10.212361454873228,996.7597831099088,1617.1875,7394.53125,-16.5872111543801,16.5872111543801,3.136066198348999
A_a130c969dff1,1970s,-31.67955545711136,-7.139109711839161,-10.867269996824762,-7.649971005571016,-3.166595136120633,-12.072468473423637,-21.539664086739204,-29.991582877569773,-7.982451526245726,767.1155429844243,1365.234375,3691.40625,-12.451556577700542,12.451556577700542,2.4560158252716064
A_a179cb9b8fc7,1970s,-17.773835786895845,-8.899591809526143,-7.714204802215394,-7.765832461856933,-3.801016129410763,-11.769208808242935,-15.578998453130783,-21.58619156050262,-10.582219196255112,965.6612679487808,1804.6875,7212.890625,-12.508795934679899,12.508795934679899,2.074523448944092
A_a1bbccb2329e,1960s,-26.08352090870589,-13.936125247438426,-5.793754528404156,-5.1815614907183125,-5.423011016734627,-11.181911660097736,-15.725031174479804,-31.966806219022107,-14.873610937926511,793.7417127905826,1306.640625,5683.59375,-16.416524533570293,15.984769474494378,1.7502217292785645
A_a1d8b6a414d1,1980s,-35.10759714783917,-23.314930980834067,-19.841275166981845,-14.244677684057294,-0.795979822204934,-11.030320062708034,-14.487746187572048,-44.90498617955411,-24.934325383079102,1370.9034127835293,1839.84375,4224.609375,-18.82961516829339,18.676115263453603,5.853778839111328
A_a1df43b08a1b,2000s,-13.730442745127077,-9.332259207525613,-8.172853517335616,-8.259249953766249,-3.3037990339719863,-13.620886647652439,-16.52496590275193,-21.950404001623195,-7.9017039188327,804.0612237461274,960.9375,7083.984375,-11.074324373935642,11.074324373935642,3.110257387161255
A_a23e962a0960,1980s,-16.000767366108004,-9.291141509773219,-4.650294685187379,-8.812160336869324,-6.028585305590043,-10.666207369852135,-13.636188756352436,-23.61954949209002,-10.519969519995545,879.2409097480615,1810.546875,6480.46875,-10.007049280618318,10.007049280618318,0.6101239323616028
A_a269647f58af,1980s,-45.957197480715905,-24.27354122773618,-13.139095285061064,-5.939384233946691,-2.006407588135157,-12.573576928656145,-22.191844446913397,-27.891515413299842,-33.153032404616376,869.435885249173,1400.390625,3832.03125,-21.81959377335326,17.918506478888283,3.903947353363037
A_a2a350ad4225,2000s,-7.507913014675106,-7.930786338917686,-8.495313398573186,-7.776534638540113,-4.971919769934107,-16.61125764795092,-20.13991199335949,-24.668249132092022,-3.4894659722188965,541.5409510655682,949.21875,4898.4375,-10.507827087357098,10.507827087357098,1.8795658349990845
A_a2fa3ef2b45c,1990s,-10.04840526768274,-5.855354758479349,-9.712348685202292,-8.41118724040776,-6.089497509570695,-10.703884523094745,-13.293700146479527,-19.04883174391311,-3.4797357151538866,997.5771069850412,1927.734375,8478.515625,-10.493444473662139,10.493444473662139,1.0190153121948242
A_a30cda3a923a,2010s,-18.854889187205444,-8.599029180499857,-8.993954586464483,-2.3336443748744173,-8.609983222144098,-32.11521786865104,-37.36747453965512,-45.684670213523106,-7.6634421329982585,326.13125953512105,468.75,1312.5,-16.985745871402397,13.791522844248746,2.2302041053771973
A_a3258223217b,2010s,-23.195623121821697,-5.605428736732253,-6.084132488203416,-5.853900697975355,-7.300547145704771,-16.54407298254659,-22.925878967590997,-32.72783761216466,-4.5275262860316925,432.9021120030594,662.109375,3328.125,-15.326090713208858,15.326090713208858,2.136411666870117
A_a331e35249e3,1990s,-25.48396880280574,-3.7256452452328874,-10.221209759171801,-10.738414333952722,-4.862283424454803,-12.078149848028277,-22.88576941613616,-37.621174906162366,-2.5533720931154957,581.7150127065919,1171.875,3333.984375,-12.98263044168146,12.98263044168146,1.758257269859314
A_a36866aef042,2010s,-21.035006574881493,-11.55089440737153,-3.7047863869459237,-5.100094151175344,-7.6886791754706785,-19.590460926326,-24.46137505559161,-26.611815237367576,-12.47202257914871,426.65701976351846,732.421875,3111.328125,-10.977664768077844,10.977664768077844,1.8202548027038574
A_a3af139d6442,1970s,-22.165579318892988,-4.791248095346265,-7.722842306324003,-8.09557378753682,-6.767351375550309,-9.845468559057098,-17.084086678704573,-23.510775622054464,-5.641637020848003,739.6427923642376,1494.140625,6029.296875,-14.85279457626391,14.380271105457973,1.9040358066558838
A_a3c44acdf5e3,1980s,-27.545452736386252,-5.726062332982535,-7.159163884277073,-3.973659074717677,-9.257466686068177,-18.51107244201367,-23.351466690625795,-33.33440086446953,-7.692971232182863,360.5589011535773,462.890625,2947.265625,-18.27242130198751,17.43870752429585,4.996443748474121
A_a3fb89b34ea4,2000s,-26.27376997225098,-18.134003703171338,-4.1866870257022,-2.7719109063149694,-12.481195933181027,-22.34617743048616,-20.671729896447545,-27.367025153356828,-19.981693671040034,401.6527548641771,416.015625,4183.59375,-13.922254772151225,13.922254772151225,3.122976779937744
A_a41d8a525c2a,2010s,-8.751068671516503,-7.395224224736992,-9.004221582657173,-10.646097605788903,-5.18154911450039,-9.000167801422121,-14.20556303647438,-22.65639430719903,-4.702269214311597,1020.9152751621309,2162.109375,6714.84375,-8.661038164450925,8.661038164450925,2.1158463954925537
A_a43d9b0535e8,1980s,-20.491738828172295,-7.765967875519662,-7.50269205265522,-10.762723795102993,-4.261247318732754,-8.150688598810785,-15.10664879737655,-24.69849286057066,-9.13074860462681,1148.6849901501744,2314.453125,6580.078125,-15.073344403825335,15.073344403825338,2.170745849609375
A_a4419e733430,2000s,-13.131524985961411,-7.058119467954472,-7.44083682088449,-9.950753873970907,-5.324723729237571,-7.751735808677751,-19.91401041792303,-27.861792773413256,-5.3573079167953015,899.1946061587034,2144.53125,4265.625,-11.067024006357116,11.067024006357116,1.3415416479110718
A_a4b915b07e31,2010s,-6.19111838451205,-8.620664419653497,-6.339448593986616,-7.974158359224694,-7.364536790818349,-14.646133522197388,-20.497781872032355,-24.18219037837502,-3.2034464522943953,481.71640995345444,861.328125,4851.5625,-10.212939453080523,10.212939453080523,0.6578971743583679
A_a5002706f455,1990s,-14.527901572411913,-9.029101167618887,-6.348141728479696,-6.6058045184946454,-5.278834272188019,-15.200016163682404,-12.987693723203755,-19.083921454711298,-9.190332601894273,877.5494166761307,1242.1875,8373.046875,-17.912784092363903,17.05686695884981,4.383722305297852
A_a50044777349,2000s,-18.006633448975357,-6.354886744939212,-7.9957217219384304,-4.708834193542814,-6.648385456574769,-16.356922293516664,-18.837595886132032,-24.76654273722222,-5.335003095092476,525.1574154553314,867.1875,5835.9375,-17.76579259423383,12.520160413068318,1.6945863962173462
A_a50b0319d526,2010s,-6.516526150022706,-4.204303954477353,-9.535967174959994,-8.775362966919701,-9.858954905827197,-16.203211249384914,-16.981472560267868,-22.215824513776287,1.3497336486566367,437.67822573430493,521.484375,6861.328125,-8.887691547696367,8.887691547696368,2.404911994934082
A_a5e847a642d3,1970s,-10.560933438884346,-5.176532396996352,-6.567614155385949,-7.597556636236595,-7.593004953825737,-14.316115554512594,-25.95491091207187,-32.37094691138708,-2.6811335655052204,424.3687951323364,738.28125,3638.671875,-15.905895784722187,15.905895784722187,2.8912694454193115
A_a63431016b47,2000s,-9.081153563579129,-6.649390610339939,-6.119609853818232,-8.447406113118616,-6.849075643836208,-14.048532383035141,-17.63113474833603,-20.18098486483781,-3.317956372175062,598.5547110522064,878.90625,7904.296875,-9.519853382965524,9.519853382965524,2.0252082347869873
A_a64c8388d3bc,2010s,-8.838459134679876,-10.50955002420041,-7.064403079865677,-5.928243101754463,-5.344854844617991,-15.741225755016101,-21.719959025000538,-25.279507834968562,-5.892878754656642,539.6476215173152,814.453125,3949.21875,-8.1850319436912,8.185031943691202,1.9219305515289307
A_a6c0db2ac5a8,2010s,-7.6272845312246424,-3.3487031942130323,-7.792523067634429,-8.727039858359856,-12.653013144631862,-23.026317375045053,-24.882002384497003,-27.061778879954165,1.8932845604724455,219.62051141170724,304.6875,2068.359375,-10.382653254714798,10.382653254714798,0.974608302116394
A_a6d815d9ec95,2000s,-27.464572915992292,-14.091423551185777,-7.771521924570792,-6.560930648414045,-3.6882070206771296,-8.836364112585173,-19.077333870005663,-32.29870796783326,-18.250029471896177,985.1006851860222,1968.75,4207.03125,-16.882385453887277,14.807800613447625,1.0805898904800415
A_a75a64b17726,1960s,-22.909922829587277,-6.049727450497987,-6.969264888426574,-6.687691049573992,-7.544191318361914,-15.321411624970214,-9.058062654536672,-27.978991877577815,-7.067482742928897,1056.4557685617706,2314.453125,7130.859375,-10.330292456748245,10.330292456748245,4.499785423278809
A_a763d6a236b4,2000s,-11.045089332086775,-7.245641382020818,-7.467335924941578,-7.24096551161951,-5.285534761182929,-13.930174515934254,-16.857355530922256,-21.120745266889838,-5.604802520908297,693.9059454303042,996.09375,7429.6875,-11.503651810916152,11.50365181091615,0.9355973601341248
A_a78a9d6c31a1,1970s,-21.68553961496677,-8.65424583111416,-6.043312529376167,-7.329873539111118,-4.0664801275970675,-15.718641326545415,-24.307980415231615,-31.57726782598454,-8.813486274530787,595.9689703250384,978.515625,3457.03125,-11.707190561621355,11.707190561621355,1.3909915685653687
A_a796929f4261,1980s,-15.799460517250237,-9.81930924500328,-8.231188418421418,-6.192675864296721,-3.9877429885486118,-12.406042885670574,-17.05260339441645,-26.062899153933806,-9.536767487442107,806.7267514089073,1429.6875,4482.421875,-20.96334588989446,20.963345889894455,3.774672269821167
A_a7f075bdf7e5,1960s,-31.677969636141597,-12.36834835440037,-8.208253727884099,-6.295632785363383,-2.700418146098609,-18.807453217547632,-22.794806052984708,-36.3172139045908,-13.103667213201465,659.0413970789514,996.09375,2765.625,-9.749963611846344,9.749963611846344,1.5788246393203735
A_a82e134e5dd7,1960s,-21.72673376137327,-16.701097620745088,-10.7406509747573,-5.4717060967057645,-3.221837431049952,-9.31165653014591,-20.252850655323424,-29.72086417683007,-16.300489213708683,1033.816242577039,1886.71875,4042.96875,-16.308552309541867,16.171225242613275,3.734783887863159
A_a838ddbf2727,2000s,-15.175180416605425,-6.21810549958595,-6.578208061215847,-9.260798724833263,-9.03550068944016,-6.49677783563096,-14.179239068559966,-22.837378725324832,-5.392014958393646,1128.3313428683266,2648.4375,6955.078125,-8.369141469437691,8.36914146943769,0.6133933663368225
A_a8cae20e0ce8,1960s,-25.085227419109888,-6.733594194270345,-5.491739273139499,-5.321111110677675,-7.267068323268898,-18.18589534690494,-22.60979867137028,-34.07219277133382,-7.048192196771188,396.18014963092895,597.65625,3298.828125,-15.674437530259233,15.674437530259233,2.1917531490325928
A_a8eea2159b86,1980s,-10.430855411742286,-8.137415000961836,-4.5444131057939305,-8.627407610998368,-9.495081410273228,-10.261407072273666,-13.319005082593806,-18.397960105198333,-5.775570143333649,903.3350628721753,2068.359375,8917.96875,-11.826943920010555,11.826943920010553,1.5873663425445557
A_a925904143ae,1980s,-14.56710709829675,-9.166422822920236,-4.927447483579224,-6.757815068903374,-6.214807957155278,-14.070691796904613,-15.835023291674839,-21.516258628881666,-7.923029187573913,647.9195485762896,779.296875,6990.234375,-14.215630871223002,14.215630871223002,1.4870058298110962
A_a94223548d4e,2000s,-8.723649488911477,-4.452879555414556,-8.83273648529139,-7.800956723401146,-7.983792547228119,-15.714026815406683,-17.162251070692037,-22.787695287177996,-0.883369099295813,520.5568290902967,802.734375,6773.4375,-12.057534173210755,12.057534173210755,1.1797388792037964
A_a993b341f7d5,2010s,-31.255436648734168,-9.770163377910638,-2.16199011441936,-8.38485689923045,-9.101372326995502,-18.78020705971312,-23.982316063019468,-31.656429853252426,-10.975860915517773,376.98623540147264,410.15625,2941.40625,-14.392839741175354,14.26950481671432,2.581059455871582
A_a9a32c0125f8,1960s,-28.31950968870068,-10.35269483290781,-6.579189447296714,-7.67424995910433,-5.199887911919268,-8.511758657339897,-11.711867862722649,-22.702112364195205,-15.612505166198067,1336.226596019799,2220.703125,7218.75,-20.115026505820456,18.064977618373373,3.4838273525238037
A_a9c51901e51f,1970s,-22.42361798474085,-8.972786066835658,-10.654779437977748,-5.553475463924621,-3.4663660874432516,-14.429734495241625,-18.01100883672826,-29.303570626047044,-10.126474081421314,698.2922266496612,984.375,4558.59375,-12.999308092979325,12.999308092979325,1.992996335029602
A_aa15ad49271d,1980s,-9.21239209636232,-5.4922352488478285,-6.767279131213007,-14.154457648714294,-6.200995107641552,-12.215471846516328,-13.958011268628903,-20.566779569576575,-3.3006669348638926,799.4910005279727,1347.65625,7810.546875,-8.290171756854182,8.290171756854182,0.8319441080093384
A_aa214d07fb3f,2010s,-11.141626326804612,-7.249715560006288,-7.556359240277163,-6.664614492774945,-4.8944907632665515,-17.796513024038973,-25.89384496972508,-33.27504310323109,-4.807641501325028,481.6055523874406,820.3125,2748.046875,-16.468463979448508,16.468463979448508,3.4068074226379395
A_aa2d149a4258,2000s,-29.034458314781713,-6.5764680738018155,-7.662399699844978,-10.894046962973711,-2.9379515131585414,-19.090997694211968,-23.369738416379796,-31.18992983343198,-11.6485665520181,601.9135048273425,978.515625,2800.78125,-15.006984982762159,15.006984982762159,2.0032551288604736
A_aaa7fa11a185,2000s,-38.82588310543753,-27.74644077703254,-7.001642372408813,-3.185946431625047,-5.345216444385672,-18.858032665976772,-19.25910639885292,-27.892507418406332,-34.837891845851004,531.9398303056629,644.53125,4623.046875,-18.023260325854558,18.023260325854558,3.9028797149658203
A_aacba70e1e8b,1960s,-19.39992096266443,-5.423522668124557,-9.901772729859486,-7.496615822172867,-4.372027826235445,-13.446339990680867,-19.821784287748233,-34.53525634373788,-5.483003440070744,626.2209395077244,1207.03125,4042.96875,-14.115133172986301,14.115133172986301,1.5468541383743286
A_ab3ad3cedfc4,1970s,-27.397650484345945,-7.768760272498021,-11.396644159993599,-11.843400008172404,-3.663909329328478,-6.690744003696846,-14.039129161208024,-20.331395153821532,-9.459464093184081,1497.947619649228,2917.96875,7839.84375,-16.00575690406658,16.00575690406658,3.0055458545684814
A_ab4072591e35,2010s,-9.076722847916317,-4.298307478478272,-10.374464267058377,-11.224022834851962,-8.112578886143018,-10.712072761671207,-10.962405373173327,-17.443019518702673,-0.5653926240905526,1120.8901408269571,2847.65625,9164.0625,-6.273651464420497,6.273651464420496,1.8848387002944946
A_ab49beed82b1,2010s,-23.222152435075706,-5.599813428961769,-3.4649025597420406,-7.348290255394849,-12.254461818223994,-18.665763448441098,-19.572962104095332,-29.169107099537573,-5.624456275921526,315.38701524847687,345.703125,4359.375,-14.370250858367438,14.370250858367438,5.113982677459717
A_ab6f3bf61af8,2000s,-13.105688018510085,-7.140731266351454,-3.5925116050346455,-8.595530707246244,-8.48646410022532,-16.144952768185348,-18.76811866888548,-24.94395717415777,-5.5146890135223074,460.953753780959,697.265625,5238.28125,-10.723494827829857,10.723494827829857,1.7100400924682617
A_abc07e593b42,2010s,-8.06933391078774,-8.320262834125659,-6.718933189449084,-6.504409483202892,-6.981165676485652,-12.482319288212576,-25.268512393169054,-33.39466429173208,-4.105410800431696,519.8476044234889,1072.265625,3333.984375,-10.39686799620741,10.39686799620741,2.418142795562744
A_abdcaa187e33,1980s,-21.523600652960763,-6.6749835763190895,-6.133749286661285,-9.989425781300941,-6.597256905865395,-7.800611558911978,-13.737615280668049,-21.56560337347174,-6.582489932229682,1119.6212543164222,2472.65625,7458.984375,-11.474530862051909,11.474530862051909,0.6634325385093689
A_ac261d5d33b7,1970s,-17.159535677477294,-7.582350828779751,-8.204827178422716,-7.765659525404197,-3.8113459140138284,-12.37936269095578,-20.531205870265552,-22.703050599865566,-6.971026245807648,796.4565813159941,1441.40625,5437.5,-10.237767823632815,10.237767823632815,2.649966239929199
A_ac6c86173182,1990s,-8.86990108526431,-8.27367059288538,-8.53390888680096,-8.530166269086845,-4.525959409207523,-11.230819676473693,-19.090201508871022,-31.63065198399124,-5.374266502503716,701.5250922499459,1277.34375,4189.453125,-8.789933771086478,8.789933771086478,1.3128796815872192
A_ad11b274b001,1970s,-15.699773827612129,-3.606411589484561,-10.11102541529948,-5.764079527887684,-7.873730262175259,-19.922802244715903,-29.720894994214046,-39.45475598730524,-1.2156971542129507,325.37411811432617,550.78125,2167.96875,-11.20365019765008,11.20365019765008,2.3563413619995117
A_ad540107fcb9,2000s,-21.29706183618695,-3.481427560251106,-8.95868228409752,-5.0821097713789145,-9.961612616275064,-22.89721079167105,-32.797526520299826,-44.21338295998898,-2.172172776675036,279.39538285369,439.453125,1728.515625,-10.694435474576927,10.694435474576927,1.7303004264831543
A_ae06ab971e4f,1980s,-25.02095933671026,-14.13659746949103,-9.530801555033829,-9.542548539820007,-2.654773907094252,-9.374118128171778,-11.17343068809799,-28.92940834285521,-15.927487996781387,1342.0081301564828,2712.890625,5982.421875,-8.958942903711938,8.958942903711938,1.2517614364624023
A_ae46d0253907,1980s,-11.970402070909703,-10.88749093954011,-6.39960610555062,-4.420870208737974,-6.340369397116021,-15.962041767754405,-22.231287498815288,-30.293951786730094,-8.270030851098358,482.37573369675204,703.125,3533.203125,-17.696682512290153,17.696682512290153,3.0004546642303467
A_ae8c87c39c78,2010s,-2.1967737538689156,-8.25286400536528,-11.659339908760577,-12.716851362436955,-10.18486352197958,-17.413556867712213,-20.944982340646774,-24.30539036606237,4.35526660401335,293.62415295735707,421.875,4763.671875,-8.605654790536937,8.605654790536937,4.48617696762085
A_aed0f7be74fc,2010s,-25.080251417417383,-6.415362034712948,-10.272160782211156,-6.350489353210279,-4.420003101375179,-12.914602863957715,-16.508368564732326,-20.909353692473417,-5.95588905550546,772.9542307484992,1095.703125,7505.859375,-9.291546093751792,9.291546093751792,2.381437063217163
A_aed9784ec7ce,1960s,-17.28224759613124,-7.78343405598565,-14.394519611871171,-6.590627425207003,-3.2998638556841953,-11.558339740717509,-16.852053700860758,-30.636723796484166,-7.356771051407888,874.697884695908,1382.8125,5132.8125,-18.65934913499217,16.435390198135917,3.1410961151123047
A_af4cc7ce38be,2010s,-8.501612057643447,-6.947846341678938,-7.710583083758289,-8.686280864685553,-5.803078474953805,-12.475506554886751,-16.219095291231554,-20.52974524514444,-3.9186410134566545,743.0732508892261,1306.640625,7728.515625,-7.071421994867943,7.0714219948679435,1.68899405002594
A_af5de68a81e5,1960s,-26.651411903411855,-5.449419791263129,-10.20301811373315,-10.167281164014303,-4.475750214404991,-10.033999610924923,-12.799747831782422,-19.017204769689315,-6.055415416938881,1173.0333016753862,2085.9375,8337.890625,-15.121004233380495,15.120739157020115,3.422168016433716
A_af7e1fa18abe,2000s,-30.416865919720305,-16.53392731234131,-1.5827365225505003,-6.933875780187867,-11.414291896838156,-21.890516864236716,-30.34606521257908,-39.78840494684047,-16.630802283667638,295.4158009047383,369.140625,1781.25,-19.046494775659408,19.046494775659408,6.456734657287598
A_af99bb20effd,1970s,-39.28654125351128,-15.68228113170547,-3.381195675383382,-4.633845069953638,-8.405593402475,-16.04899001027048,-32.66614055715136,-54.24110291192275,-18.37395791615704,456.3615977951838,556.640625,2396.484375,-9.922903312787174,9.922903312787174,1.434605598449707
A_afc55ae7087b,1980s,-14.143228259525142,-6.825633804764357,-6.4532868444142,-12.565948039877979,-5.697894341985863,-8.47785522948639,-13.121395082643925,-19.170761654828038,-6.438420568758485,1191.943948267427,2472.65625,8402.34375,-10.839304046159759,10.839304046159759,1.1608388423919678
A_afdeb040848c,2010s,-11.807316338652743,-8.667152912213917,-9.197973889684553,-7.919449592633729,-3.6783782145025783,-13.531811098772915,-15.216078894356457,-18.77992241257136,-7.444955366018082,919.8477467904779,1359.375,8320.3125,-9.01163101192224,9.01163101192224,1.6992677450180054
A_afe5b2492cc9,1970s,-14.372366180012559,-10.12586948129228,-4.428421823255248,-9.34019515021887,-5.513914494108758,-10.356056820742442,-18.277734672468505,-28.97020604543087,-9.002729133014027,760.8207500350333,1705.078125,4494.140625,-9.44274187703063,9.442741877030628,0.8890361189842224
A_b0cad7ec2b94,2000s,-10.307519570335506,-6.621425130787603,-7.053838781651859,-10.281307608112733,-5.4320726408432005,-11.428193142657491,-16.034388519371895,-18.19200174891915,-3.8351940385124066,854.803849149595,1564.453125,9234.375,-10.078478547041438,10.078478547041438,1.0596853494644165
A_b1003fd633f3,2000s,-19.8503096233171,-6.435754917047753,-6.901070000142271,-7.245082317807704,-5.820145524825944,-10.661876022564353,-17.068718910268444,-26.151168584154508,-8.160918261581362,730.7043301806251,1470.703125,5472.65625,-14.64500893273807,14.64474385637769,2.8044164180755615
A_b1163d7e1647,1990s,-9.356489555236102,-4.604928995011443,-5.357525673822635,-10.29080690825082,-9.355474348061916,-17.201124883014945,-18.635253420269397,-23.784451368113967,-1.8093264963984934,402.61853668393354,509.765625,5771.484375,-11.507816589345678,11.507816589345678,2.0000569820404053
A_b1292ee430de,1990s,-13.757461005456086,-9.264281094091878,-5.5883744223478695,-10.83476265343733,-4.86266211552838,-9.314513380220331,-14.819934884377538,-23.64375711843377,-9.254362303834784,966.8352642450885,2080.078125,6867.1875,-9.960197568059451,9.960197568059451,2.430173635482788
A_b133b73847d0,1970s,-12.760545514867754,-7.488752423366441,-4.722415556828994,-7.583509257753693,-7.145756871688366,-12.695267798331402,-20.015754768885756,-32.6454117275918,-6.633549731245131,591.3858166107036,1406.25,4119.140625,-11.221881169436863,11.221881169436863,0.9862167239189148
A_b15cf404cfe1,1960s,-28.744495739068473,-9.689451965476575,-6.312553007832059,-7.661697454820125,-3.6592262062636136,-13.890366155689328,-19.19374472511759,-25.677744391322634,-11.986473176929946,684.1440935922918,1072.265625,4898.4375,-13.866869902400396,13.866869902400396,5.29349946975708
A_b1da97f278d9,2000s,-35.266261483553734,-11.370155243242674,-5.815243189039307,-8.023742717631961,-3.210508377572317,-16.7559695869779,-21.604603503785423,-28.128445790477148,-12.03383478673181,683.708216580518,1218.75,3685.546875,-13.121438538121053,13.121438538121053,1.8531568050384521
A_b278c4ba373f,2010s,-17.51959242585076,-4.964843636385959,-6.8047283507294996,-4.982264784773991,-9.03558335399162,-20.17863210657588,-26.594142692838737,-32.06055472279036,-3.6970534792988685,332.02722264253885,492.1875,2214.84375,-10.657765566165395,10.657765566165395,2.2161366939544678
A_b2caa4923e33,2010s,-9.873796867626565,-7.614030275821674,-7.7601519883947,-5.289994231418014,-6.628429932158575,-16.95546372910731,-17.3301584857052,-23.426719629446346,-4.627971668906602,547.9934864822311,667.96875,6492.1875,-11.051003979917107,11.051003979917107,1.5015957355499268
A_b34c51ecf853,1990s,-30.779494060495086,-4.689730998204051,-7.847043176784622,-13.074656422080103,-9.098142991370183,-5.353494495163057,-15.052195653635287,-36.01625534646297,-10.921458490368785,1290.5996506943707,3263.671875,5261.71875,-13.034325633706608,13.034060557346228,1.2543178796768188
A_b3ac592b2b8c,2010s,-28.62377011236394,-6.810762715463456,-9.400629648588763,-4.384058269395012,-5.116552037511058,-25.180677438621792,-39.4074457780797,-61.395654461511654,-9.43611045313266,403.9724930942722,591.796875,1400.390625,-20.061197678101767,19.805110538465886,6.473840713500977
A_b416fbe3ae00,1980s,-14.710023854896477,-10.661310415998624,-7.767981394415257,-6.433069551669242,-3.78233312006048,-12.694373815528772,-19.193491771297577,-28.537478399274082,-9.522107555755722,785.3002279658539,1453.125,4423.828125,-11.167039544891331,11.167039544891331,3.0733022689819336
A_b43cca82cabe,1960s,-27.96688294281573,-16.609829517753177,-10.534508255086198,-5.420344998147235,-2.7337824796035157,-12.421473625347568,-20.415574376712176,-27.254994298878053,-16.860262481674056,872.5636194391999,1417.96875,4113.28125,-11.007470186661372,11.007470186661372,1.557623028755188
A_b442c98fc507,1970s,-13.23717052812971,-6.80863652802461,-6.635087892369725,-9.57635768864938,-4.416211138382959,-13.87091691265412,-19.18961968851466,-27.033795099576775,-6.51009487654542,638.1134889149722,1166.015625,4464.84375,-13.839715944284185,13.839715944284185,2.9584429264068604
A_b47406d6d69a,1960s,-28.418088369463263,-7.9336928144474825,-7.683838924203945,-3.7784081080545024,-7.321093014928003,-14.104810844200625,-17.118843449065345,-23.328922418290247,-10.736751602944157,629.7901666421728,626.953125,6257.8125,-14.914344608458304,14.914344608458304,1.9430123567581177
A_b4a322db99be,2010s,-13.03973012800398,-8.203748216698902,-7.897573913543222,-8.984397081591188,-4.6678649457534425,-10.142468049478202,-13.268764671788528,-15.977411013066977,-6.730624681962871,1226.552051121991,2332.03125,9761.71875,-7.247448725869685,7.247448725869685,1.072272777557373
A_b4c4b48af9a2,2010s,-12.825157101778725,-6.906867421731392,-6.619734307086354,-6.130905182470668,-6.724134992650055,-13.484092651218356,-17.25645216989483,-22.07304237780567,-4.804473759976137,650.612568074655,978.515625,6416.015625,-8.101163128795145,8.101163128795145,3.8092191219329834
A_b503e65831ff,1980s,-24.065684157542833,-12.125860966595177,-8.384018200418913,-10.886640779907001,-2.749220879845777,-8.194245593897989,-17.596387942993992,-20.837638838853163,-13.212537285908901,1150.7282311596034,2132.8125,7353.515625,-15.653769727204622,15.342909486160947,1.3278876543045044
A_b5456d37e910,1990s,-9.566745303362762,-3.806013941966136,-5.427818585284002,-12.084583757537576,-10.831250422371024,-15.075424919455847,-20.013507670529663,-29.396593716238463,-4.050394751894179,353.9659067060633,345.703125,4207.03125,-13.020313145908073,13.020313145908073,2.0573153495788574
A_b5492217291e,1990s,-7.694890282952552,-11.495368542164169,-8.129988664110066,-11.972362484550949,-3.7428461125665664,-9.867657135511084,-19.182464485538453,-23.732495171343174,-5.539470846417864,973.4224124207882,1669.921875,5308.59375,-18.9760448926511,16.684365408588196,2.759136199951172
A_b550b554d39e,1970s,-19.973102294973263,-10.628139265047693,-5.958789218418815,-8.93762326692594,-3.8085610482351613,-11.987345945111565,-13.773593464243692,-30.771640608975225,-11.663270901963907,951.0516774280244,1699.21875,5513.671875,-15.67056594044461,15.67056594044461,3.263468027114868
A_b554f33ec857,1980s,-19.060941563314294,-10.098990541836883,-4.641335651141183,-6.1927865570951415,-5.8964183085014374,-13.64957636131528,-23.37109803334736,-29.60177743012006,-11.376000478558465,548.5915684727341,884.765625,3193.359375,-18.862733440387114,18.862468364026736,3.0028958320617676
A_b5d6fca33fe4,2000s,-26.527903524502005,-9.304413994070309,-7.089862274962967,-8.066913675113787,-3.9779829964503484,-9.830226897603549,-16.72585333634157,-24.523492752558017,-10.856628914686917,871.1862100328767,1781.25,4716.796875,-15.083141612913245,14.810385255220751,1.306020975112915
A_b5e1edc17e61,2000s,-33.78295310161611,-13.145686575127462,-11.285317153073063,-2.762219380442116,-4.59769973922583,-33.79424685842051,-55.10856079280069,-69.63161357221205,-13.955398342143809,439.56424216872824,585.9375,1183.59375,-17.65823556608771,15.564106876031985,5.057206153869629
A_b5eb7019ec3b,2000s,-8.465740588607103,-4.518743807439501,-10.472703718188438,-9.53510973633001,-5.541991231210278,-17.213267605918055,-23.73943083750298,-29.9707005759087,-0.9347134142937812,428.45022101817057,832.03125,2835.9375,-10.220603689317366,10.220603689317366,1.5958791971206665
A_b61918c96a95,1970s,-14.633436347645915,-6.420497406747556,-8.486202407065392,-8.40601885514077,-4.046156872508477,-13.54864545927671,-20.82351012697125,-22.844284840131937,-5.971136050958745,651.454060292335,878.90625,5419.921875,-16.01263299780981,16.012367921449428,2.619079828262329
A_b6323690c9c5,2000s,-11.309074777772155,-6.859947006943336,-7.060772989234748,-7.218370400870474,-7.128091084535724,-10.191739031626899,-14.162729281554272,-22.435460337334053,-5.340950067657295,842.0753290920703,1863.28125,6884.765625,-8.028647353026928,8.028647353026928,1.0766640901565552
A_b725fa7a35e7,2010s,-10.735567831960484,-9.986022995412467,-4.264049054489776,-7.9745338340002,-7.255728216424892,-12.381760581514406,-15.414406803298883,-21.827328685624288,-6.963256589675185,693.5337391540108,1060.546875,6925.78125,-13.783924309740705,13.783924309740705,2.6202003955841064
A_b796c69e61ff,2010s,-19.55294775310612,-10.105650104147443,-10.663181607684034,-4.738414285410909,-3.606736459137167,-15.337242097579631,-23.682984122989748,-36.22491031543459,-9.568492520032844,604.460391279586,878.90625,3333.984375,-14.520187743570192,14.520187743570192,2.294980049133301
A_b7ac3c78f135,1970s,-36.08476552087708,-25.99321022238035,-10.694596008645723,-6.010236673786022,-2.0263550833726143,-15.27075397600861,-23.57748647796717,-37.4141166938906,-27.674437096199924,770.2569869561393,1160.15625,3550.78125,-14.819110550591464,14.819110550591464,3.7884521484375
A_b840503bcd71,1970s,-10.56674767911293,-6.530741753079466,-11.17051444828398,-9.820945610014256,-3.0430046819933407,-20.67695001887982,-24.670618544257334,-29.42855169557192,-3.749308134967229,582.0871675006052,1060.546875,2373.046875,-16.507274930364577,15.587352506512753,2.438430070877075
A_b8d36a7233d8,1990s,-10.501413464150664,-5.960771566184792,-7.0879878554692555,-10.483879596687487,-8.265726479581117,-6.926138125626837,-18.45768973813854,-22.104254359782026,-3.7198586554140083,918.7088434552375,2601.5625,6345.703125,-11.470921112423218,11.470921112423216,1.0717896223068237
A_b8e0603743dd,2010s,-12.713081353895877,-6.665069377391738,-4.667377754276371,-6.292540978328786,-9.32260656632102,-14.535773630169661,-26.586023863505517,-33.50754400942216,-6.120361503334795,389.5074765011646,527.34375,2490.234375,-14.213768430280707,14.213768430280707,2.5734729766845703
A_b9400537bbcc,1980s,-6.162391928716524,-8.7082428439616,-5.6832095566937575,-9.08736096995738,-7.7006407135089425,-14.342731772961532,-17.09083207965211,-24.34196302618245,-2.6797367143447874,519.0463195725574,837.890625,6087.890625,-17.846656880405916,17.420471663220223,2.4026830196380615
A_b97f9f3ee67a,2010s,-15.883989980883122,-12.71656254826518,-10.449661200755811,-6.011994629503113,-2.5772609219809643,-17.216601468722203,-22.646121978903494,-24.952136373388413,-11.478148789768563,743.9787373690518,1119.140625,3720.703125,-17.426153022318694,17.370575477718727,3.48938250541687
A_b9fa13bf3d73,1980s,-24.677874681920493,-6.957859462840403,-7.773059389262752,-5.408196589299559,-5.619586654393103,-14.37724872391944,-15.885959551486774,-24.19918947570496,-7.683592535556341,721.4755635550758,1312.5,6550.78125,-9.540912165257641,9.540912165257641,1.698805809020996
A_ba14b7f9acd9,2000s,-11.49688417607801,-8.785661166080443,-6.682447069691564,-8.370772200747227,-6.344335678478769,-8.435792639289252,-12.6531567927589,-21.5331574878353,-7.142701326609781,1110.5607934041968,2613.28125,7365.234375,-8.062770837475618,8.062770837475616,0.6323775053024292
A_ba2f4165d7a7,2010s,-5.816454670742619,-7.80026759176309,-11.456575090206586,-13.337553013346907,-5.218344072727233,-9.038768043882788,-16.05980944322971,-24.121514756696914,-1.6497719345216262,910.8677935529151,2056.640625,6363.28125,-11.095570506892841,11.095570506892841,1.0678471326828003
A_ba4160b3635c,2010s,-19.172847009148107,-10.826480925102619,-6.629406950007036,-10.172328649812595,-2.941584405542988,-11.030056715756558,-23.60784603114904,-32.17978411372286,-11.084133655545788,888.6958557413409,1564.453125,3328.125,-10.346482197566889,10.346482197566889,2.1989517211914062
A_bade2f86633e,1970s,-11.020081399018121,-8.160002239088463,-8.213457813516982,-11.49618725671153,-6.543509129842819,-5.2984564938150704,-15.419245702510134,-30.688898514561558,-7.525747769404568,1328.4399573567823,2947.265625,4541.015625,-15.124794937117894,15.124529860757514,0.6377981901168823
A_bae1ef5053e9,1970s,-21.337891812370614,-8.335051473314962,-7.538787789893839,-5.9577435282754685,-5.391208711401054,-10.008212900826106,-15.857310821422105,-28.9228328995832,-9.227410269960455,905.0662533839325,1851.5625,5220.703125,-9.963495866527168,9.963495866527168,1.8261860609054565
A_bae298e3ab93,1980s,-18.759873089021323,-10.191632167960353,-11.724470371272595,-7.244707932594853,-3.1897780667408897,-9.242851285605827,-15.369511134274422,-21.342353670283345,-9.342169167677067,1145.882956882278,2050.78125,7289.0625,-12.492861390586798,12.492861390586798,1.4686554670333862
A_bb14d4503d9f,1980s,-11.198082576341577,-5.940360965149708,-8.908835429688901,-9.221998705760546,-5.623398759177158,-8.71719310670761,-19.731287797921667,-26.344760643564733,-3.290434778725988,851.1604353283223,1916.015625,4816.40625,-16.952987777451295,16.709994946282368,2.3793680667877197
A_bb3adeb7b7b0,1990s,-5.850261701505226,-5.36440174295982,-6.404693458657503,-10.130462886756423,-10.442666663390913,-16.66777677601755,-20.371803160823685,-26.354530356296543,-1.8506335343060145,335.21442112660753,433.59375,4388.671875,-10.86378809381857,10.863788093818572,4.211100101470947
A_bb924d86e139,1990s,-8.707692054291885,-5.789339835488318,-9.416519935324265,-8.63180263493231,-7.687920226705912,-9.275464618877132,-12.82951950030692,-20.141090515244237,-3.1612243079021454,980.8931039318084,2367.1875,7939.453125,-18.4516126695091,16.126047108051466,1.3803696632385254
A_bb9d9d899b4c,2000s,-3.0995891159620004,-6.085064294092275,-10.605942861719386,-15.362665909261237,-11.389788415252063,-14.506320992161498,-15.10953858536276,-20.499860714840832,3.4070465707421733,491.5642568264676,462.890625,7623.046875,-8.534633817823122,8.534633817823122,1.7124407291412354
A_bbf47653a7a0,2010s,-36.88580714392369,-18.93470111764246,-3.14039180467027,-4.526487510900054,-8.669387458943737,-20.245788163266315,-25.13766117346002,-31.245558359549726,-26.362637404837525,388.46215611025923,498.046875,2443.359375,-13.095814235760557,13.095814235760557,1.7782196998596191
A_bc8e7abc2bf3,1990s,-15.212592135838888,-9.174255683201979,-10.662263812733192,-10.5767352579898,-4.074094930635615,-7.525954611053284,-10.495983763897328,-17.404704750290726,-8.373623758972341,1662.2552516478459,3216.796875,8888.671875,-13.02605842561759,13.02605842561759,0.35067853331565857
A_bd17c5fe70a7,1960s,-12.195521774907284,-10.815833384474429,-5.282390476741097,-10.313582055029864,-4.424233185415907,-10.584330163083626,-17.922269274188103,-25.45149668681156,-8.68233299718534,786.4231838275442,1658.203125,4968.75,-12.842645104121395,12.842645104121395,2.1426589488983154
A_bd860297adaa,2010s,-17.207225807313744,-7.180470634556637,-5.341899363702131,-5.583380281238862,-7.69136145148834,-13.756383127714237,-21.466650054049097,-28.533329629162978,-7.420863477764767,495.5622766267984,708.984375,3755.859375,-10.080308364714742,10.080308364714742,1.3320553302764893
A_bd8bf5eb44bf,1960s,-24.652997167846202,-5.8390312826732504,-12.721317573241324,-12.542187016953683,-2.8458129202088096,-10.868508005596722,-16.352850333279648,-26.132183874158095,-6.740488188262997,1047.7458973991293,1769.53125,5115.234375,-13.54398083925862,13.54398083925862,2.700516939163208
A_bdf0b1a91164,1970s,-15.537192946095066,-7.763708954182121,-6.029501636650249,-7.590487136516977,-5.4101506657892,-11.672635266479077,-17.039571992705877,-22.58153576443297,-7.0511563455590585,785.1901665463515,1570.3125,6322.265625,-13.695872227958873,13.69587222795887,0.9272341728210449
A_bdfd20685add,1970s,-11.18402673735882,-7.604479601025387,-7.149088130936237,-10.283727290064684,-4.924113546574487,-9.088643547146896,-18.172361241766065,-24.672550352287143,-6.161034828853272,876.6920399039905,1939.453125,5308.59375,-13.1713116199371,13.1713116199371,3.233546257019043
A_be8090039926,1990s,-23.262476722524138,-10.230877289514364,-8.894509995982068,-6.457934189919864,-3.9102891736932808,-8.921758546931995,-20.08145425967556,-29.961790899862812,-12.874715783162259,966.8894266856621,1810.546875,4060.546875,-12.747624254219128,12.74762425421913,1.3209913969039917
A_becc00195287,1960s,-30.16091270405962,-9.387822395498407,-7.382971040882494,-4.265741263631474,-5.787322819362249,-13.441920819886326,-17.749787721178375,-30.547128674180616,-11.382582671685453,654.5494738167924,925.78125,4904.296875,-16.423178989050214,15.374710711584399,1.8790336847305298
A_bedd40532c95,2010s,-11.111529978477153,-6.983821695980269,-6.992014800956309,-11.23852006600766,-5.7613903649551315,-8.854065166222254,-13.571940739197563,-21.12166707619362,-4.7974806621939265,989.7261816756302,2203.125,7224.609375,-7.020686736956653,7.020686736956652,0.517615795135498
A_bf4c406b6d4c,1990s,-1.835725379929933,-11.093013648755312,-14.641216285577261,-14.047717940216263,-9.171414996335034,-14.417773091868732,-15.395730050822179,-21.427298990613227,4.167372390736456,517.7161392066089,744.140625,7669.921875,-9.358188382054655,9.358188382054655,2.749063014984131
A_bf58b1785b07,1980s,-28.687771880057298,-11.56889224409497,-5.654557218317676,-4.875687756758294,-5.162001646811447,-18.08853040311074,-19.634423773480048,-32.87744141783458,-11.893747733564634,531.9597803856628,767.578125,4505.859375,-20.171205849521723,17.180199564803118,2.044663667678833
A_bf5cefde903e,1980s,-11.164169569960801,-6.112097332532178,-6.742785767183737,-12.804918603694055,-4.6824270312975464,-13.355132933086393,-16.156630853165176,-24.008406913039888,-4.205536363462411,720.984464749669,1248.046875,6615.234375,-11.428236925275211,11.428236925275211,1.7616063356399536
A_c016ff9e12e0,2000s,-13.907459568070557,-7.18436532040341,-7.276520978010569,-8.708558161635127,-5.55884912418188,-10.316124539392888,-12.646259300067317,-16.80827466120894,-6.709604120991114,1188.5141279918673,2220.703125,9304.6875,-15.779823216841727,13.348292600635032,1.167133092880249
A_c02326601bb5,1960s,-33.931724494244776,-11.242639651922879,-12.144309134211383,-6.120816846915115,-2.4135724197394186,-13.87640418482656,-23.605175323858965,-37.35283293827638,-12.713281395606453,792.8896238618973,1412.109375,3357.421875,-13.66931737014579,13.66931737014579,2.3689193725585938
A_c025ed79161f,1960s,-20.763498440695102,-4.355581697782246,-8.711463429741125,-8.80151090893906,-6.13150715484441,-10.055716841263342,-18.225286619757732,-29.95007014126532,-6.556100380180395,728.9825386456038,1587.890625,4517.578125,-15.481171869043262,15.481171869043262,3.3526923656463623
A_c0f20e8725d8,1970s,-21.795637526848452,-6.339762007325746,-6.494865159996843,-10.911055913222329,-4.0405666103547695,-15.54126740365268,-16.152692971867772,-20.309339633278153,-6.881356678925361,834.1683394829149,1394.53125,7957.03125,-16.036295745470277,16.036295745470277,2.1534180641174316
A_c1333faa3944,2000s,-4.398046183725658,-5.8074987829274525,-10.28773704584374,-8.34965342571059,-9.248072016509395,-19.41379791661105,-24.46501555508259,-33.54732216849845,1.7473662399991565,270.9944868461286,439.453125,2783.203125,-23.076323841883347,17.78791591316705,4.387878894805908
A_c13de3bdf7c8,1980s,-10.808073626574693,-8.530483221188254,-8.526581292480147,-5.441597227099178,-5.359938619072179,-13.57399125088726,-18.86322113217708,-25.71075488892335,-6.299910081134482,665.758266826846,1306.640625,5548.828125,-14.040801800845903,14.040801800845903,2.5547966957092285
A_c1416da4bbc2,1970s,-15.299055512126568,-4.3416980158609375,-5.455331087616023,-8.722151543714086,-8.612086050686425,-14.638083056221179,-19.725594220134607,-30.672835514396276,-4.435590860082005,416.7519727845199,656.25,4066.40625,-13.237510566986304,13.237510566986305,1.5369848012924194
A_c17da89e0f92,1980s,-13.428909352854639,-9.400868392739829,-6.340876827748199,-7.965701530322342,-4.968653117100576,-10.000053972535897,-16.05629338364369,-23.451904134848675,-8.163710737631284,826.6310970593756,1775.390625,6498.046875,-10.312001080536985,10.312001080536984,1.713854193687439
A_c1be897b8c37,1970s,-17.72054156689252,-7.627845182097892,-6.022935714493409,-6.023866138363769,-5.696859637939427,-14.78429552250369,-21.590492847562174,-29.08041465168803,-6.949069432134992,554.760198597299,1042.96875,3603.515625,-13.03776594985207,13.03776594985207,1.8519620895385742
A_c21f1530273c,2000s,-8.536802175149807,-4.749072377965088,-6.641818794735858,-10.279990075206445,-8.106279320278265,-13.774121199687192,-18.14168696776886,-25.967560478019827,-1.1892436275093137,480.01299186979145,873.046875,5490.234375,-12.507103494535524,12.507103494535528,0.7782934904098511
A_c24482c634a1,1980s,-31.189543516045674,-21.96527176485589,-5.394543961510815,-8.806672317916917,-4.000804073513468,-8.135575761793923,-17.090109714216094,-28.87420599261148,-25.827173372583438,1056.3842321292016,2162.109375,4599.609375,-16.97673711263709,16.97673711263709,2.429534912109375
A_c300ba4a50c7,1960s,-26.639323312443217,-3.3680710024873473,-8.657248939558636,-16.471164490688793,-6.740242549438946,-7.898601359637044,-23.558767940622985,-38.55799113541317,-15.207862854427027,808.1496340942413,2021.484375,3457.03125,-9.946555581050406,9.946555581050406,0.5426170229911804
A_c3472a346103,2000s,-8.392872854830705,-7.255884746022497,-10.001458207187161,-5.707378189974291,-5.7714412817630265,-16.6503630784933,-20.7025241370955,-24.49539620964995,-3.7185061470609915,515.3262334885253,849.609375,4335.9375,-9.410230841416528,9.410230841416528,1.349056601524353
A_c37d299c2429,1980s,-13.484651317663284,-6.373472400193111,-5.7731002778233265,-11.41081266835425,-6.82440884996247,-9.384487538471866,-12.330575568568928,-22.004829000991926,-6.181665939225293,995.3582568192106,2513.671875,7248.046875,-16.185509319148913,16.185244242788535,0.7671226859092712
A_c38505af367a,1990s,-10.207500083100488,-5.994589047129397,-7.437699622094028,-11.141712603844429,-8.38593807819117,-8.058173491000971,-10.848907720035603,-19.12027920064617,-3.796619059223088,1250.2846129053355,3064.453125,8320.3125,-12.512007451438258,12.512007451438258,0.7369099259376526
A_c38dd33af58c,1980s,-14.290319226247245,-10.235849296849619,-5.265659153592569,-11.494333611976021,-6.399505266625262,-6.596666302295123,-13.8370016377643,-19.86813768599317,-9.883812801629277,1276.7268370972697,2648.4375,8056.640625,-14.731430881281586,14.731430881281586,1.172260046005249
A_c3e562ee2801,1970s,-6.4353781083496155,-6.012029248176094,-11.738228620271807,-7.497919286586513,-5.8954197193784665,-17.607556030422504,-26.34164046956881,-34.33506861115535,-0.8856161261680218,407.25044069282853,791.015625,2373.046875,-11.623398145025995,11.623398145025995,2.031750440597534
A_c4683e24a473,2010s,-18.67415399807825,-7.149437578034778,-9.443035341899428,-11.850190189475956,-2.716903744268734,-11.748360617681579,-19.65695946940267,-26.92099065302076,-7.874104690043929,891.9075585590218,1599.609375,4218.75,-13.19395566421926,13.19395566421926,1.8731608390808105
A_c4a5b0ce9a5a,2010s,-12.262943495829896,-3.8046045011122906,-5.142319724764782,-10.818455611013334,-9.73715087923686,-18.782921001322023,-20.10742355602676,-22.148569982474694,-3.5669392990416315,371.8701586569706,451.171875,6843.75,-9.17387245353949,9.173872453539488,1.3392866849899292
A_c5170ecdbde2,1990s,-8.561476050326075,-4.792777497734874,-6.876680709327793,-10.006929957831703,-8.402191728707361,-13.527689049759857,-15.492348764978503,-21.645221064847657,-1.7105405342684348,601.0831419966728,914.0625,7248.046875,-14.411275756121052,14.411275756121054,3.213562250137329
A_c57633bf46df,1990s,-6.488719286701467,-6.317079252952365,-6.6426303470470724,-10.971309590172147,-7.643912541131087,-15.519074840452731,-14.330805549165426,-20.725599759971697,-1.0522323138189655,642.260433729966,955.078125,7511.71875,-10.938757812015998,10.938757812015998,0.8710233569145203
A_c5bc61d870c6,1960s,-12.197661919938138,-9.433294058156909,-13.41204421016531,-5.390536505419999,-3.8855667624953245,-11.717892049583138,-18.483758871660374,-30.393107778302078,-7.586818212645735,816.6752432216754,1406.25,4552.734375,-19.506645811395064,16.670229125194073,4.197620391845703
A_c5ca95a5f506,2000s,-13.213020725104432,-3.460790878837578,-6.811299626750835,-12.316065577223847,-9.632936917415488,-11.81187912671598,-12.434156196611799,-25.70180026532734,-0.8126839631800133,694.5036562868718,1406.25,5748.046875,-10.51891167778094,10.51891167778094,2.2458291053771973
A_c5e0fb831292,1990s,-13.90819958274857,-6.520431603234801,-5.789788515820575,-9.538148896868954,-5.2630349202927595,-13.31562434199647,-18.22370131693843,-26.292152347503755,-5.329726570785301,604.387743311733,1042.96875,4869.140625,-12.33889956144484,12.33889956144484,1.9966912269592285
A_c646bd810c78,1980s,-16.14334979648832,-9.024541238352995,-7.398703813061069,-5.8259225766526175,-5.579145711580797,-10.77476536386989,-14.690782980639476,-18.975129592457325,-8.402608784473943,964.5771537289183,1769.53125,8396.484375,-11.343101920902718,11.343101920902718,2.2582757472991943
A_c6b76b74cf36,1960s,-26.057976724308286,-9.786941816267435,-7.904612560203626,-4.951822673257007,-3.9262679565567615,-23.725794704376405,-30.518744195522686,-31.691137734797188,-10.807309401693848,483.901871020403,779.296875,1587.890625,-22.591062225738444,19.047208131469198,4.3163065910339355
A_c70adc355b14,2000s,-24.095695602918575,-6.045378623355457,-7.633590776380052,-6.388719991373227,-5.14975989890506,-14.536426064511192,-24.38477183659065,-29.719497053262295,-6.876591806175943,521.6794030359935,802.734375,3585.9375,-13.318273561899938,13.318273561899938,2.1304047107696533
A_c7e0ad3502ff,1960s,-25.451960425034038,-18.13598394007095,-12.387646860255014,-7.440095918907809,-1.5687113295765032,-13.781832753348153,-23.176424130432608,-35.57323311481926,-18.28809329630305,879.993073900178,1423.828125,3533.203125,-14.650275162123162,14.650275162123158,3.1315720081329346
A_c8034884fb8b,1960s,-22.766109478402498,-12.24834320453354,-7.225769015576507,-8.422739516323617,-4.0680831951271035,-7.361667118574654,-15.879330235480895,-32.297742858635495,-12.597624660072654,1194.8010378735191,2373.046875,5103.515625,-9.889680383737291,9.889680383737291,0.7741243243217468
A_c8483c8e15f1,2000s,-14.734418988526091,-9.179405268057444,-4.6558546572435615,-6.099661947182769,-7.264209234842377,-13.664317221314077,-16.339169535687144,-24.204841992246017,-8.935987887592319,633.8372245164555,878.90625,6070.3125,-10.551461161183216,10.551461161183216,3.3116729259490967
A_c89b8d534da2,1970s,-14.4536424515948,-6.072869968963783,-7.7852073556315515,-9.45997896766581,-4.958287736641228,-10.843064133683622,-15.279122982258402,-22.165557009586763,-6.029077812745355,854.6932702879782,1546.875,7025.390625,-17.49330143445343,17.028891042569064,2.9606728553771973
A_c8a5030efa5d,2000s,-9.226363051557678,-4.483312186212105,-5.93399482041089,-8.906465200416985,-10.833106925464337,-14.445761021628115,-17.0654912664684,-25.973816475802238,-1.6805511578527,439.36169650133394,486.328125,5501.953125,-11.141285426395163,11.141285426395163,2.3479812145233154
A_c900899dc9ec,1990s,-11.153553854332907,-7.25989899098507,-5.446309758329562,-7.132242656968443,-6.532918744598146,-16.85456461742237,-19.688908553409675,-25.305104099563586,-5.486172372496705,487.5100175835456,744.140625,5238.28125,-14.174658461625185,14.174658461625185,2.2595486640930176
A_c944775042d5,1970s,-18.517118377564913,-7.501040971714913,-8.480270816436345,-5.79945276813151,-4.082354591047505,-19.417729482729737,-29.60102144481944,-45.514630611642005,-6.7541874138018185,494.80788878095944,878.90625,2121.09375,-15.732998173115591,14.931902024348531,1.741748332977295
A_c95610bbc966,1960s,-22.1642496180276,-8.283812132427315,-7.189722580377448,-10.158549663461374,-4.905437225053804,-7.72021709150915,-12.590446052345516,-19.68621772474531,-9.210929178652776,1320.8264061741445,2958.984375,8185.546875,-12.350321138112763,12.350321138112763,1.4215362071990967
A_c9940beb7cc4,1960s,-15.295976899287115,-7.80902617429523,-9.527425645496185,-6.68162774203203,-4.2729348918128105,-10.872926301437186,-17.716408469254446,-22.16045352218314,-8.225757458099153,854.9298727382076,1652.34375,6222.65625,-9.692271079667957,9.692271079667957,1.1430214643478394
A_ca369b562ce1,2000s,-7.912161588792861,-5.332275663310522,-9.921342734685874,-7.488866399786859,-7.331225212081693,-13.981542776047835,-15.831615746583179,-18.459549759043202,-2.1170237103997778,693.3311805150831,896.484375,8742.1875,-6.849514935102422,6.849514935102422,0.9920517802238464
A_cacd3b0e7bad,1980s,-15.20778664384963,-9.134740327069434,-5.806625893538815,-7.6078344236348485,-4.501155691619082,-14.833862625845104,-16.647351004216453,-26.02063843326988,-8.470448606729228,669.7678108916559,1177.734375,5595.703125,-14.572059820218566,14.572059820218566,1.1961456537246704
A_caf1955344a9,2010s,-10.781558458993384,-5.515695035241478,-9.418534903318427,-11.94196880460919,-4.829284798258008,-10.253397474314554,-15.108237824791097,-24.82178100937039,-3.133274320301838,880.2016101555988,1769.53125,5923.828125,-7.392637719576656,7.392637719576656,0.7918333411216736
A_cafddb105cd8,1990s,-18.944846842212982,-4.65062776562552,-5.7131782986180895,-9.849491439338966,-9.02105211347368,-12.10495331618046,-10.943596282377218,-22.738272146853454,-3.3312189770561917,879.6990391658292,1833.984375,7294.921875,-15.192213632943234,13.099434207300018,0.796843945980072
A_cb0f4e383013,2010s,-6.084865674211018,-4.73428125213248,-11.106386770102715,-12.842159556623411,-6.728479163426366,-12.686058457445132,-18.176104497769824,-21.86151236182688,0.16609931237812603,566.4461047897274,1060.546875,6785.15625,-10.472953184950722,10.472953184950724,2.4247045516967773
A_cb5b36f83f97,2000s,-3.162358957726456,-8.488595682711562,-9.805134929371231,-10.75917528553706,-9.85839425183759,-12.657733070756553,-16.68557809567837,-20.950849785977084,1.7190161037727059,527.550893100938,638.671875,7517.578125,-8.114590219275371,8.114590219275371,2.3217689990997314
A_cb7a5374c2f3,1960s,-18.36865904051257,-10.819873616319612,-8.818270498148046,-6.398139228770488,-3.1741357402698487,-13.515430289603987,-20.62294355492263,-21.235253826839646,-11.787146133539599,809.2095019934927,1177.734375,6673.828125,-12.502151532563081,12.502151532563081,2.7509918212890625
A_cc35ede7ec44,1970s,-24.213601243018363,-4.004245444566829,-4.3195270409063555,-13.054166697605112,-9.37129348257724,-13.475041305110105,-17.885667939066614,-26.286606755649448,-5.9867367528734885,485.08111316925977,708.984375,5033.203125,-14.519283498964462,14.519283498964462,1.5645967721939087
A_cc8b46dee49d,2010s,-45.02806720668045,-43.95524078881553,-25.090228390545242,-1.0614770031190428,-6.965488174255867,-19.12765517859025,-35.178509899592996,-46.63177705629263,-42.66356006830935,475.3368904022103,591.796875,2103.515625,-14.927848677366946,14.927848677366946,2.5838847160339355
A_cc9a7d8c70a1,1990s,-43.61144808345414,-42.985227522481864,-5.3942911741938495,-4.781569177915288,-5.702828555085833,-11.041313651077342,-15.251673235799807,-29.653992816395714,-41.4717651773514,829.70288835888,1552.734375,4376.953125,-17.92122597256503,15.771596201413862,9.687973022460938
A_ccfdad6d3eb9,1970s,-14.74164400416226,-8.370153201773372,-10.039633033121852,-9.17924830237127,-3.016469857194079,-11.142557367651516,-17.121234162129547,-22.641635789385237,-7.104289111073955,973.6641042439975,1646.484375,6656.25,-9.7924399951487,9.7924399951487,1.404934048652649
A_cd02a7e09f66,1960s,-18.002723113987273,-8.035741939867725,-5.995800135418382,-8.937006127657018,-5.054357291426297,-9.86961985051902,-15.303507716752405,-25.263282273117724,-7.7920972214500175,887.1549978515725,1939.453125,5091.796875,-15.357502191440622,15.357502191440622,2.6235413551330566
A_cd29f88708ef,1980s,-7.495673381804005,-9.378781158966616,-13.648446219674659,-6.959615878344532,-4.736009868330556,-10.432338194548274,-15.716554897503263,-20.61690343023934,-4.210243252228404,930.270049370771,1792.96875,7787.109375,-17.77982437957142,15.558262069682677,2.8646867275238037
A_cd2b5d7e2d29,1960s,-36.01227158947749,-17.02116499173544,-14.37689456484308,-8.188991962404897,-1.6304011262513072,-9.973354258063592,-24.259596818690973,-35.503633229129356,-18.210000050920225,953.972359097533,1423.828125,3386.71875,-15.58861335482183,15.58861335482183,4.431593418121338
A_cd627e3cbcf8,2000s,-35.868089895633084,-25.627358237006117,-10.279422385586432,-6.9153576536616965,-1.680324748347494,-17.691291854633718,-25.498080075882438,-31.005323125502102,-33.056294370744766,725.2322832763747,1007.8125,2994.140625,-10.577824550101916,10.577824550101916,4.313592910766602
A_cdc30c1cebe4,1970s,-26.352280572181886,-5.0982788772487595,-6.339372263851747,-6.147934370886894,-7.292130231049585,-17.611932641832503,-21.016500964679498,-27.803699962044046,-9.00847847239626,425.7826330283428,697.265625,3849.609375,-19.925023328901467,16.31233487983135,2.412482261657715
A_cde4d9ce4a35,1960s,-36.8898259503759,-17.450057869901364,-8.664592598175176,-5.440738234296338,-2.5275334468468302,-29.11363561484606,-41.57420136916598,-49.07187759936137,-27.740375031751576,568.645495704036,1013.671875,1324.21875,-29.594197579803172,16.917456330175785,6.685964107513428
A_ce3b376bc6a7,1970s,-19.191739639199675,-11.457951403077695,-7.82244948034334,-9.415474478479004,-3.0004935241568442,-10.09902165920747,-14.759029852304767,-23.31794907736555,-11.554863107917582,1112.2754020337657,1869.140625,6679.6875,-16.57738859420778,16.57738859420778,2.8429219722747803
A_ce52381bcd8c,1990s,-11.515887438509338,-3.807529896685789,-4.377231170530988,-11.839140032653756,-12.809797367660343,-16.365383495612658,-21.52112466179005,-34.511836000815826,-1.06986769854575,248.73590860298575,210.9375,3386.71875,-9.265090960805198,9.265090960805196,4.294700622558594
A_ce78559515af,2010s,-15.648611640817155,-8.383874567186544,-6.953745093773673,-11.294950839247683,-4.116691235339385,-9.416811327721376,-15.180210450556723,-17.090685527034665,-8.486092345368526,1193.7724757730239,2091.796875,9333.984375,-10.754897114555064,10.754897114555064,1.712674617767334
A_cea6109d6762,1980s,-12.616490985493831,-9.145681433505167,-8.88648849405733,-8.593789783171399,-4.712820474154746,-7.855222491999641,-13.004027076925254,-23.69298043326645,-7.582245869535616,1217.5610376848206,2490.234375,6796.875,-10.030847499635836,10.030847499635836,0.8838062882423401
A_cec359fe89d1,1960s,-33.45546734685618,-10.393665288083414,-14.055857311704882,-8.720626639646454,-1.3851772141083445,-21.568808599789993,-31.2335254408113,-46.64242916782968,-13.429400027753658,706.0568590519935,978.515625,1880.859375,-18.559957929642383,15.267157449175325,7.4400529861450195
A_cf004af2ac76,1990s,-12.681283666090481,-6.461516513563652,-6.618487341482307,-8.974205917170105,-5.5280595906921,-11.992094790253017,-15.809899825364397,-22.052247046588946,-5.301283840725835,780.0218941512474,1412.109375,6902.34375,-11.921319442372395,11.921319442372395,1.055187463760376
A_cf6241bd7fe8,2000s,-21.98886207393693,-8.189723018984518,-11.414453674632059,-11.509518885891001,-1.6603682548791074,-21.0293248012584,-21.426022111065897,-27.581305148662235,-9.290200266052032,648.4289436630818,826.171875,3509.765625,-14.44659503443162,14.44632995807124,2.5247037410736084
A_cfaa8d6bd20e,2010s,-11.459124849423489,-8.391333715652681,-10.492180485512865,-6.7843637504988195,-4.50849744006817,-10.095278581671254,-16.56318346996604,-19.697845145194382,-6.158122573980417,913.3849659979206,1804.6875,8226.5625,-7.9499980773087024,7.949998077308701,1.1814663410186768
A_cff479c1435f,1960s,-23.910568277414015,-4.457333239431033,-8.912937320863026,-5.987459586476181,-6.111024382344679,-20.05518624186273,-28.068589041567094,-30.085252728860898,-7.733677417609167,424.84082693644916,919.921875,2115.234375,-13.012701331634933,13.012701331634933,2.5101397037506104
A_cff588fdffee,1970s,-14.077885416210146,-5.274392344590338,-8.766472380092381,-11.95303750304954,-4.46793451118534,-11.05821927280637,-15.983460978818618,-21.959327949255076,-4.128685509017008,877.4984001842328,1722.65625,6802.734375,-19.23065099916765,16.819437443321664,3.1590206623077393
A_d006bb10739b,1990s,-15.680147770012876,-9.349018733426252,-5.856059041585679,-5.945806632811167,-5.86255698993034,-12.660099585679808,-17.017921595504664,-20.24130355416724,-10.004694303129849,739.372055319793,1048.828125,7851.5625,-12.546902370299254,12.546902370299254,1.6036300659179688
A_d129994fc893,1960s,-23.052442365063385,-9.858582172484985,-6.247470553028149,-5.163102570058504,-4.959077895729846,-16.09955584315997,-23.739611679115697,-27.22894609941193,-11.128597144081528,553.860644593079,832.03125,3333.984375,-20.292880818053195,16.73905554872718,2.03322434425354
A_d14b62f71931,2010s,-15.34599907184014,-4.5944376156891,-7.779508486293533,-9.817904034107398,-6.150949697901218,-10.517138315283018,-17.1340483014616,-27.295858568911697,-3.9572957161689692,702.4898208211071,1324.21875,5431.640625,-20.723396461737906,19.085634455502763,2.472848415374756
A_d15838bb7150,1980s,-15.040771403724957,-7.7014037946527845,-6.0349764163795685,-7.474793351934693,-4.808737616708504,-16.157058227915975,-19.902642667690554,-22.256721457719955,-6.804005918590937,563.2438078160054,785.15625,6375.0,-9.592013989670642,9.592013989670642,1.8829277753829956
A_d1c99239782c,1960s,-28.53590928896177,-3.6141071928045694,-8.808667963783886,-7.400724753454831,-7.067592441865279,-13.916152748863027,-19.923711458781955,-25.548036004940393,-3.584537403019171,496.3542757106317,738.28125,4359.375,-14.784622931978602,14.784357855618222,1.6686699390411377
A_d1d56b5bfae8,1960s,-18.82122792043708,-7.1366592687846175,-10.189889241089414,-7.878371639306146,-3.345582177372824,-13.288290161570915,-16.4991959489222,-25.717403876873618,-7.77297258240398,820.2652249948982,1335.9375,5871.09375,-12.76463052803309,12.76463052803309,2.5512490272521973
A_d1efe3d73643,1980s,-17.2923648354034,-7.610431006061185,-9.397658987837946,-9.87475969682598,-4.3274245469222885,-7.622488603368463,-14.01400566656569,-20.747577668913667,-7.053292377106245,1216.8865156577583,2373.046875,7798.828125,-11.60797514938027,11.60797514938027,0.8321645259857178
A_d219cdfb3d1e,1960s,-22.00692707464581,-9.656413007918262,-6.062751765062514,-5.3244833531423374,-5.132245432564475,-14.760382365290718,-24.19989394258318,-33.38719796202835,-9.411096533905228,548.0568208343898,867.1875,3433.59375,-11.786032968084426,11.786032968084426,2.318390130996704
A_d227b3622a9d,1980s,-26.306597720797427,-8.195078325853489,-6.322349654641835,-7.878501078458418,-4.877929222504882,-10.742114814063687,-15.019694471670704,-20.50045614951201,-10.052569263164454,925.3801943636956,1675.78125,7804.6875,-10.878840317338966,10.878840317338964,1.9575408697128296
A_d2ccc24ac70f,1970s,-20.737737813526984,-7.94857441808288,-4.630138447613421,-5.168338641979573,-8.73834572354037,-14.64389172556957,-18.955587753707416,-27.24187766516242,-7.844851229404506,505.26728196211803,632.8125,4687.5,-11.184917910807066,11.184917910807066,1.7569588422775269
A_d2cdb0269b33,1970s,-41.74456374570093,-29.375734594269872,-10.425999617735261,-10.211700273895561,-3.3649989597239376,-5.130958259893346,-13.83106431228346,-24.124922424044534,-36.074238995983066,1771.060904086173,3375.0,6216.796875,-24.127123228934344,21.793932384782778,3.022706985473633
A_d2e9dad8baf3,2000s,-10.099828471420109,-5.256850996947287,-5.075313777315654,-8.42939617387068,-10.620822046636212,-12.954201940246206,-20.805998236845625,-23.75856279133385,-2.5898941170529866,434.2759458306935,498.046875,4757.8125,-8.65477054263245,8.65477054263245,2.466580390930176
A_d320f5ecb53e,1990s,-9.557284764774499,-6.43083562283017,-7.396112425750651,-9.544224282923917,-6.271111388227975,-10.91270609960384,-13.365474249378329,-22.598426473389562,-4.552017424252991,872.1856914718292,1763.671875,6931.640625,-9.71226366011621,9.71226366011621,1.3981847763061523
A_d3603fa26d57,1970s,-29.605004415998838,-15.542181988286432,-12.266532203006378,-5.647482959660249,-2.5728331556004473,-11.408018582492623,-18.627952852805404,-36.758220445840365,-16.469244187432363,901.6732134483834,1335.9375,4470.703125,-20.606224441498835,15.329016887820101,1.2680163383483887
A_d36d77204f65,2000s,-18.08718742955019,-9.915723803053504,-6.69701879021635,-5.314363910655557,-4.4065884203541295,-22.129687430707573,-23.27840019471595,-29.727929447193535,-12.104877137410966,492.96048468958855,820.3125,2144.53125,-13.492230166161239,13.492230166161239,3.895416021347046
A_d409a10915c5,2010s,-36.253071470628214,-9.580931086859314,-4.651982253757615,-3.6649246920115437,-10.126544040588232,-17.88155900890086,-25.599327904147202,-30.901173858522718,-15.30696366474275,381.66919618223125,474.609375,2595.703125,-15.35567307604984,15.355407999689461,4.039657115936279
A_d43c086d839c,2000s,-16.786484877935152,-7.589910481570714,-8.50791848810542,-5.96185731439665,-5.506210919365545,-11.093264193219659,-13.80082413403446,-20.178710497271048,-6.891259250174367,966.9513008285011,1675.78125,7927.734375,-11.097014647357637,11.097014647357637,4.7433342933654785
A_d49482b0b092,1980s,-13.661494658737002,-9.271823051160816,-5.56849660494146,-7.226132546307689,-7.014535312845429,-8.552857861567308,-14.80091442317347,-34.36550729254905,-8.04433185964135,886.9149717252382,2150.390625,4453.125,-11.781596993112935,11.781596993112935,1.7491447925567627
A_d4986d766416,1960s,-20.90365605121884,-11.651554841118777,-10.900924254788286,-8.165354084983559,-2.553532871906521,-9.98093701883252,-15.415488716925992,-22.96884477838876,-11.575097400357226,1112.5982859434782,1904.296875,6802.734375,-11.44359798612997,11.44359798612997,1.736533761024475
A_d4e45e0078b6,1970s,-18.58486984089522,-8.258319023502457,-7.73541130309798,-7.3958928455575625,-3.723959896738886,-13.128175648366796,-18.990408704864553,-31.473363743466834,-10.257005441129232,694.4458542626938,1148.4375,4277.34375,-10.839808073420404,10.839808073420404,2.056579113006592
A_d51876ad4802,1960s,-20.94388288811245,-0.5526313380043277,-11.254689718135113,-15.405678892220692,-21.434554778955814,-33.82830938817456,-41.01179950833827,-43.28770550806858,1.3578831637118332,119.76577633744807,111.328125,410.15625,-17.26707703945823,12.09820269851,1.955324411392212
A_d53931551bb9,1980s,-14.407129340122902,-5.198973008302853,-5.869951206171942,-6.277843749141121,-8.8604536354546,-17.01113882362433,-19.268970688330207,-22.595685953829733,-4.430145577598809,464.7412768508551,597.65625,6392.578125,-11.98923055196109,11.98923055196109,1.341496229171753
A_d55e292df0e5,1980s,-18.901970665089785,-12.608828886968386,-6.765063197318261,-9.621347710968369,-6.821391240635474,-5.165505089719106,-10.227632951375067,-22.713613886396814,-13.264739981171747,1711.1809611178048,3421.875,7353.515625,-8.131201488861997,8.131201488861997,0.46271395683288574
A_d55eb68e8eae,1960s,-26.92632524641237,-12.804266211650186,-5.227756278240002,-4.981231985633709,-5.67770668763993,-12.73492330948506,-24.04890071896574,-39.045875577367305,-14.704020020339728,607.8528976751769,955.078125,3726.5625,-12.921187418149405,12.921187418149405,2.8148772716522217
A_d59687d73505,1980s,-9.777175771316855,-7.468502370254933,-8.820626607371448,-5.889184361927791,-5.340617597445663,-16.362651585147358,-20.955847538341157,-24.912200069122648,-5.203991707323066,515.5285808197799,796.875,4107.421875,-19.625034647085606,17.637523766339132,2.553614377975464
A_d5a7c85b2195,2010s,-25.170999263759942,-8.502702529833295,-6.76863598829482,-9.143008915927822,-3.570136706683773,-11.597628017506338,-21.3284400081291,-21.294697757988864,-9.155715782648233,787.1838787591703,1318.359375,6544.921875,-8.668387477132457,8.668387477132457,2.1019949913024902
A_d61c3c935a47,1960s,-18.749311043532067,-5.873758896605526,-11.781125630947272,-6.730769176842859,-5.245971116038549,-9.132112421364566,-15.633228393127967,-29.382099650854542,-4.484691810468456,927.2705479366012,2027.34375,5220.703125,-7.5355660777384585,7.5355660777384585,2.840667963027954
A_d675686c5d77,2010s,-10.6543005247529,-6.753085704608367,-6.495093262177098,-11.0542927438273,-9.358583768547335,-9.168384322909919,-8.731315611705519,-15.336055399610768,-4.534524117430849,1598.3559911453956,4306.640625,9591.796875,-6.840876145950741,6.840876145950741,0.4821103811264038
A_d68e5c65aba4,1980s,-14.903936594598017,-8.283858773845486,-8.530318513934182,-6.96670530048295,-3.4677423856240246,-16.887459030682148,-22.354113456026276,-28.04132078281391,-7.73775011038062,625.544861027609,1037.109375,3498.046875,-19.39619503149509,18.68014190768847,1.9934539794921875
A_d69784fee4bc,1970s,-19.817392399133947,-8.652945318578512,-9.600783342930153,-5.684596067394951,-3.7923218944518577,-13.739600102124198,-19.11383251189575,-28.776269541853683,-9.59122989318452,718.7363248089114,1283.203125,4804.6875,-17.227955485183102,17.227690408822724,3.190964460372925
A_d6ca019c5c27,2010s,-14.667304869708778,-6.3946186567853305,-6.179311140381846,-7.405959814787396,-6.887152793075826,-12.190324571252855,-14.641205451464394,-18.46974579763382,-6.337335803279601,834.6038757961273,1347.65625,8396.484375,-21.115386906573196,12.723020706145508,1.2293258905410767
A_d70fab3b748a,1990s,-26.11864172889021,-11.173587129494958,-6.979331122526077,-4.113999961475811,-4.930955587323664,-22.690523983604184,-22.271360225646934,-34.44415735296446,-12.143835463845525,507.266708421159,791.015625,2835.9375,-11.791023508548244,11.791023508548244,4.143235206604004
A_d73e1a74846c,1960s,-18.377014477480074,-8.297344748339402,-9.375202152854566,-5.594119490333336,-5.090838952445692,-10.07197294648625,-15.907707947069543,-19.03030705664395,-7.725451093401645,1033.9057960652165,1898.4375,8425.78125,-13.875209216446468,13.875209216446468,2.610320806503296
A_d78450a63f3b,2010s,-25.428132713921396,-9.298288146799866,-4.183232698384204,-5.192341329643008,-7.995775567910269,-17.21965983055614,-18.105600455495484,-26.32672409834756,-11.734098979034354,510.27462087402785,638.671875,5279.296875,-17.515922286599604,17.515657210239223,2.4897572994232178
A_d7a0c557d0ab,1960s,-30.695937718107572,-11.640268233998887,-8.970766683711226,-6.149832438828511,-3.5847436339937606,-9.383130001138086,-21.136093288815644,-37.501829214074796,-12.26408399514816,884.8591828466817,1798.828125,3943.359375,-15.407665293861886,15.407665293861886,4.486778736114502
A_d820264cd064,2000s,-11.707175903230066,-9.336144552314195,-7.5799296234441265,-7.880976252429658,-3.6820841861232214,-13.832933543674882,-21.381315200292992,-28.18543709088445,-7.271005580132508,698.4010409955972,1271.484375,3714.84375,-9.149370628830379,9.149370628830379,1.790876865386963
A_d8343bb11062,1990s,-13.585340887369977,-5.595809752226581,-5.903380601267651,-9.939191788782342,-7.725774618632792,-9.823713093641647,-14.282093934301232,-19.210639270947176,-3.9767662763768046,882.9155218100252,2056.640625,8460.9375,-7.48574307068412,7.48574307068412,0.4533331096172333
A_d847aacc8e72,2000s,-17.12724676752586,-10.924663717590999,-6.622016435425141,-7.238196529655924,-3.867952936712275,-12.338081604273883,-17.528453596967378,-21.662869313951315,-11.145483111185378,802.7353644324577,1189.453125,7066.40625,-8.177609067258786,8.177609067258784,0.7930150628089905
A_d8a655a96c4f,1980s,-8.831468940543848,-3.1011579090271324,-6.853743608451083,-12.099956194217437,-10.857164173531714,-16.49381344613872,-22.08758640390194,-31.157233072777615,1.4282356998382562,286.8455643663448,316.40625,3873.046875,-19.146928205056323,17.567543406051865,2.748216390609741
A_d95ad5acab74,2000s,-30.110774897119935,-8.904297397383981,-3.3757506336931704,-4.716996013673004,-11.63827893821519,-24.431148734198334,-30.645932827868624,-39.32424981390015,-12.76413682874578,287.4257157386845,433.59375,1388.671875,-11.194677252920378,11.194677252920378,2.8776936531066895
A_d9bc3adce634,1980s,-19.3098201964125,-11.897199115633619,-7.094136207925513,-3.7803048006369835,-5.46101558724893,-16.465492160417906,-26.697484699451806,-32.41274654669196,-11.342468657620756,492.3429785210397,714.84375,2654.296875,-19.07433531999001,17.301740620062766,4.272655487060547
A_d9e5e59e5e9c,2010s,-7.141963999214017,-5.1476861883936,-8.495778398325568,-10.273681331348914,-9.162227925606452,-9.816326196535607,-14.386409264480326,-24.05220738928533,-1.6247724515126218,744.1206613071467,1875.0,6433.59375,-7.978061756593377,7.978061756593377,0.6174106001853943
A_d9ff5b1c32dc,1970s,-20.782379284385545,-12.299416602238182,-5.378677841301754,-6.282775796529934,-4.595298873598598,-12.846539075872656,-22.792805862703087,-24.82966608194484,-13.319763201963115,658.3262255992972,1136.71875,3861.328125,-14.52063198046767,14.52063198046767,1.9654126167297363
A_da5f00594739,2000s,-16.139074437816127,-8.691900776727001,-10.16021962310126,-6.228553811081328,-3.176822267656427,-16.910446529158108,-23.96640607715375,-35.788497518074195,-8.049331918979014,689.6127943759828,1277.34375,2812.5,-15.356304729490553,15.356304729490553,3.2250430583953857
A_da9bda036e6f,1970s,-14.581254955250227,-8.674298260521457,-4.484804860227819,-7.5484190373983315,-5.711690055931572,-16.964357038467234,-21.231053917423367,-28.275886308382372,-8.289879720813204,500.358883683099,908.203125,3662.109375,-15.927026474211006,15.927026474211006,3.343700408935547
A_dac589276c68,1980s,-18.72476791905902,-6.847989689581407,-6.603353563833298,-7.019371294810147,-4.973942537542239,-15.686303223595356,-18.673197041354882,-23.975432847173398,-5.946341498257173,615.0144999873648,1037.109375,6005.859375,-14.455896481765505,14.455896481765505,2.4236717224121094
A_db09b0ea12f3,2010s,-19.185544167373653,-13.205905095046287,-5.9668580165952925,-11.445003448768851,-3.502359328604578,-9.524390497011586,-13.650668548714513,-18.48637504029775,-13.816526579403508,1266.3406969311575,2156.25,8900.390625,-6.813692331811688,6.813692331811688,0.7576377987861633
A_db32456d1d03,2000s,-13.881062415871794,-7.59221272843522,-8.808611888269258,-9.1251203730208,-4.528769104965125,-9.266093554902122,-12.39254294438318,-25.87407510186294,-6.193910612364918,1072.9372680834206,2513.671875,5015.625,-11.05586678679863,11.05586678679863,1.1357446908950806
A_dc5c44bfcca4,1990s,-8.751456048266528,-4.71125730887092,-8.222732683452854,-10.287354329844637,-6.7406840371305945,-13.284416911559255,-16.20114574744094,-27.362215083146108,-1.8758315710204667,601.2859872227197,1330.078125,5097.65625,-14.00500778454569,14.005007784545686,1.2135626077651978
A_dc7a1d0317fd,2000s,-20.678322464354526,-9.125684667154605,-7.647040098818595,-4.121122899866176,-5.864611257998218,-13.406009894779128,-23.109408016530818,-33.93947429394758,-8.814685038171914,591.8320906470002,878.90625,3527.34375,-14.778358627301069,14.77835862730107,3.0658106803894043
A_dd73262cb86d,2010s,-20.346467937359783,-7.493833085848913,-7.8232221157880355,-4.833891383056959,-5.008537264413868,-26.255505636089566,-31.686584388944063,-33.95589855713106,-6.897828227865078,426.51935225017274,708.984375,1412.109375,-13.282445952409631,13.282445952409631,2.3097150325775146
A_dd8a94db9520,1990s,-16.574183578124895,-10.899683341003561,-7.263685686313387,-5.347901910022356,-4.2347830475247425,-16.87229753975869,-18.623765180337628,-22.50741251823955,-10.301079875024694,697.6853500234693,1212.890625,6726.5625,-14.476725369825825,13.654092022206932,1.8652516603469849
A_de288316f79c,2000s,-14.30840584229341,-8.008681942342857,-7.163747071487729,-11.220740261061302,-3.8455095256837484,-10.185639162621696,-15.977403964872696,-24.538778330319225,-6.730995074041114,942.9381285358799,1810.546875,5613.28125,-10.592533473661238,10.592533473661238,1.5942624807357788
A_de7e1b7edfd3,1970s,-17.64043624270888,-9.700185317084086,-8.519292731478604,-4.752690953120607,-4.101815135245034,-21.896590017639493,-24.24864546247938,-29.40691740412159,-10.241864829013902,518.0446695779857,785.15625,2250.0,-16.92798817298662,16.676813712617136,2.6412596702575684
A_dea3a18a3ede,1990s,-14.659920880607407,-5.11639732347835,-12.672909779622872,-9.440019045792704,-3.8128269861585724,-12.890734401196806,-16.88427445466097,-25.837077941598046,-3.7987937581951763,753.94325556135,1183.59375,6533.203125,-15.757662834200021,15.757662834200021,2.180302381515503
A_decd6934c011,1970s,-16.664197932140656,-2.9238374729167003,-7.475162054685885,-11.804066509492365,-9.044064178522252,-11.633063901115852,-15.659119299899643,-25.109088821538936,-2.219391700864794,620.7929821059234,1417.96875,6404.296875,-18.10868119864988,15.84319000008562,2.1674656867980957
A_df3f88e2468e,2000s,-16.435953089216543,-5.475807915951366,-4.516770671007656,-9.65369808751333,-7.804788135911327,-13.318895301757593,-18.198712720427203,-23.339658692277816,-5.562259316444642,559.4703757633883,949.21875,5859.375,-7.176768830203036,7.176768830203036,1.8447251319885254
A_df4ffd68741c,2010s,-35.7682408530085,-12.392614796949646,-6.1192814783721925,-4.312145144871065,-5.136501597475198,-18.534455041098173,-22.394998533394904,-30.025953546852705,-13.406172586795705,536.0566240599817,837.890625,3041.015625,-13.753551797099266,13.753551797099266,2.999894380569458
A_df7f907b19b2,1980s,-17.267017276037606,-7.04976571593221,-5.19804630245443,-6.239463425297268,-6.674146999650939,-16.831528978722982,-22.795423073244127,-25.12649350153758,-7.146114101406034,446.7280336612912,603.515625,3720.703125,-15.273826623281138,15.27356154692076,2.4331214427948
A_df84af9491d9,1970s,-17.68756122569231,-7.290428274750652,-7.283190188783701,-7.41642855880671,-3.8827424542638145,-18.234327905952764,-25.54693151917754,-28.766051084149517,-9.39210941443162,513.840421317554,714.84375,2666.015625,-11.748340632428802,11.748340632428802,2.7661569118499756
A_dfa1bcd54b3e,2000s,-26.181040285880467,-12.318152573494583,-9.12876431161455,-2.506508748647035,-6.693073433720654,-15.031502388240307,-20.388989156927142,-32.49388449861086,-21.744108741218827,562.4409700743585,814.453125,3937.5,-11.033279001051062,11.033279001051062,2.2240335941314697
A_dfeb133922a7,1970s,-6.267007276590192,-4.464063583136185,-10.73059285264529,-11.900084881576499,-7.770079883769052,-13.785128364161798,-14.219060771852012,-19.931560544812758,1.0688496946344672,684.5966590409994,1195.3125,8027.34375,-14.92972054944566,14.92972054944566,1.7405864000320435
A_e011968b7d74,1960s,-27.775579867211167,-11.640773372284702,-7.874591018497369,-7.039324634077478,-5.259729156402527,-6.129818019906944,-15.888956391765596,-28.230153434073205,-12.014913128564253,1203.4713262389384,2619.140625,5080.078125,-16.104002882312752,15.314526265913706,1.9396878480911255
A_e031378636b4,1970s,-18.604369877622066,-8.547842447284594,-5.457088676327756,-10.150809441910745,-5.263432389950456,-8.744791482139346,-15.752898631394874,-21.21376146485798,-8.690556389479946,1011.4325822985401,2197.265625,7177.734375,-12.205033533768647,12.205033533768647,1.6069633960723877
A_e0b0539171ab,1960s,-17.324012263476874,-5.023737476903789,-6.606354004029082,-9.592220437274817,-6.201521324620257,-11.405144009961113,-16.46121331339376,-24.05408900820688,-3.8194873086387227,722.5458945897792,1441.40625,6281.25,-14.25950657362284,14.157922300030762,1.1121829748153687
A_e0b09f6c95e8,1970s,-14.421778958886055,-11.83978894435117,-10.526433329796143,-8.555974033113868,-3.2731820148875572,-7.897640514676109,-14.977516714583349,-22.449328371774904,-9.885725156385245,1246.076569160845,2238.28125,7095.703125,-18.136039634541106,18.136039634541106,2.7882614135742188
A_e0b247e81686,2000s,-11.577197999226492,-4.6692862647496405,-8.572048248915369,-7.400502094534117,-7.8853306906662946,-11.998360851639493,-15.116788691147924,-19.321157391137383,-4.034697097261153,772.5610470361987,1248.046875,8419.921875,-13.82584932488424,13.82584932488424,3.3380038738250732
A_e0b4944bd9fc,2000s,-11.375574959800957,-5.69241268942643,-6.0554224624107,-7.320983706764521,-7.972139064721787,-14.6579944445186,-15.996957302541027,-22.716911848782033,-6.132421558348388,571.2056163565628,626.953125,6902.34375,-7.814278801960287,7.814278801960287,1.3759288787841797
A_e12b24d5ffb1,1990s,-14.087007728322408,-8.519665038163332,-6.397047159447293,-7.793445747853371,-4.805155805376805,-11.323317646299866,-17.632021890866653,-24.96390911381859,-8.32416403517308,794.3677184453022,1482.421875,5203.125,-15.590175908981651,15.590175908981653,1.4465290307998657
A_e165e3552d30,1990s,-13.645253425406981,-9.064550418480218,-7.686227986362034,-7.561669152170617,-3.3711815059559633,-16.931682166917536,-23.037748891282575,-27.663824391909802,-7.828087662515938,597.2056075896229,837.890625,3275.390625,-13.550953030036876,13.550953030036876,2.924013614654541
A_e1734e667f2f,1990s,-18.79994598411965,-7.19255575053166,-11.051179630079094,-12.240737124090494,-3.3342635836051255,-8.09382603039678,-14.62730402206244,-23.839729036860817,-6.623702794406939,1248.8902152335766,2349.609375,6416.015625,-23.89854551316151,18.95642509298844,2.223449230194092
A_e1bb83350f80,2010s,-9.510133524948822,-6.90658139827141,-6.109745858598795,-8.694352194601276,-6.892018490999083,-11.502590240422148,-16.6049800501681,-21.51924685917866,-3.8971106758273084,707.301042142211,1435.546875,7054.6875,-11.658086650647263,11.658086650647263,1.761003017425537
A_e1de2b5f5d44,2000s,-18.83498087969958,-13.094939386381734,-11.081556499740671,-12.774515168130883,-3.5540628420208167,-5.04046113656599,-13.221263740397868,-22.95743353456406,-12.97283251569005,1696.6899201370643,3005.859375,6492.1875,-6.868190965967552,6.868190965967552,0.2343963086605072
A_e25e7e521820,2010s,-13.441483759828825,-8.052627989089645,-6.360320542186767,-8.363307854041551,-5.140524766579925,-10.913977498019108,-16.366492719355747,-19.61844063902181,-7.304755639535761,827.9138356809676,1552.734375,8185.546875,-13.082754001687796,13.082754001687796,0.906135082244873
A_e298c60d9767,2000s,-11.720211937164748,-5.972846499527819,-9.083148966112951,-9.63735362241529,-5.487257433748647,-9.337516370319893,-14.343852870758516,-19.280603605501,-4.512770377266263,1022.2607672398931,2156.25,8460.9375,-10.190822292750335,10.190822292750335,0.7114498019218445
A_e2ba34d48445,1970s,-22.72652487019332,-5.718637463125164,-4.032478010686462,-10.597311974912728,-6.630342186679671,-17.050332594566992,-22.12673085205813,-28.97443516937328,-10.068537762725738,457.2059696911519,1083.984375,3533.203125,-17.688922162891348,15.954602787328302,1.5117367506027222
A_e2fc23f2c210,1980s,-0.8191398218968569,-11.358596712757066,-17.719782102272802,-16.80213784135272,-14.391990756371289,-23.62980044557405,-19.21312077025332,-20.824036233910977,9.320496296667761,255.34293146350373,82.03125,7564.453125,-10.392203668174972,10.392203668174972,1.6983623504638672
A_e39db6a910fa,2000s,-21.028586142300743,-7.512238021307151,-5.695305882332111,-9.609046438787592,-6.262011817365987,-7.673274993682343,-15.974561271711638,-24.820687954881176,-7.531451787247235,957.0462562008098,2390.625,5812.5,-12.097580300053167,12.097580300053167,1.347033143043518
A_e3bcb5f26d88,1980s,-12.292021741335763,-5.711338565603581,-4.946334926225382,-11.213042211309741,-7.912523737775451,-10.128728999424537,-18.592385214186766,-23.825497647646415,-4.378002882103234,666.3308264828904,1763.671875,5830.078125,-15.189561981086072,15.152106140828563,1.8624026775360107
A_e3ce76c41278,1980s,-17.855029471102768,-10.297917146287347,-7.240412876627111,-9.753077164456608,-4.480532825815892,-6.957096653779202,-15.016821973642013,-22.07881008206517,-11.299611380944823,1220.307951813076,2689.453125,6960.9375,-8.738655190783854,8.738655190783856,1.628825306892395
A_e4148d296069,1960s,-16.284186610841154,-7.133915168678611,-5.66144807401553,-9.35070669147729,-5.855425530529816,-9.504868601692651,-16.566628262698146,-28.206242328168123,-8.06325788230502,793.0597052302469,1681.640625,5097.65625,-9.890015816065837,9.890015816065839,1.2299975156784058
A_e44b685fe5b1,1970s,-12.140197849759492,-7.1085772722528375,-6.841598181891665,-8.098804899994814,-4.700670873877285,-15.795683466456703,-18.216650656663738,-26.481583312046997,-6.031075126932332,603.4326307633517,1060.546875,5648.4375,-20.42773184026077,17.309751476332778,2.317554235458374
A_e4791250e5fe,1990s,-12.51473609278259,-11.702195466048392,-8.000402695375048,-10.245940198763305,-2.9138646061783864,-11.365680311038023,-14.828203057750638,-22.027797939145273,-9.053657243554312,986.4675940951312,1623.046875,7277.34375,-15.771795595195094,15.771795595195094,1.3758132457733154
A_e4d630b0ff9a,1960s,-21.69283536203263,-15.181596432257106,-8.105559664495189,-5.073453880924401,-3.6071768834015883,-13.112817780735043,-19.975820871286103,-25.83705080040543,-15.524469405717339,760.3651729326152,1277.34375,4605.46875,-18.08908747094673,15.379969575067205,2.513470411300659
A_e5135bee6b12,2010s,-5.857644470275398,-4.130385076483333,-9.328859156923807,-12.521196088399694,-8.274649187745228,-18.48890110383334,-19.519431759312305,-21.350011870812544,2.4162993843859506,396.627997487454,632.8125,7060.546875,-11.951300784460932,11.951300784460932,4.357662200927734
A_e55d8ae82972,2000s,-20.27424473772376,-14.24706367036656,-12.028488762435225,-4.2093800031906285,-3.2353460652598898,-16.2621784087279,-20.076457224653,-25.64272215218091,-15.383181229649939,720.6568065206312,1025.390625,4371.09375,-14.039796875592359,14.039796875592359,4.686666965484619
A_e6064991be41,2010s,-11.217893600153129,-8.878637741323884,-8.423916154105465,-8.687349829683914,-3.5409685015302728,-14.558420555787581,-17.89313846392443,-16.533889802734002,-6.3326281954207655,810.4700615038694,855.46875,9457.03125,-9.37574578555619,9.37574578555619,3.026154041290283
A_e6c2f4a3aee7,1970s,-13.031144681357695,-3.8735421698867745,-6.266834952029157,-8.758928789570161,-8.53096169197389,-16.087358670423562,-22.884906789667397,-29.76262353065298,-2.9638611944812645,372.11877563492436,621.09375,3298.828125,-11.555946688884953,11.555946688884953,1.537579894065857
A_e6d246abdfa2,2010s,-15.23615376742606,-6.960593828816984,-6.738101436199656,-9.42576490010624,-6.198025201325326,-8.357848024297997,-13.117327839086109,-21.01722274547591,-6.522765287136181,1091.9744411363429,2478.515625,7652.34375,-7.3516743967341025,7.3516743967341025,0.5794638395309448
A_e73238e3bb33,1960s,-14.90301741306904,-5.313920394783096,-5.5219460694529685,-9.271648755148536,-6.698078833018894,-13.429023375482902,-18.616312705403512,-27.538973723998907,-6.45337607056619,532.2254020770657,978.515625,4582.03125,-8.955254244480802,8.955254244480802,0.9647336006164551
A_e7495110ade2,2010s,-11.187800573799995,-6.620806859101799,-6.229139325827269,-7.783036289766022,-5.94506067931274,-14.584452976736982,-19.721971847178587,-28.34053374741555,-4.6234668329148745,562.3606368648517,996.09375,4125.0,-10.583555248773145,10.583555248773145,1.4605673551559448
A_e74c52dd0f31,1960s,-14.20522814311373,-5.49591328676235,-8.694445143879323,-6.9355899247005475,-8.134918628091434,-11.45526254570405,-14.595447653515915,-10.837166797658046,-5.148775440639995,1384.4982758419037,3158.203125,8361.328125,-12.119707401488952,12.119707401488952,1.8994532823562622
A_e77b7a58caf7,2010s,-37.04795395529436,-8.744060113653285,-6.164951650494151,-3.619629092711964,-7.256656811891644,-27.84869873008908,-38.5237830457057,-44.48677447234779,-13.206202291975579,358.48195894493017,550.78125,1570.3125,-15.540430033378222,15.540430033378222,2.7803804874420166
A_e77f1bba646e,1980s,-18.417228552870327,-9.44093927630394,-4.061801762663458,-7.0684365245611165,-5.791955499015648,-19.63238707715218,-21.336287160202726,-29.112944743014086,-9.665411208275376,462.4950803788628,732.421875,3492.1875,-11.14608229882392,11.14608229882392,3.907830238342285
A_e7a007d58ba2,2010s,-11.325612947029907,-7.186701303938758,-7.294064340795883,-8.241243641755728,-5.619916633740845,-9.394710624106327,-20.989863816097355,-27.680933912739086,-5.08426673978506,778.4411441592324,1968.75,3949.21875,-10.604414754875817,10.604414754875817,0.7136172652244568
A_e7d47fd93737,1960s,-22.55742044666929,-12.615121445273834,-5.3276445897462885,-5.360205868088894,-5.027441236493637,-14.673204504908332,-21.884174739840518,-32.4343261991178,-12.781284664991366,587.7158093939054,837.890625,3480.46875,-16.15472990246734,16.15472990246734,3.7767574787139893
A_e7f071b9a041,2010s,-12.782266106917548,-5.896348374632692,-8.623018915533976,-7.826343848969904,-4.48031058285613,-15.848181741566755,-24.755194737800522,-26.98716001161431,-3.595508708665051,529.5378251649261,1037.109375,2988.28125,-10.898206814917867,10.898206814917867,2.9055449962615967
A_e7f8310c976a,1980s,-14.87866429626417,-6.995134577179787,-4.328714491816548,-10.237864713736924,-7.1906774969175125,-10.1356373250143,-18.81488108740299,-25.292846350861133,-7.152571102126379,672.3949780304639,1482.421875,4939.453125,-10.172895459297582,10.172895459297582,0.903072714805603
A_e82c47136a94,1970s,-25.365662705712886,-9.263208563196356,-7.374878106664097,-10.103529743344966,-3.7119193784892035,-9.03162318406997,-14.001166900637415,-21.110298863004445,-10.015324577284108,1216.5981552370986,2208.984375,7365.234375,-17.840563024470807,17.034814706938263,1.7230595350265503
A_e83edfce0bd0,1960s,-9.9164991731427,-6.526103126073155,-9.09817927156646,-8.775450832264799,-4.408249240635343,-13.315057843585379,-20.172689492856833,-28.976165037153624,-3.724514894023134,665.0613427539702,1242.1875,4183.59375,-12.388625111508524,12.388625111508524,1.206426978111267
A_e8a517fa29a6,1960s,-17.23829049645976,-7.781971356838041,-9.05274240749071,-11.36832667212525,-3.712641721023929,-8.366511255004816,-13.418703990570114,-32.205311093199654,-9.324289273137344,1183.9605263442154,2402.34375,5718.75,-18.938742185466232,18.87889521021875,3.462369203567505
A_e91603efccdd,1960s,-27.540596014939567,-3.464374591945711,-3.9741519020796057,-16.81496444428255,-11.115128372156363,-13.544758808309474,-24.058018403505645,-29.67696264630685,-8.526877699405528,357.39182386663646,234.375,3193.359375,-18.130857142956863,15.367254752542635,3.940483808517456
A_ea065c4b2fe0,1990s,-16.97975312703011,-5.838559613416949,-5.444675320320264,-8.282504632975709,-6.450060491827626,-13.645339564822025,-18.398167082404512,-29.307360081619688,-7.491926005689653,576.4744515147211,1095.703125,4957.03125,-8.709066978310226,8.709066978310226,0.6760693788528442
A_ea11052083bd,1970s,-23.58388381722279,-5.326280100435969,-9.26437587846711,-10.27860738896244,-4.107927105487571,-10.267827055412045,-22.00185742182621,-28.62462311951169,-7.135245009206375,850.9303926956039,1675.78125,3925.78125,-14.059965186496663,14.059965186496663,1.826167106628418
A_ea378f9fc341,1980s,-14.970036144523615,-2.8005643698872715,-4.8521388731929935,-12.765095748167221,-16.70161236184271,-18.754352031209397,-15.844472711181606,-25.838540327170772,-1.9097893985587764,357.92357106240416,169.921875,6984.375,-11.613558299615459,11.613558299615459,1.4233205318450928
A_eac8ebed15ea,1960s,-16.255789909041592,-4.875936751386789,-10.07207657695398,-8.411540068645394,-5.007815141051859,-11.62131989543975,-16.5652858917252,-27.316122252506617,-3.4249961296689833,704.8871621809743,1195.3125,5261.71875,-17.965451061255123,16.103980666544345,1.459526538848877
A_eae5865803a7,2000s,-13.593788422595765,-7.391030462439282,-6.78012336732769,-8.727975498755185,-5.144963406035118,-10.154635915174943,-16.53062261187912,-22.64181636675493,-7.869444490686038,855.7435044567173,1623.046875,6404.296875,-10.362738017753994,10.362738017753994,3.0052170753479004
A_eb2d122fe394,2010s,-12.386994241630813,-6.730192750196148,-4.214422369728849,-7.933667479909524,-8.099787905591715,-17.26681809491255,-18.9583601111191,-24.2626871821075,-6.598363838776923,439.3960425344635,656.25,5613.28125,-13.133176790655249,13.133176790655249,1.3458728790283203
A_eb4f2f16316d,1980s,-12.699628714681735,-9.944579530252163,-8.742886013504169,-8.559888071577516,-3.0225086152332086,-11.764385060205258,-22.10649628889272,-31.241820923680713,-8.300020724027457,852.9943279532649,1623.046875,3691.40625,-17.323895369516308,17.323895369516308,2.9436278343200684
A_eb548a7aa047,1990s,-31.489324663237838,-13.737437391288994,-5.651935003705756,-4.251526763499578,-5.8357217425425425,-15.415766275151007,-18.346252817177295,-23.09638939533409,-16.992829020133364,650.6149100459027,937.5,6439.453125,-22.260198182563627,18.141673676431534,2.9306728839874268
A_ebe4d52437d0,2010s,-36.576167857315106,-32.95346776275739,-8.81653702481276,-2.615966224814599,-5.112479178560477,-19.20408678172572,-35.961633959554945,-47.70818808952963,-33.88022396413157,497.13672129012167,750.0,2232.421875,-16.362659292740094,14.513988087842126,3.082305669784546
A_ec045a185aa2,1970s,-21.280894956476224,-8.018238108505134,-6.693130854388505,-8.306328778241005,-4.628666754150355,-9.596093768457225,-18.619547399152022,-23.049576665669793,-8.189919666056213,833.1312678042773,1822.265625,5958.984375,-9.95887191858175,9.958871918581748,0.6599830389022827
A_ecba6ec8397f,2000s,-11.489734877183817,-7.404809688790146,-8.530763745400554,-7.844512013866235,-4.569100370186935,-13.55329782965173,-14.966004221451056,-17.560074371177524,-5.968002062383221,864.2562634243144,1113.28125,8988.28125,-9.540548020751018,9.54054802075102,1.3449345827102661
A_ecd14f2fda7d,1980s,-16.74290498822106,-10.63653458644621,-7.2708740505682865,-7.98266585029605,-4.894013823015918,-7.15526247821588,-15.65516453277665,-26.72640851469434,-9.74620517613877,1107.8653823952955,2337.890625,5542.96875,-7.5378315393007735,7.5378315393007735,0.9611536860466003
A_ece2bd3347a3,2000s,-10.734027649382984,-9.222834103623272,-6.597819502373696,-10.216324874284574,-5.271646929701936,-9.012346185061773,-12.880771785950401,-21.065406602913306,-6.74728114287905,1103.8621194873303,2355.46875,7611.328125,-8.001533335698772,8.001533335698772,0.6859797835350037
A_ed831bdcca3f,2000s,-30.303697295879314,-11.133238286828597,-17.59324588420649,-6.451414376122415,-1.9089138972297928,-15.402213680432437,-23.2820483037159,-34.131766987832506,-10.932822520650616,747.7320616739771,955.078125,3597.65625,-12.548167345734447,12.548167345734447,3.6448795795440674
A_eda523980775,1980s,-19.715332732417604,-5.153951002595437,-8.031850668634581,-9.588505663246968,-5.203038625931832,-9.970553743505274,-18.692683159105403,-30.644960838208025,-4.432516453450027,779.2179393966906,1775.390625,4605.46875,-14.067868336173255,14.067868336173255,1.3604795932769775
A_edd613c93d12,1970s,-38.360781242456014,-10.542379713091925,-3.8945193685689254,-5.743325165952198,-6.516470727328336,-19.686245192960897,-24.75692870054363,-40.002938510883936,-10.624117285370815,424.3695105625279,755.859375,2607.421875,-17.65920527066983,17.658940194309448,2.620781183242798
A_edd8ac3ca50a,1960s,-27.769295442449305,-8.794575962991326,-7.887127796160197,-4.530112924434589,-5.191894700847721,-18.549352406099125,-15.937564438293016,-20.312111968602892,-9.617660988169778,752.6569105602799,1212.890625,7781.25,-16.261519804264346,15.627974514676202,2.065387487411499
A_ee2d504f8ed1,2000s,-38.15272670468968,-37.77412008387768,-14.346759660511317,-8.05592077203002,-6.285729406024547,-8.571386382669802,-3.9842155393527783,-14.846616153346057,-36.362036644328484,3417.469756693805,6720.703125,10394.53125,-17.98130398319168,17.98130398319168,4.325144290924072
A_ee8e6e2427ee,1980s,-15.705084782727052,-12.246618672050769,-4.768843721219727,-5.133296210265511,-9.876858983196493,-9.463305407485676,-13.590871505830862,-18.68206209799923,-11.45749741149385,969.6213044802513,2138.671875,8683.59375,-18.855496775350314,17.476620087134766,4.987555027008057
A_eee50d2ffebf,1970s,-12.404575717935046,-10.740736933853814,-10.504637474221198,-9.45029857793369,-3.048482149223504,-9.07465404198696,-14.939405969589439,-23.729751975406217,-8.69111841529083,1138.081820165814,2039.0625,6427.734375,-10.646051859402359,10.646051859402359,1.8522874116897583
A_ef5ff3ff7ddc,1970s,-37.38145045640033,-21.576499992679295,-10.966524932429426,-3.6488284483598172,-3.711561294489302,-13.777651886788892,-19.849316022173056,-24.586891823434364,-24.849966572706744,738.9105731698248,925.78125,4623.046875,-13.262450930458083,13.262450930458083,3.3655736446380615
A_ef7b722091ce,1980s,-15.879934789338828,-8.114393737031468,-5.798543616745744,-10.527943266218738,-8.162932750046672,-7.6359579811264835,-8.864562878422706,-18.775185105760034,-9.584465303793753,1578.7007989592407,3902.34375,8636.71875,-12.594675434077011,12.594675434077011,0.8825392127037048
A_ef8e9cb7462b,1960s,-13.594889620316344,-4.205606583132936,-14.200015062792556,-6.652960187356914,-5.559938529920547,-14.427314197460095,-21.895448737800116,-27.130857252494952,-2.232755351932077,538.1019152883961,1001.953125,3673.828125,-15.14617341457904,15.14617341457904,2.6224825382232666
A_efcc06cb3652,1960s,-22.118491384901432,-6.976368801691689,-10.872690524387314,-8.724005001215776,-4.531883772452822,-6.744371677199293,-19.103252148547256,-29.34675888506941,-6.6383995153418605,1141.442661862003,2373.046875,4183.59375,-15.66094438079924,13.51878050469798,1.579820990562439
A_efe20efce1ba,1990s,-9.28605490137618,-5.630124851619658,-7.370485283673302,-7.93569229617146,-6.562592862866081,-15.294792113647679,-19.11385790756648,-26.842408450750902,-3.075124293462268,498.62106462933366,878.90625,4763.671875,-15.565551275689941,15.565551275689941,2.529216766357422
A_eff6e8008a15,1960s,-24.7037439749932,-5.7082125660530005,-6.604994783518686,-6.244974320659537,-6.738853301789135,-13.592908405470531,-18.468598013069215,-26.595578878338895,-5.947428735144635,593.3462076757622,1171.875,5285.15625,-13.929989797104767,13.929989797104767,2.43475341796875
A_f033710d0c21,2000s,-9.517889563157647,-4.680204735374074,-6.59839932206263,-11.601592886762104,-7.470900184154887,-11.377665643712369,-21.035305848625775,-38.75965376517002,-3.5612993876264607,517.6715299196765,1042.96875,3779.296875,-8.147466942808624,8.147466942808624,0.7755650281906128
A_f05aa2e0ffc6,1990s,-27.67914872643418,-8.767054548555539,-10.344905492135767,-6.3067002634771026,-3.184233011306716,-13.002644073625733,-21.004276022938527,-31.920863024153952,-8.608571880664893,707.8956774101068,1083.984375,3832.03125,-16.77536841931657,16.775103342956193,1.7868149280548096
A_f0920b23a288,1990s,-13.528837418358869,-8.487332413350721,-6.292472082157838,-5.0084876427828116,-6.211312486064288,-17.486118187287506,-22.937046420507844,-28.73897277840132,-6.7910003922175575,492.748950089687,738.28125,2982.421875,-13.204762370442895,12.88593127937055,2.3689866065979004
A_f0ad6da3730e,1990s,-15.969936105591056,-7.204014370511908,-8.408353534275811,-5.696948056334476,-6.41861689043055,-12.498655198084547,-12.242258142471956,-15.735445300515408,-6.4305679130581685,1143.0386212208696,1921.875,9462.890625,-10.177313963967126,10.177313963967126,1.9070006608963013
A_f0aefb59d0ff,1980s,-9.665211990891061,-6.915113691004391,-9.621007572610763,-12.423619822891357,-4.879764950892004,-8.369213754807605,-13.226742167040491,-24.061854484285774,-3.9472781345157055,1112.010228002424,2320.3125,6697.265625,-10.9205621068424,10.9205621068424,1.0051159858703613
A_f0dc3a60fa7b,2010s,-16.021275201087366,-6.497120144122956,-6.700565382234091,-7.329898734759224,-6.325065971379285,-11.448692667726286,-14.202707046285338,-20.186961650078533,-5.969868879725953,835.4359021327173,1359.375,7916.015625,-7.314566789423111,7.314566789423111,1.0477045774459839
A_f0e9c5500410,1990s,-9.68791709300001,-8.83308471686324,-7.210209145109338,-6.839260557466624,-6.514190015076071,-10.963571834853923,-12.824127790432682,-20.389348374312192,-5.611777384341469,938.2133556401582,1828.125,7828.125,-10.283891716737246,10.283891716737244,1.9667099714279175
A_f14717b524f7,2010s,-32.50025641675595,-13.39358817266474,-2.389970171104528,-4.573452302539826,-16.43440526410658,-26.02149963920548,-26.323764310537747,-33.286900634386186,-13.781170762521992,254.86186700387614,263.671875,1048.828125,-11.164286314311727,11.164286314311727,4.389599800109863
A_f19b47be1327,1960s,-15.926694074713142,-4.396617579341679,-3.8942661610560148,-8.913434141825547,-12.282172534280651,-19.779956403227978,-23.59054992785495,-31.38923182453313,-3.2661353112536777,263.32528934653135,292.96875,2595.703125,-12.361100266269121,12.361100266269121,2.634796619415283
A_f1eadced48a5,1980s,-14.834385601365266,-7.813314898190437,-7.091636468547735,-6.192741579389071,-4.751753072814121,-17.337589710605638,-19.333795289160246,-29.5706169242479,-6.9038430662243115,570.358075910139,902.34375,4927.734375,-14.372137004022463,14.372137004022463,2.4444241523742676
A_f22fcb5d4f49,1990s,-20.476464332591267,-7.884797827565038,-6.538915187631921,-8.976902815911407,-5.19776186098918,-8.8405630961985,-13.585491229413035,-24.8125931290882,-8.188278938251436,1069.3721925065872,2320.3125,6392.578125,-18.20314870588684,18.20314870588684,2.641151189804077
A_f28e8cacfe24,1960s,-23.78277625405923,-4.620605345980961,-10.830712862670007,-8.04908248128518,-5.0672520746606935,-10.291353596249802,-22.11262735499667,-34.06163085031145,-4.188174840868875,732.9870898349388,1587.890625,3615.234375,-12.423346607333553,12.423346607333553,1.6643599271774292
A_f2c902505fb1,1970s,-18.21532031049102,-13.134238279370742,-10.912011859164132,-4.937999271562612,-3.761091328254752,-10.454906062703921,-16.439751299907517,-29.527662643368654,-13.47284656156831,981.8935349714925,1769.53125,5361.328125,-15.68525535298308,15.68525535298308,2.0353589057922363
A_f2fc1719493c,1980s,-12.364469586096199,-9.726794399226936,-7.419638305950994,-7.938904012065198,-4.024032400168036,-12.084583757537576,-15.217176509793708,-22.413051279380866,-7.858747540791641,856.0103770113125,1371.09375,6544.921875,-14.870840863900142,14.870840863900138,1.5092332363128662
A_f3148908966b,1960s,-28.354325138118604,-11.628464269354264,-8.378919008571845,-8.621210876885332,-5.546770858672938,-6.331434850223787,-8.85154728090907,-22.697813015219253,-17.049837155945504,1838.786117570054,3779.296875,7476.5625,-9.235556678104398,9.235556678104398,2.223349094390869
A_f3701a0cfe9c,1980s,-29.19542742447279,-11.673453843885643,-3.467466861017379,-4.944129403254981,-12.321580943280706,-12.472422509533947,-13.456829685880045,-39.599275397048224,-12.365993841587004,629.0185085111663,527.34375,4787.109375,-23.301562972114,17.444292740727434,3.191983938217163
A_f38dc2046ca3,1970s,-13.84230315272077,-5.3503685219686306,-6.287728591811771,-7.269080674790697,-6.700222095633253,-15.61266157719901,-25.076111486462878,-47.18013399576957,-3.920341081165545,408.2234678685192,697.265625,3175.78125,-17.9939223241393,17.573581599472917,2.2750184535980225
A_f3c48498ca32,1960s,-24.417182751592364,-10.81684748362845,-6.80159082925808,-8.021677671506017,-3.747744261286417,-11.112773148552083,-13.598628001661003,-23.98119305495537,-13.825424354242795,1012.4835516717387,1763.671875,6931.640625,-12.814844866243382,12.814844866243382,3.821016788482666
A_f3ca8a6a497f,2010s,-15.263007633507845,-6.425923031167563,-6.045077679782253,-10.935442518018375,-5.719093387652293,-9.767249153883807,-14.460852192186437,-23.964530819454616,-6.272511834312758,933.1823406225275,1968.75,6533.203125,-6.7581283442009035,6.7581283442009035,0.8156911730766296
A_f4cefe8d6a1c,1970s,-28.803508817397145,-12.397503000463017,-9.47080201870772,-11.671911945598188,-2.6818727203876938,-6.613849942178374,-25.789685528995957,-39.7525472219681,-17.305660413781755,1347.6014373978783,2437.5,3410.15625,-13.849656740019627,13.849656740019626,2.039224624633789
A_f4d725d6c8db,2000s,-8.724249101140751,-3.7606137864546825,-8.17864880988161,-9.18894608682337,-8.056932178981079,-18.66659647810812,-26.685430927749813,-34.10511947908419,0.22571655807298183,289.4804211356582,550.78125,2724.609375,-14.919238065886942,14.918972989526562,1.4316284656524658
A_f4deec7360e9,1990s,-21.85785233902248,-10.151906732211199,-9.7190996293206,-6.649799020518112,-4.832243081751219,-8.718394004528362,-10.224551863773142,-17.962778722816,-11.678433794223373,1580.6113784884656,3140.625,8595.703125,-17.370591600632988,15.617155645922091,0.9688283801078796
A_f575a7fb3ad7,1970s,-17.18716968406842,-6.478819830044838,-6.235367611831939,-9.70304882673372,-5.138131797387604,-11.545772106761184,-15.193408943463908,-23.683213632455853,-6.660659755615141,795.0782795592988,1406.25,6919.921875,-14.171247233773492,14.171247233773492,1.6294808387756348
A_f5c414da4149,2000s,-14.012876880824956,-10.157893603773413,-8.102047196817141,-8.488829644887243,-4.282102607703747,-7.4809093958944715,-19.11243465982334,-24.55574770231497,-8.739436296475677,1069.9801891553896,2203.125,5080.078125,-11.374558601880578,11.374558601880576,1.261100172996521
A_f5da4927f5e9,1960s,-20.402968330322597,-6.878798529443927,-5.24078559030127,-4.814088232598051,-8.232012758500675,-23.778553639880023,-27.738352595044393,-34.377811952151156,-6.044736930616688,320.75658998172827,527.34375,1646.484375,-9.440870383103007,9.440870383103007,1.8787959814071655
A_f5e4cf0297ea,1990s,-17.391811048839287,-6.8294694743768645,-4.554613523466698,-8.223475890545286,-7.328000721963596,-11.66964194749653,-17.714522615566455,-24.79900777830511,-6.524364699444147,638.0872277282765,1236.328125,6169.921875,-14.413936870733862,14.413936870733862,1.2839610576629639
A_f618632400eb,1970s,-14.473530741199795,-9.090175529826407,-6.3628923838329685,-8.042662740430316,-3.8186665263135,-15.500817843229676,-20.452416243335655,-31.350047120282795,-8.223489646878253,661.413918753683,1160.15625,3960.9375,-14.2909354653486,14.2909354653486,2.6312296390533447
A_f6a326689c66,1990s,-18.826458084079583,-6.513939737634201,-5.122070270388971,-6.536954130821987,-6.675807671604499,-19.383715079645743,-22.461775462708164,-26.744490615009504,-6.365100594476317,420.5812928905429,656.25,3093.75,-13.429465550465293,13.429465550465295,2.226555109024048
A_f6d76f8e0949,1970s,-8.242077663955525,-4.310996315937238,-8.076746101626425,-13.119573012135863,-8.953816217306025,-8.472709377233086,-23.13914378175889,-30.968262623447686,-0.10835388047666787,645.2588910126432,1968.75,3755.859375,-10.986002621924415,10.986002621924415,1.2584099769592285
A_f6ece4cdfa2a,1970s,-15.43371907605583,-9.205166231291392,-6.943422887373965,-7.058602702381455,-4.458182181494003,-12.288979729178058,-16.76924237554087,-18.5439958229561,-8.776986810359954,895.1231141330147,1582.03125,8431.640625,-14.149482679416732,14.149482679416732,1.1809041500091553
A_f78ac21ac06d,2010s,-6.922305046645541,-3.7630127953748493,-8.489309032542042,-11.486820305030088,-8.631075409519939,-17.221897627061892,-21.365899006357402,-32.91455448720632,0.5796392451331567,319.33357279437416,521.484375,3761.71875,-10.821560020057824,10.821560020057824,2.795753240585327
A_f7d1ebb04f85,1970s,-17.413590312855387,-3.403709182074608,-6.754058687877341,-9.34270314064566,-7.780687725752462,-16.24894831400888,-22.168832043171495,-29.268327023868657,-0.7388759160875203,392.0788877796488,826.171875,3550.78125,-12.320933920825174,12.320933920825176,2.1937835216522217
A_f7d3f850bf52,1960s,-25.28558217245427,-11.896034831225142,-10.346258288468501,-12.121407683660184,-8.037856111234326,-4.17646364837843,-7.113801510680928,-13.469206223357144,-12.7828101859188,2930.9226503635346,5197.265625,9363.28125,-17.188232126741877,17.188232126741877,1.5354690551757812
A_f7f29e9f92b2,1990s,-8.992969610557202,-8.915496606802343,-7.4179595708428945,-5.495958708444518,-7.293504907998685,-11.928455725477992,-16.373311240676742,-20.68723001974672,-5.377958009136061,725.4189465658552,1248.046875,7617.1875,-8.245324630562646,8.245324630562646,1.1659220457077026
A_f8089df70339,2000s,-35.48479119198873,-16.528682026849634,-8.76586252662429,-3.584571084772848,-4.3243276491097955,-15.459116571940232,-20.734211185182602,-37.275727043670656,-21.117372814197303,639.3518405550896,1066.40625,3755.859375,-13.152458919456937,13.152458919456937,3.1396799087524414
A_f84d52d3581c,1970s,-21.513229472834574,-7.383966224058636,-5.716577223229679,-7.893318345051513,-6.320362484841732,-8.618545192967343,-20.477536915664633,-53.16058762439364,-7.310219338874485,822.8564447405669,1992.1875,3984.375,-17.676632926655827,15.793788547528466,0.9794358015060425
A_f887ac51b14e,1990s,-8.87444175318208,-4.663668929385062,-7.979177384444297,-11.201909618875266,-9.975955135672484,-10.064460242779361,-11.685658989185168,-15.729264934512857,-1.5849851205788954,1126.2495138450413,2800.78125,9468.75,-15.83383504493036,15.83383504493036,1.0456994771957397
A_f89e82002965,1970s,-20.67321687408902,-7.530894279455937,-6.2201382949875175,-7.372891774173773,-4.460205500063301,-15.867980570491447,-21.180053372657564,-28.566275117737085,-9.170885899373992,580.8571319863441,1078.125,3714.84375,-13.41119821774013,13.41119821774013,2.1912899017333984
A_f93bd0c9779d,2010s,-8.976469236273124,-8.371749794034857,-8.916334069727327,-8.473553542150013,-3.8438491581022456,-14.627359897969987,-21.181611933481534,-25.649871528911277,-4.876988970971917,622.2551621146569,1089.84375,4101.5625,-9.260778307318384,9.260778307318382,1.8135570287704468
A_f966b42c6685,2010s,-7.65679359435202,-7.07695340491283,-7.518935922378659,-7.645238401743803,-5.986144499164379,-17.674422892262918,-19.086042526321787,-26.977221731927756,-3.433578105084487,483.33573568597507,814.453125,5296.875,-10.041215245757538,10.041215245757538,1.2859588861465454
A_f9695c47e975,1960s,-18.080113013991994,-5.892064431859869,-12.2561742367827,-9.336965535687588,-3.8634768938526736,-10.490683292030203,-14.071180888014844,-19.335001793767876,-5.398173798719266,1068.1677081353596,1886.71875,8349.609375,-7.430958600551696,7.430958600551696,1.4507099390029907
A_f9755779c40f,1960s,-21.16412324575533,-9.26296934873536,-5.9715363410061775,-9.164861842447195,-5.330493217235985,-8.667398122794026,-11.894233684843043,-22.081776338476686,-9.51064605831435,1201.3744062624287,2648.4375,7318.359375,-11.617991113000565,11.617991113000565,1.4825786352157593
A_f983a5faa2a9,1960s,-20.594328530025905,-9.113366247708376,-6.142423505494142,-5.959139369091214,-5.4351105089653124,-10.92949663919109,-22.910738259666577,-42.79423784058568,-8.995414239796496,638.7502069860564,1248.046875,3708.984375,-13.823626819887227,13.823626819887227,3.3687150478363037
A_f9a9a69e2ddd,1970s,-12.42528262563293,-9.5139276470946,-3.802235221875605,-6.462364984373231,-8.061640285173503,-17.56130050580068,-18.719433737872816,-29.019619042264836,-8.425867716859468,445.41388574741535,568.359375,5068.359375,-16.84743789018545,16.760859321998566,1.4689491987228394
A_fa863129fc07,1970s,-15.78262407023914,-8.234176857272162,-4.764839828462582,-6.444319820580575,-6.162206054509926,-17.943491061865405,-24.417415947237366,-29.260005107753265,-9.099306211758126,458.90897866292477,861.328125,2789.0625,-12.048635352710662,12.048635352710662,1.62363862991333
A_fa8e4ffa4b1f,1990s,-12.539443132509492,-5.355811910141016,-5.3077972033222895,-10.740594565024821,-7.185771972914061,-12.683018418987421,-16.501290746523733,-21.842422899489875,-5.379040928472294,651.1775692422032,1160.15625,7119.140625,-11.224679110860636,11.224679110860636,1.2810323238372803
A_fab351e03a54,1990s,-9.327789962901221,-7.460369427919632,-9.61477770234503,-8.355326291496961,-6.479943593314297,-7.204603531363867,-15.190849324005507,-25.26971568484501,-4.831030788183959,954.7942819912945,2396.484375,5707.03125,-14.319600271369337,14.202446996791732,0.8073562383651733
A_facc2b66df83,1990s,-16.159387491628337,-6.819944988857114,-9.304576376577137,-6.21407415658187,-4.385760593188816,-14.727489458358544,-19.81384728580282,-25.284541765850438,-6.397394683260572,608.8914167176433,849.609375,5162.109375,-10.659483139297965,10.659483139297965,2.414036989212036
A_fae70616a0c2,1960s,-28.26926146692618,-12.853905638679802,-5.223870436472699,-6.358749905973784,-4.318892305580574,-14.25122249592179,-22.39375814177588,-27.433084541141778,-13.50651296626605,631.1817263170523,990.234375,3644.53125,-15.730000460517905,15.730000460517905,4.770030975341797
A_faf92ffbaf47,1960s,-11.009890497088534,-5.081264798852305,-6.895603583915607,-11.028506492006066,-6.335880341490644,-11.431769116081185,-16.785634650900814,-27.653230195260498,-3.621499694472548,677.6008338781496,1394.53125,5800.78125,-12.069501419765157,12.069501419765157,4.069183826446533
A_fb8a02051a04,1970s,-19.144557808250248,-11.790354001186916,-9.544389474605872,-7.052139702153481,-4.888587424073797,-7.528679616864984,-10.519097538323564,-16.277554889327984,-11.44206867028129,1672.5797585419596,3345.703125,9392.578125,-20.37620202770652,17.244167130433766,0.8303501009941101
A_fbaa59f2add6,1980s,-13.649497635452793,-7.495377456998544,-7.955359608836469,-8.958102874154497,-4.048660110827262,-12.349480366218149,-14.673507741008788,-22.51389524604444,-6.28773960309225,872.6070708842931,1429.6875,7031.25,-15.55086266891016,15.55059759254978,1.6054936647415161
A_fbd2e3aac7aa,1990s,-11.361614175808874,-9.210864153536487,-12.712965926164628,-11.663982817339818,-5.631994403299078,-5.855973305335704,-8.892007169036884,-16.3543840341831,-7.352135851189661,2046.9634825949793,4031.25,9216.796875,-10.925942506106603,10.925942506106601,0.7532038688659668
A_fbddefc36949,2000s,-39.19111977176791,-36.454755659395836,-17.279234351882803,-5.347155682238637,-1.9578720693051905,-20.994014194562176,-19.456596113466574,-14.865892343829172,-36.235001726488946,1096.8541513381947,1230.46875,9990.234375,-21.114526771262373,20.668552427981734,9.592512130737305
A_fdc4acb82839,1980s,-8.475395429292584,-7.518784238813135,-6.504312257791724,-11.941237155212514,-4.919378172690994,-13.312101587917958,-16.804974330452517,-24.42188151424451,-4.045220829608994,682.3524017832837,1207.03125,6099.609375,-13.977139068835713,13.977139068835713,2.978163957595825
A_fe188e8f61d3,2010s,-18.156901769519735,-14.07853959664758,-5.118439740270063,-9.391087253720912,-5.931746680995373,-7.5410685984769765,-11.966119547400753,-15.538821633321412,-13.011854946158799,1468.0382611339578,3339.84375,10130.859375,-9.808644850615678,9.80864485061568,0.6896344423294067
A_feace0c2d391,2010s,-11.924262725938213,-4.4078353152294785,-5.3564920916324,-6.435978226519316,-12.662582977557935,-32.506233865676094,-39.417858056754405,-46.352513520437924,-1.7768424851408713,221.5849643273557,316.40625,1236.328125,-17.53532127722042,13.910570765889581,2.059621572494507
A_febd1705a2a1,2010s,-16.362377123329765,-9.002471954618409,-8.322197384789312,-10.050881905585422,-3.6247121926282597,-9.0674674385578,-13.963643215403103,-21.58471126377275,-9.094605287989943,1166.7552517526049,2214.84375,7236.328125,-19.943961796154614,19.943961796154614,4.821005821228027
A_ff26ac64ea88,1960s,-22.657182883418745,-9.445934678680866,-10.235757398641548,-9.14097255103121,-2.7578301178050264,-10.10620447888341,-14.476808671315426,-29.21709855886107,-10.176488206479643,1127.8036747019412,1880.859375,6035.15625,-14.181835346320032,14.181835346320032,1.274323582649231
A_ff8c9cf9b8c1,2010s,-4.405258008419278,-7.1339897627880955,-7.204389003647382,-10.315070208836772,-9.00528991738771,-16.724360012148637,-20.344347380177275,-23.661226918007415,0.386606802921583,371.8546603796025,521.484375,5777.34375,-9.858027855906533,9.858027855906531,7.947804927825928
A_ffafafcde481,1990s,-21.926109710157146,-20.036702907666616,-10.443513756055282,-5.126157194417972,-3.1523465925444256,-10.03775680727652,-25.088884509092097,-42.43557270594157,-20.002130548982812,848.719773916317,1623.046875,3310.546875,-11.191307745074477,11.191307745074477,1.3503458499908447
